slug,earning_after_first_date
porunov/acme_client,
tobimensch/aqemu,
Vexiux/bastionbot,148.45000000000002
clojure-emacs/cider,818.9
mahmoud/awesome-python-applications,
uraimo/awesome-software-patreons,2656.39
NaturalIntelligence/imglab,
VarCI/inspiring-github-templates,1904.52
joshtronic/donate,4037.02
bbatsov/projectile,818.9
tareefdev/lets-support-emacs,
rubocop-hq/rubocop,818.9
droboports/openssh,166.17000000000002
droboports/sudo,166.17000000000002
droboports/coreutils,166.17000000000002
droboports/imagemagick,166.17000000000002
droboports/crond,166.17000000000002
droboports/e2fsprogs,166.17000000000002
droboports/mongoose,166.17000000000002
droboports/fsx,166.17000000000002
droboports/fuse,166.17000000000002
BeRo1985/besen,
EtchDroid/EtchDroid,
WebReflection/donate,197.45000000000002
GameServerManagers/LinuxGSM,183.03
GameServerManagers/LinuxGSM-Docs,183.03
felixkoch/TheDialer,
mchiasson/gal,
mchiasson/gal-examples,
nextcloud/passman,
phayes/sidefuzz,
phayes/permbits,
phayes/tallystick,
phayes/fdh-rs,
phayes/rsa-fdh,
phayes/benaloh-challenge,
zemd/sylius-bootstrap-docker,
zapalm/prestashop-password-recovery-tool,
zapalm/homecategoriez,
zapalm/prestashopHelpers,
zapalm/autoIndexer,
bevry/feedr,191.67
bevry/kava,191.67
balupton/website,191.67
docpad/docpad-plugin-feedr,191.67
docpad/website,191.67
docpad/docpad-plugin-consolidate,191.67
bevry/website,191.67
bevry/hooks,191.67
bevry/jordanbpeterson.community,191.67
bevry/eslint-config-bevry,191.67
bevry/daet,191.67
docpad/docpad-plugin-assets,191.67
bevry/billing,191.67
bevry/valid-directory,191.67
bevry/meet,191.67
bevry/memo,191.67
bevry/githubauthquerystring,191.67
bevry/start-of-week,191.67
bevry/pluginloader,191.67
bevry/native-promise-pool,191.67
FGRibreau/jq.node,
FGRibreau/stripe-update-card,
FGRibreau/rss-to-lametric,
LuisAlejandro/dockershelf,
pasupulaphani/node-cache-redis,
pasupulaphani/node-redis-connection-pool,
pasupulaphani/spacy-nlp-node-native,
pasupulaphani/node-redis-store,
zemd/symfony-menu,
zemd/micro,
Torann/laravel-currency,
Torann/json-ld,
Torann/laravel-repository,
Torann/laravel-asana,
Torann/laravel-cloudsearch,
Torann/mediasort,
Torann/device-view,
Torann/localization-helpers,
Torann/laravel-moderate,
Torann/meta-tags,
Torann/api-client,
Torann/laravel-hunt,
Torann/address-format,
Torann/database-backup,
Torann/localization,
Torann/embedder,
chrishannah/CH-Uploads,
chrishannah/WeatherByEmoji,
WohlSoft/PGE-Project,103.89999999999999
Adonai/Man-Man,
adnanh/webhook,
allista/hangar,267.14
baedert/corebird,776.26
bk138/Multicast-Client-Server-Example,
JacobEvelyn/friends,
jprjr/multistreamer,
FreezingMoon/AncientBeast-Website,45.61
phingofficial/phing,
endes123321/nagora,352.33
TYPO3-extensions/gridelements,
rocket-league-replays/rocket-league-replays,
CorporateEntity/Contraceptive,153.64
RHE24/ArmA_Anti-PvP,
MickMake/Project-LoRaSMS,3569.48
MickMake/Project-mmClock,3569.48
MickMake/ATtiny416-I2Clib,3569.48
RodrigoMoOr/TaskDaily,
TurtleP/Turtle-Tale,23.07
WorldBrain/Legacy-Research-Engine,370.20000000000005
adangert/SpyTag-Wifi-game,
alswnet/ProyectoStreaming,
alswnet/NocheProgramacion,
anacierdem/LIME,
anacierdem/svg-wrapper,
devmatcha/aoba,
villares/py.processing-play,28.040000000000003
arteprog/Processando-Processing,28.040000000000003
villares/processing-play,28.040000000000003
villares/p5js-play,28.040000000000003
SleepyBandit/RedditRecap,42.78
SleepyBandit/TodayInHistory,42.78
elegant-talk/foreach-elegant,191.67
hayate891/isleward,470.57
BigBlueHat/markdown.pdf,7.41
brussell98/Mirai,820.94
brussell98/Ayaka,820.94
Cheeseness/tiny-chopper-raceway,1384.2600000000002
Cheeseness/robins-rescue,1384.2600000000002
electricessence/TypeScript.NET,
electricessence/TypeScript.NET-Core,
CodingTrain/website,11815.13
dantarion/umvc3.js,
emmawinston/tell-me-i-can-fix-this-on-my-own,368.68
RenderedPix/dynocc-docs,283.36999999999995
fluffy-critter/Refactor-Game,238.22
fluffy-critter/ggj2018-music,238.22
gecko0307/dlib,56.81
gecko0307/dagon,56.81
gibbed/DemonsSoulsDebug,1123.38
gibbed/Gibbed.Yakuza0,1123.38
McGRiMTV/GRiM,
analistasan/MaterialStyledDialogs-master,
venliong/gorm-doc,73.47
BowlerHatLLC/vscode-as3mxml,16339.979999999998
BowlerHatLLC/asconfigc,16339.979999999998
Lykit01/learn-from-kidscancode,612.4200000000001
kuletxcore/Neptunia_BR,
Lexas/Crystal-fs,
libgdx/libgdx,2001.8300000000004
ihorner/axehand,117284.90000000001
lstep/2fanginx,
martincarrera/clashapi,
mattbornski/Arduino-Watchdog-Circuit,
mattbornski/NeedMorseCowbell,
mattbornski/quick-and-dirty-proxy,
mattbornski/techshop-google-calendar,
Maxlab/stacker,
underscoreio/scala-with-cats,17004.57
Rinxin/MPMB_modified,30322.63
mustafakhaleddev/laravel-atomic,
ncase/door,11114.91
ncase/matrix,11114.91
ncase/attractors,11114.91
Patreon/patreon-ruby,
owlboy/greatpug-public,
CITGuru/express-ip,
spale75/piranhaUI,
JSwift34/igoschool_button_automation,
pretzelhands/tempura,
metafetish/metafetish-typescript-project-template,1929.26
R3DST0RM/MediaDownloader2,
artificery/kilvin,
crazyjingling/relax-admin,
ilovefuud/ProtocolSupport,
snwh/paper-icon-theme,962.16
snwh/moka-icon-theme,962.16
snwh/faba-icon-theme,962.16
pop-os/icon-theme,962.16
W3bSafe-Team/Wemos_esp8266_deauther,541.67
suisea/NaNoGenMo-2k15,2749.48
superblaubeere27/obfuscator,6.49
summerblue/laravel-tutorial-sample,20561.079999999998
fsvwd/vuebnb,20561.079999999998
Hardeepcoder/larashop55,20561.079999999998
vincentchacha/e-wallet,20561.079999999998
spatie/medialibrary-demo-laracon,20561.079999999998
spatie/radiorarefish.be,20561.079999999998
purjayadi/spavuejs,20561.079999999998
hpbyte/edms,20561.079999999998
avosalmon/laravel-vue-scrum,20561.079999999998
rimorsoft/Componentes-VUEjs-en-Laravel-5.5,20561.079999999998
p-jacobo2012240/Laravel-5-6-MsM-App,20561.079999999998
dyktek/project-crm,20561.079999999998
vanliem/forum,20561.079999999998
darkwebside/vuebnb,20561.079999999998
weeework/restfulapi,20561.079999999998
janaka531/mini-social-network-site,20561.079999999998
mehedi-iitdu/graduate-verification,20561.079999999998
Traged/managerDota,20561.079999999998
saedyousef/kotlincommunity,20561.079999999998
laravel-id/vue-router,20561.079999999998
waitaamon/loan-app,20561.079999999998
juanvictor/triton,20561.079999999998
hoangtuyb96/my_fitness,20561.079999999998
haidarafif0809/toko-laravel,20561.079999999998
L2jBrasil/L2jBrasilWeb,20561.079999999998
iamelking/laravel_crud,20561.079999999998
adrianosilvavianna/bonjour,20561.079999999998
felixbvf/laravel5.4-and-Vuejs2.0--SPA,20561.079999999998
sh-ogawa/line-bot-laravel-template,20561.079999999998
octopus110/shareshop,20561.079999999998
malyk2/api-dereban,20561.079999999998
gcamrit/laravel-capistrano,20561.079999999998
MargoTavares/hair-salon,20561.079999999998
kaqfa/lara_uang,20561.079999999998
ShiviAgrawal113114/Inventory-Management-System,20561.079999999998
miss201/laravel-cms,20561.079999999998
waitatlee/familybook,20561.079999999998
ecmascriptguru/merchfox_backend,20561.079999999998
winar-jin/studentEvaluateSystem,20561.079999999998
Tech-49/event-management-system,20561.079999999998
bienpx224/dathangchina,20561.079999999998
haidarafif0809/lara-simklinik,20561.079999999998
laravel-id/search-pagination,20561.079999999998
edwardlorilla/__inventory_vue__,20561.079999999998
imranrbx/Laravel-5.5-Multiple-Table-Auth-Mini-Project,20561.079999999998
drecken/twitchsubscribers.com,20561.079999999998
laracademy/landing-page,20561.079999999998
eagle7410/laravel-bank,20561.079999999998
frankgue/sale-by-GKFC,20561.079999999998
zerojuls/laravel-angular-admin,20561.079999999998
weeework/laravel-blog,20561.079999999998
prodhan/laravel_smacc,20561.079999999998
samanthamichele7/laravel-react,20561.079999999998
Rmalnoult/Laravel-Boilerplate,20561.079999999998
ggvunh/laravel19-team1,20561.079999999998
Bstaru/MyK-World,20561.079999999998
hinaskye/ConnectLaravel,20561.079999999998
janaka531/PHP-API,20561.079999999998
almono/hobby_website,20561.079999999998
AhedAwwad/Autism,20561.079999999998
tad0616/exam,20561.079999999998
jeffreyliim/laravel-ibm-watson,20561.079999999998
khamsany/MagnificientDashboardX,20561.079999999998
TahmidFarzan/Bus-ticket-management,20561.079999999998
najibahmad/sipajak,20561.079999999998
Ahmedfci2018/commerce,20561.079999999998
TahmidFarzan/Ultimate-bus-ticket-management,20561.079999999998
gkimpson/Udemy---RESTful-API-with-Laravel-5.4,20561.079999999998
Messhias/ProductCatalog,20561.079999999998
jiezi19971225/societycms,20561.079999999998
Rmalnoult/Horizon,20561.079999999998
161710132/laravel1,20561.079999999998
f0ntana/Laravel-DDD,20561.079999999998
hljubic/switcher,20561.079999999998
arianebrandao/laravel-basico,20561.079999999998
alshahen/o6ucontainer,20561.079999999998
GiorgiJangveladze/PixelsEmpire,20561.079999999998
webdevmatics/SocialAuth,20561.079999999998
xfriends99/inmobiliaria-argentina,20561.079999999998
edu-spot/CMIS,20561.079999999998
purjayadi/vuejs,20561.079999999998
amitkolloldey/laravel-quickstart-admin-panel,20561.079999999998
dheoprasetyo/php-laravel-todo,20561.079999999998
nmfzone/car-rent-system,20561.079999999998
leanfeats/job,20561.079999999998
AungThuraWin92/courseApp,20561.079999999998
yyl0828/POS-laraval_vue,20561.079999999998
masterwebla/barbernet,20561.079999999998
zc269105964/sample,20561.079999999998
shsma/EventSurfer,20561.079999999998
mercuryseries/laracarte-tdn,20561.079999999998
maheshkareeya/laravel-admin,20561.079999999998
Liinkiing/laravel-blog,20561.079999999998
bpineda/landon_app,20561.079999999998
jiimooweb/jiimoo,20561.079999999998
manuelgeek/mpesa-testC2B,20561.079999999998
loyalself/xiaohu,20561.079999999998
purjayadi/laravelspavue,20561.079999999998
AhmetManga/laravel_alisveris,20561.079999999998
hyperqing/Silver-Bullet,20561.079999999998
mouyong/baiduwaimai,20561.079999999998
co0lsky/photo-management-with-laravel,20561.079999999998
bangadam/SIMANIK,20561.079999999998
alfredosebastiao/minisocial-network-with-laravel,20561.079999999998
janaka531/Daily-Task-App-Laravel,20561.079999999998
bowmansir/laravel-acl,20561.079999999998
AruldassD/Laravel-ACT-Admin,20561.079999999998
ashrafshovo/mamaskitchen,20561.079999999998
w3aewander/RestauranteNossaCasaWeb,20561.079999999998
MiSTer-devel/Arcade-1943_MiSTer,297.9
EgeBalci/EGESPLOIT,
EgeBalci/ARCANUS,
EgeBalci/Cminer,
EgeBalci/The-Eye,
d1tzl/bot,
yxeri/roleTerminal-vinterland,468.74999999999994
z25/neude,
7thFACTOR/horus_ui,
BrassGoggledCoders/Steamcraft2,
BrassGoggledCoders/Boilerplate,
BrassGoggledCoders/RobotPlayer,
Railcraft/Railcraft,3197.38
Railcraft/Railcraft-3D,3197.38
Railcraft/SpongeOnRails,3197.38
CYBERHIPPIECO/cyberhippie-notes-transfer,
nurfitriyanto/Simple-SoundCloud-API,32201.53
Limeoats/Lime2D,
MrL1605/LastNerds,4027.2
Mrbrutal/MeanCore,
Chekote/minecraft_modpack2,77.63
StephanieValis/hello-world,257.06
thecodechef/gulp-install-tools,
ZipCPU/wb2axip,
Afenar/AfenarUI,
Apricity-OS/apricity-build,137.92
assimp/assimp,404.15
JonathanGerlach/DwarfFortress-on-Docker,41951.4
Techcable/Cauldron-Old,1295.9399999999998
linkinkov/Cauldron-Reloaded,1295.9399999999998
alexandrage/CauldronGit,1295.9399999999998
OctoAwesome/octoawesome,
AntMeNet/AntMeCore,
AntMeNet/AntMeClassic,
OctoAwesome/Administration,
BuiltBrokenModding/Universal-Electricity,
BuiltBrokenModding/Resonant-Induction,
Codefeed-Org/RadonCMakeFramework,
bit101/CodingMath,1151.6999999999998
ray-cast/ray-mmd,
CYBERHIPPIECO/BOK,159.17999999999998
HELVE/THEPINECONE,
VoltzEngine-Project/Engine,
db0/octgn-supercharges,777.28
PauloGasparSv/NinjaTime,82.13
nashville-lispers/resources,
retrospirit/dosspirit,
dries007/HoloInventory,
CCM-Modding/Pay2Spawn,
EloiStree/HelloVirtualReality,
StudioErrilhl/HSS,
mrofi/video-info,61510.67
freebsdgirl/ggautoblocker,32585.27
nathanielolin/FatT,156838.1
jmanplaysgames/SnackWorldTextTranslation-Dead-,19539.25
hero887/Zoids,
hero887/MateriaCraft-1_7_10,
simongeilfus/Cinder-ImGui,6858.2300000000005
mnmly/Swift-imgui,6858.2300000000005
san1a/Karma-CS-GO-Hack,6858.2300000000005
criptych/gamelibs,6858.2300000000005
inkle/ink,2064.73
jerrimus/IdleMine,
joekaiser/QuantumFlux,
kotlin-graphics/imgui,242.96
KelvinShadewing/pixels,99.23
KelvinShadewing/XYG-Studio,99.23
kosson/Node-invat-eu-inveti-tu,
kosson/python-invat-eu-inveti-si-tu,
com9/blackbox,
TUTOUNITYFR/liquide-shader,16564.56
mrvux/dx11-vvvv,
onqtam/doctest,117.03
plexus/syna.esth.etic,98.15
DavisDevelopment/pman,
brucelane/reymenta-mixnmap,
brucelane/BatchassApp,
flehrad/Big-Switch-PCB,495.38
flehrad/Snagpad,495.38
LadoEsquerdo/awesome-left,11054.960000000001
Thefre/ValkyrianQuest,
jotego/jt12,297.9
mikizdr/simple-electron-app,121.61
gheja/gheja.github.io,
SMVampire/VEMF,
TheRipperJhon/WiFi-Pumpkin,
graceshare/casbin,45.0
compujosh/patreon-pledge-calc,
kav2k/patreon_letter,
duyetdev/bruteforce-database,
duyetdev/awesome-web-scraper,
stopwords/vietnamese-stopwords,
duyetdev/realtime-dashboard,
duyetdev/vietnamese-namedb,
duyetdev/pricetrack,
Patreon/patreon-php,
NecoHorne/SocialManager,
aspnet-contrib/AspNet.Security.OAuth.Providers,
hundredrabbits/Orca,9607.009999999998
hundredrabbits/Left,9607.009999999998
hundredrabbits/Dotgrid,9607.009999999998
hundredrabbits/Ronin,9607.009999999998
hundredrabbits/Pilot,9607.009999999998
hundredrabbits/Orca-c,9607.009999999998
hundredrabbits/Donsol,9607.009999999998
hundredrabbits/Paradise,9607.009999999998
XXIIVV/Clock,9607.009999999998
shinyorg/shiny,73.03
bisqwit/password_codecs,2516.38
4Kaylum/RedditPostNotifier,
ChALkeR/fundraising,225.99
DeemoHarlos/pianoroll,
codepupper/code-dis-mas,
DuncteBot/SkyBot,80.71000000000001
Better-Aether/Better-Aether,2281.17
GonePearShape/Sol2222,
ThunderHorse/ApiXKCDDemo,2354.32
IainIsCreative/electron-music-box,236.36
IainIsCreative/react-johnny-five-traffic-lights,236.36
IainIsCreative/today-i-learned,236.36
RodrigoLeiteF/WeebBot-v2,
kichihua/Curso-de-Programacion,60.94000000000001
BenjaminJRDeveloper/RealisticArma3HUD,
LucaFulchir/libRaptorQ,
mmckegg/nodepdx-talk-2016,293.91
NocturnalSolutions/Configuration-INIDeserializer,
PHLAK/Twine,35.980000000000004
PHLAK/SemVer,35.980000000000004
PHLAK/docker-mumble,35.980000000000004
PHLAK/Colorizer,35.980000000000004
PHLAK/laravelcollective-html-form-snippets,35.980000000000004
PHLAK/lifx-client,35.980000000000004
PHLAK/docker-openvpn,35.980000000000004
PHLAK/docker-minecraft,35.980000000000004
PHLAK/Stash,35.980000000000004
PHLAK/laravelcollective-html-form-snippets-atom,35.980000000000004
PHLAK/Chronometer,35.980000000000004
PHLAK/docker-syncthing,35.980000000000004
PHLAK/Cafelias,35.980000000000004
PHLAK/docker-soxy,35.980000000000004
PHLAK/docker-ssh-tunnel,35.980000000000004
PHLAK/docker-youtube-dl,35.980000000000004
PHLAK/docker-transmission,35.980000000000004
PHLAK/docker-iperf,35.980000000000004
pip/Octology,
RayzrDev/SharpBot,303.32
Rayzr522/cashr,303.32
RayzrDev/cashr,303.32
Rayzr522/MinecraftServerManager,303.32
MLG-Fortress/AbsorptionShields,
pebble-rust/pebble-rust,
hnhdigital-os/mysql-helper,
hnhdigital-os/laravel-console-self-update,
hnhdigital-os/php-linode-api,
hnhdigital-os/laravel-model-schema,
hnhdigital-os/laravel-emogrifier,
hnhdigital-os/laravel-number-converter,
hnhdigital-os/laravel-model-search,
hnhdigital-os/fs-watcher,
hnhdigital-os/laravel-navigation-builder,
hnhdigital-os/laravel-html-builder,
Roxxers/roxbot,
JGriffin34432/Skywarn,
Jorch72/CS-TrueCraft,3984.13
MobileTipsters/Swift-Daily-Tips,
Tyrrrz/LightBulb,
XaafCode/MyBlog-REWRITTEN,
XaafCode/MyBlog,
Xaymar/PropHuntExtended,661.6
PoGoZbot/Zbot,
rauenzi/BetterDiscordAddons,91.78
rauenzi/BDPluginLibrary,91.78
pjf/future-is-awesome,570.17
AllAlgorithms/c,
AllAlgorithms/cpp,
AllAlgorithms/algorithms,
abranhe/openup,
abranhe/topdf,
abranhe/binary,
abranhe/wtii,
abranhe/cs50,
abranhe/todarkmode,
abranhe/mergesort.c,
abranhe/os,
abranhe/open-on-npm,
abranhe/os.c,
abranhe/binary.c,
abranhe/redirect-traffic,
abranhe/clib-docker,
abranhe/varadero,
abranhe/a-while-ago,
abranhe/minutes-to-read,
abranhe/react-redirector,
adaliszk/ionize-core,
statistiku/statistiku,
ech2/airwindows-ports,7892.0199999999995
leopardus-net/leopardus,
queer/singyeong,487.53
anacierdem/vscode-requirejs,
anacierdem/ed64,
anacierdem/ROM-reader,
anteriovieira/nuxt-sass-resources-loader,
anteriovieira/vue-swal,
anteriovieira/vue-raven,
Patreon/nion,
apkrieg/foovm,
Sushiemaster/selfbot,
Sushiemaster/sushitdiscordselfbot,
Sushiemaster/self123,
SkryptKiddie/Arc,
clojure-grimoire/grimoire,370.44
jaunt-lang/jaunt,370.44
villares/villares.github.io,28.040000000000003
ashkitten/g933-utils,2872.52
ashkitten/yotredash,2872.52
TheBastionBot/BastionGitHubBot,148.45000000000002
graphile/postgraphile,19303.640000000007
graphile/graphile-build,19303.640000000007
graphile/graphile-engine,19303.640000000007
benjie/prettier-plugin-pg,19303.640000000007
benjie/prettier-plugin-pg-sql,19303.640000000007
graphile/worker,19303.640000000007
benjie/mehserve,19303.640000000007
graphile/migrate,19303.640000000007
benjie/eslint-plugin-pg-sql,19303.640000000007
markology/Dragula-System,529.87
docpad/docpad,191.67
bevry/cson,191.67
bevry/watchr,191.67
bevry/caterpillar,191.67
bevry/projectz,191.67
bevry/getmac,191.67
bevry/badges,191.67
bevry/istextorbinary,191.67
bevry/taskgroup,191.67
bevry/joe,191.67
bevry/domain-browser,191.67
bevry/typechecker,191.67
docpad/docpad-plugin-jade,191.67
bevry/safeps,191.67
bevry/lazy-require,191.67
balupton/bal-util,191.67
bevry/ambi,191.67
docpad/docpad-plugin-livereload,191.67
bevry/event-emitter-grouped,191.67
bevry/extract-opts,191.67
bevry/extendr,191.67
bevry/safefs,191.67
bevry/pluginclerk,191.67
bevry/textextensions,191.67
bevry/eachr,191.67
bevry/cachely,191.67
bevry/hostenv,191.67
bevry/docpad-helper,191.67
bevry/scandirectory,191.67
mkeathley/bible-bot,10.2
bilelmnasser/Unity-3D-Xmpp-Protocol-,
bilelmnasser/Infinite-Contact-List-ScrollRect-Unity3D,
bitluni/ESP32Lib,1824.0800000000002
bitluni/ESP32VGA,1824.0800000000002
bloxlink/docs,255.84
jcsumlin/Peribot,
jcsumlin/Hilda-Bot,
oa495/art-connoisseur,157.07
brianluna/timelysheets,
bryanlarsen/mobilling,
bsquidwrd/Live-Bot,4.34
cameronjonesweb/facebook-page-feed-graph-api,30.68
apheleia/Amethyst,15.05
WillowChat/Warren,
WillowChat/Thump,
WillowChat/Hopper,
WillowChat/Sage,
WillowChat/Squeak,
catalyst-app/Catalyst,123.30000000000001
ChatterBoxGames/ChatterBot,
Gramps/GodotSteam,
Coding-Coach/find-a-mentor,
JSforBreakfast/The-Coding-Train-p5.js,11815.13
cogdog/flickr-cc-helper,1286.91
cogdog/wp-dimension,1286.91
cogdog/ds106bank,1286.91
cogdog/wp-bigpicture,1286.91
cogdog/truwriter,1286.91
cogdog/tru-collector,1286.91
cogdog/wp-posted-today,1286.91
cogdog/splotpoint,1286.91
cogdog/wp-highlights,1286.91
cogdog/dailyblank,1286.91
cogdog/font-awesome-5-menus,1286.91
cogdog/wp-lens,1286.91
cogdog/wp-posts2csv,1286.91
cogdog/splotbox,1286.91
cogdog/storify-extractor,1286.91
cogdog/pechaflickr,1286.91
cogdog/simple-ipsum,1286.91
cogdog/wp-bootstrap,1286.91
cogdog/constellection,1286.91
cogdog/oath-twitter-splot,1286.91
cogdog/kid-hamilton,1286.91
cogdog/kid-hitchcock,1286.91
cogdog/find-in-tags,1286.91
cogdog/permutator,1286.91
bostontrader/crypto-docker,
MrColdbird/aemu,171.5
coreybutler/nvm-windows,39.67999999999999
coreybutler/fenix,39.67999999999999
connorhudson/crossorigin.me,
techmandan/kamaradi,
FriendsOfFlarum/socialprofile,
dave/jennifer,
dave/dst,
dave/jsgo,
dave/wasmgo,
dave/play,
dave/libify,
daveozoalor/laravel-qrcode-ecommerce,
dcollinsn/judge-announcements,
dcollinsn/django-magic-cards,
react-native-kit/react-native-track-player,
denysdovhan/spaceship-prompt,78.06
derhuerst/tcp-over-websockets,75.2
derhuerst/svg-patterns,75.2
derhuerst/vbb-cli,75.2
public-transport/hafas-client,75.2
derhuerst/vbb-modules,75.2
derhuerst/svg-radar-chart,75.2
derhuerst/db-hafas,75.2
derhuerst/time-tracking,75.2
deg0nz/MMM-PublicTransportBerlin,75.2
derhuerst/build-wikipedia-feed,75.2
derhuerst/bvg-rest,75.2
derhuerst/html-vault,75.2
derhuerst/flightradar24-client,75.2
derhuerst/flickr-photo-url,75.2
derhuerst/db-rest,75.2
derhuerst/asciicast-to-svg,75.2
derhuerst/self-decrypting-html-page,75.2
derhuerst/geojson-to-svg-cli,75.2
derhuerst/vbb-telegram,75.2
derhuerst/svg-world-map,75.2
derhuerst/bvg-topological-map,75.2
derhuerst/scroll-animation,75.2
derhuerst/node-spotlight,75.2
derhuerst/db-stations,75.2
derhuerst/casket,75.2
derhuerst/svg-partial-circle,75.2
derhuerst/synchronous-autocomplete,75.2
derhuerst/listen-to-youtube-cli,75.2
derhuerst/hifo,75.2
derhuerst/vbb-journey-ui,75.2
derhuerst/query-overpass,75.2
derhuerst/websocket-pool,75.2
derhuerst/berlin-wall-shape,75.2
derhuerst/generate-vbb-graph,75.2
derhuerst/cli-styles,75.2
derhuerst/email-providers,75.2
derhuerst/vbb-stations,75.2
derhuerst/vbb-stations-autocomplete,75.2
derhuerst/vbb-station-photos,75.2
derhuerst/generate-db-shop-urls,75.2
derhuerst/local-network-chat,75.2
derhuerst/parse-gml-polygon,75.2
derhuerst/parse-jsonp,75.2
derhuerst/avion,75.2
derhuerst/hafas-find-trips,75.2
derhuerst/wifi-on-ice-portal-client,75.2
derhuerst/chutney,75.2
derhuerst/current-ice-speed,75.2
derhuerst/vbb-client,75.2
derhuerst/isomorphic-location,75.2
derhuerst/berlin-subway-guide,75.2
derhuerst/transport.rest,75.2
derhuerst/flatten-overlapping-ranges,75.2
derhuerst/read-audio-tags,75.2
derhuerst/bvg-hafas,75.2
derhuerst/print-gtfs-rt-cli,75.2
derhuerst/db-stations-autocomplete,75.2
derhuerst/german-postal-codes,75.2
derhuerst/alkis-berlin-client,75.2
derhuerst/gulp-scale-images,75.2
derhuerst/coup-map,75.2
derhuerst/parse-url-cli,75.2
derhuerst/search-meinfernbus-locations,75.2
derhuerst/level-tree,75.2
derhuerst/live-moving-average,75.2
derhuerst/vbb-stations-cli,75.2
derhuerst/search-flix-locations,75.2
derhuerst/record-vbb-delays,75.2
derhuerst/tiny-cli-editor,75.2
derhuerst/epsg-index,75.2
derhuerst/public-transport-ui,75.2
derhuerst/hafas-rest-api,75.2
derhuerst/os-x-contacts,75.2
derhuerst/german-public-transport-wifis,75.2
derhuerst/vbb-map-routing,75.2
derhuerst/cli-on-key,75.2
derhuerst/hafas-discover-stations,75.2
derhuerst/generate-vbb-transit-map,75.2
derhuerst/commons-photo-url,75.2
derhuerst/db-hafas-stations,75.2
derhuerst/cd-wifi-client,75.2
derhuerst/vbb-station-operators,75.2
derhuerst/discover-db-stations,75.2
derhuerst/algorithmic-vomit,75.2
derhuerst/vbb-fare-zones,75.2
derhuerst/vbb-get-off-bot,75.2
derhuerst/vbb-lines,75.2
derhuerst/sepa-payment-qr-code,75.2
derhuerst/hafas-cli,75.2
derhuerst/browser-location,75.2
derhuerst/hafas-collect-departures-at,75.2
derhuerst/merge-vbb-stations,75.2
derhuerst/dyndns-server,75.2
derhuerst/combine-tiles,75.2
derhuerst/fasp-server-cli,75.2
derhuerst/observe-hafas-client,75.2
derhuerst/vbb-lines-at,75.2
derhuerst/locomore,75.2
derhuerst/hafas-record-delays,75.2
derhuerst/merged-vbb-stations,75.2
derhuerst/naive-gtfs-routing,75.2
derhuerst/generate-node-policy-file,75.2
derhuerst/db-cli,75.2
derhuerst/authenticated-pipe,75.2
derhuerst/fasp-client-cli,75.2
derhuerst/window-on-print,75.2
derhuerst/db-zugradar-client,75.2
derhuerst/redis-stream,75.2
derhuerst/vbb-stations-with-wifi,75.2
derhuerst/boilerplate,75.2
derhuerst/wikipedia-feed-ui,75.2
derhuerst/hafas-monitor-departures-ws-server,75.2
derhuerst/micro-i18n,75.2
derhuerst/simple-wasm-example,75.2
derhuerst/db-prices-viz,75.2
derhuerst/vbb-graph-computation-server,75.2
derhuerst/hafas-client-rpc,75.2
derhuerst/german-license-plate-prefixes,75.2
derhuerst/next-critical-mass-berlin-dates,75.2
derhuerst/osm-flatten-relation,75.2
derhuerst/hafas-monitor-journeys,75.2
derhuerst/hafas-monitor-trips,75.2
derhuerst/leveldb-editor,75.2
derhuerst/sox-static,75.2
derhuerst/bbox-stream,75.2
derhuerst/fasp-client,75.2
derhuerst/mplayer-wrapper,75.2
derhuerst/fasp-audio-receiver,75.2
derhuerst/compute-db-station-weight,75.2
derhuerst/record-ice-movement,75.2
derhuerst/location-cli,75.2
derhuerst/vbb-short-station-name,75.2
derhuerst/fasp-receiver,75.2
derhuerst/db-monitor,75.2
derhuerst/vbb-line-colors,75.2
derhuerst/remix-bvg-map-frontend,75.2
derhuerst/vbb-hafas-rpc-server,75.2
derhuerst/dino-reader,75.2
derhuerst/gtfs-rt-bindings,75.2
derhuerst/mpv-wrapper,75.2
derhuerst/vbb-routing,75.2
derhuerst/insa-hafas,75.2
derhuerst/hls-play-next-queue,75.2
derhuerst/discover-vbb-stations,75.2
derhuerst/fetch-commute-from-hafas,75.2
derhuerst/another-headless-terminal,75.2
derhuerst/db-netz-hafas,75.2
derhuerst/db-hafas-rpc-server,75.2
derhuerst/asciicast-read-stream,75.2
derhuerst/hafas-client-health-check,75.2
derhuerst/bvg-hafas-rpc-server,75.2
derhuerst/remix-bvg-map-backend,75.2
derhuerst/boilerplate-rs,75.2
derhuerst/fasp-web-client,75.2
derhuerst/hyper-chat-cli,75.2
derhuerst/audio-conversion-queue,75.2
derhuerst/vbb-monitor,75.2
derhuerst/bvg-shuttle-prediction,75.2
derhuerst/vbb-web,75.2
derhuerst/dyndns,75.2
derhuerst/wikipedia-edits-stream,75.2
derhuerst/db-stations-cli,75.2
derhuerst/fasp-server,75.2
derhuerst/hafas-estimate-station-weight,75.2
derhuerst/round-robin-scheduler,75.2
derhuerst/vbb-trips,75.2
derhuerst/buffer-ponyfill,75.2
derhuerst/vbb-positions-stream,75.2
derhuerst/db-main-station-of,75.2
derhuerst/query-fis-broker-wfs,75.2
derhuerst/really-basic-chat-ui,75.2
derhuerst/search-fasp-receivers,75.2
derhuerst/vbb-shapes,75.2
derhuerst/sort-array-by-another,75.2
derhuerst/download-chakracore,75.2
derhuerst/hafas-fetch-track-slice,75.2
derhuerst/svgcleaner-static,75.2
derhuerst/bvg-shuttle-gtfs-rt-feed,75.2
derhuerst/keep-sequences-stream,75.2
derhuerst/wifi-on-ice-position-stream,75.2
derhuerst/parse-ffplay-output,75.2
derhuerst/fetch-db-operating-status,75.2
derhuerst/db-hafas-stations-autocomplete,75.2
derhuerst/vbb-stations-html,75.2
derhuerst/synchronous-autocomplete-rs,75.2
derhuerst/path-depth,75.2
derhuerst/identify-bvg-shuttle-stops,75.2
derhuerst/br2nl,75.2
derhuerst/vbb-line-variant-score,75.2
derhuerst/tokenize-db-station-name,75.2
derhuerst/vbb-parse-line,75.2
derhuerst/vbb-stations-connected-to,75.2
derhuerst/vbb-stations-with-bicycle-parking,75.2
derhuerst/callbag-keep-sequences,75.2
derhuerst/fn-call-streak,75.2
derhuerst/hafas-find-alternative-legs,75.2
derhuerst/hafas-monitor-departures,75.2
derhuerst/vbb-station-shapes,75.2
derhuerst/vbb-anybar,75.2
derhuerst/vbb-osm-relations,75.2
dmitry-ivanov/laravel-db-profiler,
dmitry-ivanov/laravel-helper-functions,
dmitry-ivanov/laravel-console-mutex,
dmitry-ivanov/laravel-console-logger,
dmitry-ivanov/dark-sky-api,
dmitry-ivanov/laravel-testing-tools,
dmitry-ivanov/laravel-wikipedia-grabber,
uncomplicate/neanderthal,
uncomplicate/fluokitten,
uncomplicate/bayadera,
uncomplicate/clojurecl,
uncomplicate/clojurecuda,
dragoscirjan/aurelia-content-loader,
dragoscirjan/frameworks,
dragoscirjan/aurelia-google-recaptcha,
Crainbows/dungeon-mapper,2953.23
dustinblackman/Championify,191.92999999999998
jknack/handlebars.java,353.90999999999997
jooby-project/jooby,353.90999999999997
egoist/poi,474.66
egoist/docute,474.66
egoist/import-http,474.66
ream/ream,474.66
danilowoz/create-content-loader,474.66
egoist/styled-vue,474.66
egoist/lit-vue,474.66
egoist/svg-to-vue-component,474.66
egoist/snackbar,474.66
saberland/create-portfolio,474.66
egoist/objql,474.66
egoist/routes-generator,474.66
egoist/parse-graphql,474.66
egoist/style-module,474.66
saojs/kopy,474.66
egoist/donate,474.66
egoist/saber-plugin-critical,474.66
IngeniousApplications/Discord-Modmail,
IngeniousCoder/CPU-Monitor,
DSharpPlus/DSharpPlus,
colyseus/colyseus,713.69
gamestdio/colyseus,713.69
colyseus/colyseus.js,713.69
gamestdio/colyseus.js,713.69
colyseus/colyseus-unity3d,713.69
colyseus/colyseus-examples,713.69
colyseus/colyseus-hx,713.69
endel/babylonjs-multiplayer-boilerplate,713.69
colyseus/colyseus-defold,713.69
colyseus/schema,713.69
colyseus/colyseus-loadtest,713.69
gamestdio/scorm,713.69
endel/colyseus-pixijs-boilerplate,713.69
colyseus/colyseus-construct3,713.69
colyseus/colyseus-cocos2d-x,713.69
endel/shieldsio-patreon,713.69
colyseus/colyseus-social,713.69
colyseus/colyseus-gml,713.69
endoli/javascriptcore.rs,
endoli/lldb.rs,
endoli/usrsctp-sys.rs,
soasme/nim-markdown,181.06
EpicSquid/Roots,600.5300000000001
EpicSquid/MysticalLib,600.5300000000001
EpicSquid/MysticalWorld,600.5300000000001
ernest-bruce/human-internet,
philbowles/esparto,
etherniti/etherniti,
evillt/loading-screen,
evillt/docute-demo-code,
evillt/poi-plugin-loading-screen,
evillt/vue-auto-routes,
evillt/parse-to-dotenv,
evillt/form-render,
evillt/docute-custom-container,
evillt/juh,
evillt/nm,
evillt/elv-form,
extcode/cart,230.63000000000002
extcode/contacts,230.63000000000002
extcode/cart_products,230.63000000000002
extcode/cart_events,230.63000000000002
extcode/cart_books,230.63000000000002
extcode/cart_paypal,230.63000000000002
extcode/cart_saferpay,230.63000000000002
extcode/cart_nexi,230.63000000000002
extcode/cart_mpay24,230.63000000000002
markserv/markserv,
f1lt3r/markserv,
FHGDev/Hulkbot,
NovalFuzzy/hulkbot-website-ftw,
relasine/pitch-battles-frontend,12806.760000000002
finchMFG/openGuild-CMS,
finchMFG/easy-blog,
finchMFG/yt-feeder,
finwo/js-simple-ee,
flagrow/toolbelt,
foonathan/cppast,416.14
foonathan/type_safe,416.14
foonathan/memory,416.14
foonathan/standardese,416.14
foonathan/array,416.14
foonathan/lex,416.14
foonathan/tiny,416.14
froggey/Mezzano,
funkypenguin/docker-mwlib,1637.29
funkypenguin/embyserver-nvenc,1637.29
funkypenguin/monero,1637.29
funkypenguin/heimdall-traefik,1637.29
funkypenguin/docker-mqtt-certbot-dns-alpine,1637.29
funkypenguin/ffmpeg-static,1637.29
funkypenguin/temasek,1637.29
funkypenguin/aeon,1637.29
funkypenguin/loki,1637.29
funkypenguin/ryo-currency,1637.29
funkypenguin/htpc-cron,1637.29
funkypenguin/monkeytips,1637.29
funkypenguin/oauth2_proxy,1637.29
funkypenguin/athena,1637.29
funkypenguin/nbx,1637.29
funkypenguin/arqma,1637.29
funkypenguin/bittube,1637.29
funkypenguin/x-cash,1637.29
funkypenguin/kepl,1637.29
funkypenguin/rtorrent,1637.29
funkypenguin/conceal-core,1637.29
funkypenguin/koson,1637.29
funkypenguin/poor-mans-k8s-lb,1637.29
Gadgetoid/wallpaper,285.58000000000004
mathmare/TheoreticalMinimum,
geigi/cozy,65.89999999999999
gibbed/Gibbed.Borderlands2,1123.38
gibbed/Gibbed.BorderlandsOz,1123.38
gibbed/Gibbed.JustCause4,1123.38
gibbed/JC4AnticrashHook,1123.38
gleeny/voicr,
gleeny/nevrevr,
arschles/go-in-5-minutes,108.43
abdulhannanali/passport-medium,
abdulhannanali/patrons,
HRZNStudio/Expanse,126.91999999999999
Nightwatch/nightwatch,
in3mo/platformer-godot-game,57.339999999999996
ingeniasoftware/luthier-ci,
ingeniasoftware/luthier-framework,
ingeniasoftware/simpledocs,
insanj/insane.pink,
Intelguasoft/college-api,
interlucid/web-audio-api,24.06
InventivetalentDev/DonationPopup,
jonschlinkert/fill-range,
pumpcoin/irccex,92.21000000000001
MagicCap/MagicCap,
jamiepine/pulse,923.3
jarektkaczyk/eloquence,
jarektkaczyk/eloquence-base,
jarektkaczyk/eloquence-mappable,
jarektkaczyk/eloquence-metable,
jarektkaczyk/eloquence-mutable,
jarektkaczyk/eloquence-validable,
jarektkaczyk/laravel-kahlan,
jsninja-demos/vue-sofia-meetup,20285.579999999998
CachetHQ/Cachet,524.3399999999999
CachetHQ/Docker,524.3399999999999
jeromeetienne/ar.js,
jeromeetienne/AR.js,18.0
jikan-me/jikan,9.38
jikan-me/jikan-rest,9.38
jorgebucaran/hyperapp,
juliangruber/sponsors,422.84000000000003
apexcharts/apexcharts.js,2286.92
apexcharts/vue-apexcharts,2286.92
k00ni/semicon,
ilestis/miscellany,1118.4199999999998
kayteh/shaders,47.51
kbrsh/moon,
KingPixil/moon,
KingPixil/wade,
kbrsh/wade,
kbrsh/slash,
keel-hq/keel,
guan-jing-ren/native-2-web,
code-helix/slatekit,
code-helix/slatekit-common,
klembot/chapbook,3385.55
mlabouardy/komiser,
kreezxil/world-of-aether,751.75
kubenow/KubeNow,
chinchang/web-maker,401.77
kyb3r/modmail,79.80000000000001
kyb3r/logviewer,79.80000000000001
M4Yt/Tough-Name-Generator,16.689999999999998
TensorMonkey/browsehandsfree,
leonekmi/scrobbly,
authlib/loginpass,1885.8100000000002
lewislepton/openFrameworksTutorialSeries,339.58
lolibrary/lolibrary,1847.3000000000002
BillyAddlers/Lucia-Websocket,
watkinsr/mutt-wizard,2028.7900000000002
Lynnesbian/OCRbot,483.49
Lynnesbian/FediBooks,483.49
Lynnesbian/mastodon-bot-template,483.49
Th3Shadowbroker/DiscHook,
macmade/KeychainCracker,
macmade/OpenCV-iOS,
macmade/GitHubUpdates,
macmade/ClangKit,
macmade/Console,
macmade/FileVaultCracker,
macmade/FileSystem,
macmade/dyld_cache_extract,
macmade/Macintosh-ROMs,
macmade/Diagnostics,
macmade/ShellKit,
macmade/FaceDetect,
macmade/user-defaults,
macmade/AtomicKit,
macmade/SeriousCode,
macmade/Codeine,
macmade/OBJCXX,
macmade/Notarize,
macmade/XEOS,
macmade/MP4Parse,
macmade/CFPP,
macmade/Objective-CPP,
macmade/Obfuscate,
macmade/EOSFTPServer,
macmade/trash,
macmade/ccache-gui,
macmade/Manual,
macmade/GameOfLife,
macmade/XSFoundation,
macmade/xcode-coveralls,
macmade/host-manager,
macmade/CoreFoundation,
macmade/CPP-ARC,
macmade/xrun,
macmade/gmock-xcode,
macmade/XS-Labs-Style-Guide,
macmade/dlib,
macmade/UIKit-CXX,
macmade/ULog,
macmade/ELFDump,
macmade/ICNS2ICO,
macmade/StringsDuplicates,
macmade/XSDocgen,
macmade/MachOKit,
macmade/PIMPL,
macmade/STDThreadKit,
macmade/objc-uti,
macmade/makelib,
macmade/LibC-String-Optimisations,
macmade/FlashPro,
macmade/Magic-MakeFile,
macmade/CoreFoundation-550.42,
macmade/CrashGuard,
macmade/STDC,
macmade/CPPAtomic,
macmade/HexPrint,
macmade/DeviceMonitor,
macmade/NutShell,
macmade/Code-Tests,
macmade/XS-Computer-One,
macmade/OBJC4-437.1-Runtime,
macmade/MEMDebug,
macmade/XcodeCleaner,
macmade/dotfiles,
macmade/PropEdit,
macmade/CPPNotifications,
macmade/Obj-C-Extended-Log,
macmade/gnu-iso-c11,
macmade/XSTest,
macmade/Bin-Build,
macmade/eos_extbase,
macmade/fatdump,
macmade/ProcessRenicer,
macmade/Notes,
macmade/Boom,
macmade/LZWM-Old,
macmade/xcconfig,
macmade/CPU-64Bits-Check,
macmade/SoftwareUpdate,
macmade/git-branch-status,
macmade/AppKit-CXX,
macmade/Objective-C-CLI-Arguments,
macmade/cpp-merkle-tree,
macmade/Patator,
macmade/BrainDead,
macmade/mkfat,
macmade/SVN-Util,
macmade/WOOPS,
macmade/EOS-SKL,
macmade/FIBRE,
macmade/NSLog,
macmade/objc-semaphore,
macmade/LZWM,
macmade/xcode-templates,
macmade/C-Inheritance,
macmade/CXX-DBAL,
macmade/gol,
macmade/XEOS-lib-c99,
macmade/Dashboard-Hash-Widget,
macmade/Nimbus,
macmade/CLibs,
macmade/XS-Font,
macmade/MBED-LPC1768,
macmade/Documentation,
macmade/EGZ,
macmade/Dictionary,
macmade/rdar-29208438,
macmade/SilentBurn,
macmade/XEOS-toolchain,
macmade/ID3v2,
macmade/4-bit,
macmade/XEOS-boot-bios,
macmade/EGPack,
macmade/xs-labs.com,
macmade/XEOS-Software-License,
macmade/make,
macmade/WebStart-Uninstaller,
macmade/XS-CPP,
macmade/CPPTraits,
macmade/Mano,
macmade/XEOS-core,
macmade/NSPair,
macmade/codeine-app.com,
macmade/homebrew-tap,
macmade/electronics,
macmade/XEOS-lib-pthread,
macmade/buddy,
macmade/WebStart-CLI,
macmade/XEOS-lib-objc,
macmade/PWR,
macmade/XEOS-core-xeos,
macmade/Application-State-Cleaner,
macmade/XEOS-lib-c11,
macmade/v1.xs-labs.com,
macmade/macmade.net,
macmade/noxeos.com,
macmade/XEOS-lib,
macmade/game-of-life.io,
macmade/TYPO3-TS,
macmade/XEOS-lib-dispatch,
macmade/Noxeos-WP-Theme,
macmade/TYPO3-T3X,
macmade/XEOS-tools-localedef,
macmade/TestBindings,
macmade/XEOS-modules,
macmade/TestMediaLibrary,
macmade/CPPThreads,
macmade/SOStatus,
macmade/XEOS-makefile,
macmade/XEOS-tools-mkinitrd,
macmade/XEOS-lib-iconv,
macmade/XEOS-boot-uefi,
macmade/drupal-modules,
macmade/XEOS-lib-system,
macmade/WebStart-Light-Installer,
macmade/doc.xs-labs.com,
macmade/XSKit,
macmade/xs-atom-syntax,
macmade/WebStart-Updater,
macmade/macmade.me,
macmade/WebStart-Light,
macmade/XEOS-lib-elf,
macmade/eosgarden.com,
macmade/XS.pretty,
macmade/Host-Manager-GUI,
macmade/SDK,
macmade/XEOS-lib-posix,
macmade/XEOS-lib-blocks,
macmade/ValueTransformers,
macmade/Codeine-Old,
macmade/AutoPurge,
macmade/XEOS-tools,
macmade/PHP-FileParsers,
mafintosh/sponsors,
makyo/snuffler,90.78999999999999
makyo/tv2,90.78999999999999
makyo/patrons.drab-makyo.com,90.78999999999999
makyo/stimmtausch,90.78999999999999
makyo/ansigo,90.78999999999999
clrcamplify/mangekyo-v2-bot,
marketplace-xenforo/xenforo-l10n-core-russian,
marketplace-xenforo/xenforo-l10n-rm-russian,
marketplace-xenforo/xenforo-l10n-mg-russian,
marketplace-xenforo/xenforo-l10n-es-russian,
hyperspacedev/hyperspace-classic,
hyperspacedev/hyperspace,
Masami45/nova-bot,
ananace/ruby-matrix-sdk,36272.08
mattgodbolt/compiler-explorer,10112.670000000002
mattgodbolt/gcc-explorer,10112.670000000002
OverlordAkise/jquery-viewer,
factory-02/fedora-zstd,
factory-02/fedora-sscg,
factory-02/fedora-httpd,
factory-02/fedora-meta-redis,
factory-02/fedora-icecast,
factory-02/fedora-server-web,
factory-02/fedora-meta-nginx,
factory-02/fedora-meta-httpd,
factory-02/fedora-meta-mariadb,
factory-02/fedora-nginx,
factory-02/fedora-meta-php,
factory-02/fedora-freetype,
factory-02/fedora-mc,
factory-02/fedora-meta-ices,
factory-02/fedora-vsftpd,
factory-02/fedora-server-radio,
factory-02/fedora-meta-icecast,
factory-02/fedora-brotli,
factory-02/fedora-meta-radio,
factory-02/fedora-meta-system,
factory-02/fedora-ices,
mirth-lang/mirth,
MoochMcGee/PCBox,
MoosheTV/HyperFive,
morepurplemorebetter/MPMBs-Character-Record-Sheet,30322.63
mrmakeit/OCJS,
yuukidesu9/keiri-gen,3538.33
mtgjson/mtgjson,
mubaidr/bulma-fluent,92.41
mubaidr/Javascript-Barcode-Reader,92.41
mubaidr/vue-fluent,92.41
mubaidr/bulma-addons,92.41
mubaidr/bulma-pro,92.41
Brramble/Brramble.github.io,3129.24
therewillbefun/cosmicblocks,5132.86
n-dimensiones/the_city_lost,
najs-framework/najs-eloquent,
najs-framework/najs-eloquent-example,
najs-framework/najs-eloquent-mongodb,
najs-framework/najs-eloquent-mongoose,
niftylettuce/email-templates,291.19
ladjs/lad,291.19
niftylettuce/forward-email,291.19
niftylettuce/frisbee,291.19
lassjs/lass,291.19
cabinjs/cabin,291.19
nikitavoloboev/my-mac-os,31.18
nikitavoloboev/my-ios,31.18
nikitavoloboev/dotfiles,31.18
nikitavoloboev/alfred-my-mind,31.18
nikitavoloboev/small-workflows,31.18
nikitavoloboev/alfred-learn-anything,31.18
nikitavoloboev/alfred-web-searches,31.18
nikitavoloboev/alfred-awesome-lists,31.18
nikitavoloboev/license-up,31.18
nikitavoloboev/alfred-ask-create-share,31.18
nikitavoloboev/build-to-learn,31.18
nikitavoloboev/markdown-parser,31.18
nikitavoloboev/vegan-recipes,31.18
nikitavoloboev/alfred-trello,31.18
nikitavoloboev/alfred-github,31.18
nikitavoloboev/shell-search,31.18
nikitavoloboev/euler,31.18
nikitavoloboev/leetcode,31.18
nzakas/understandinges6,999.8199999999999
LambdaBooks/understandinges6ua,999.8199999999999
ohlookitsderpy/Mue,
ohlookitsderpy/MediaRPC,
OJ/clr-meterpreter,
justincolangelo/AudioPluginBase,1049.96
omarroth/invidious,
aasimsani/openedme,
orels1/landing-discord-red,258.89000000000004
orels1/statusreport,258.89000000000004
orels1/Red-Portal,258.89000000000004
orels1/Red-Portal-Status,258.89000000000004
ortus-docs/Modern-ColdFusion-CFML-In-100-Minutes,
oskikiboy/AwesomeTemplate,
owsas/parse-cloud-class,35.09
owsas/parse-offline,35.09
owsas/nominatim,35.09
owsas/open-categories,35.09
owsas/parse-server-addon-cloud-algolia,35.09
owsas/parse-query-gen,35.09
owsas/react-module-template,35.09
owsas/imageboss,35.09
owsas/imageboss-js,35.09
owsas/parse-loader,35.09
owsas/react-image-lightbox-fit,35.09
owsas/detect-link-type,35.09
owsas/text-trimmer,35.09
owsas/pubsub-replay,35.09
owsas/typescript-module-template,35.09
owsas/pubnub-react-counter,35.09
owsas/responsive,35.09
owsas/parse-query-map,35.09
owsas/parse-text-search,35.09
owsas/image-to-b64,35.09
owsas/parse-service,35.09
bderiso/pCleaner-server,
bderiso/pCleaner,
pi-hole/FTL,10847.929999999998
protolabs/jsongen,
plexus/chestnut,45.78
andkret/Cookbook,240.72000000000003
pomber/git-history,6.74
pomber/code-surfer,6.74
pomber/didact,6.74
pomber/hitchcock,6.74
pomber/write-code-online,6.74
Bogdanp/dramatiq,82.83999999999999
Bogdanp/molten,82.83999999999999
potato4d/nuxt-maintenance-mode,754.37
emacs-helm/helm,
goxr3plus/XR3Player,
goxr3plus/FX-BorderlessScene,
goxr3plus/Java-Speech-Recognizer-Tutorial--Calculator,
goxr3plus/java-stream-player,
goxr3plus/JavaFX-Ikonli-Font-Icons-Tutorials,
qdot/millionbounce-js,1929.26
forestguild/theme,
Rayzr522/DecoHeads,139.69
maroianenasrellah/remifr,212.28
renepickhardt/The-Lightning-Network-Book,310.68999999999994
retke/Laggrons-Dumb-Cogs,
RobinKuiper/Roll20APIScripts,37.02
roccomuso/iot-433mhz,6.41
roccomuso/netcat,6.41
roccomuso/kickthemout,6.41
roccomuso/node-webhooks,6.41
roccomuso/no-ip,6.41
roccomuso/transfer-sh,6.41
roccomuso/seashells,6.41
roccomuso/pv,6.41
roccomuso/nc,6.41
roccomuso/WhereIsMyPi,6.41
roccomuso/netrat,6.41
roccomuso/gtranslate,6.41
roccomuso/rtc-web-term,6.41
roccomuso/rtc-shell,6.41
roccomuso/react-web-terminal,6.41
ryanatkn/cosmicplayground,
safebash/opencrypto,
samdenty/Wi-PWN,
samdenty/injectify,
BluestNight/BluestNight,
shalvah/oldtweets.today,
shirshak55/Bee-Connect,
simonfrey/mastodon_wordpress_autopost,
Ind3xOnGitHub/vrchat-world-tracking,9.239999999999998
swaywm/sway,3984.13
ddevault/pass-rotate,3984.13
ddevault/aerc,3984.13
onurmutlu/lastik,
onurmutlu/kaave,
onurmutlu/app,
onurmutlu/siyahkare,
SplitPixl/snekbot,
nhattran134/Pudu-4.0,
soatok/faq-off,16.619999999999997
soatok/fursona-sticker-switcher,16.619999999999997
soatok/dholecrypto-js,16.619999999999997
soatok/dhole-cryptography,16.619999999999997
reyesvicente/Soul-Heist-Music,
spacehuhn/esp8266_deauther,541.67
spacehuhn/esp8266_beaconSpam,541.67
spacehuhn/SimpleCLI,541.67
spacehuhn/WiFiSatellite,541.67
DhiyaneshGeek/NodeMCU-ESP8266,541.67
Pa1kumar1997/Wifijammer-Deauther,541.67
twdsje/AdvancedCryptoOrderTape,1010.83
SpeechlessVoice/SpeechlessVoiceAPI,
JingTang97/Steam-Exploring-Project,73829.91
stormdragon2976/bashtuner,
sudtanj/gas-InstagramApp,
skullface/design-resources,8174.389999999999
messydesign/design-resources,8174.389999999999
tallero/PGPgram,34.599999999999994
tallero/Daty,34.599999999999994
tallero/connotati,34.599999999999994
tallero/alsangue,34.599999999999994
tallero/trovotutto,34.599999999999994
tamiat/tamiat,
tannerlinsley/react-table,
zxz054321/laravel4china,20561.079999999998
nothing628/ai-cms2,20561.079999999998
LaraShout/laravel-ecommerce-application,20561.079999999998
exula/Proxmox-Dashboard,20561.079999999998
itarafath/lm,20561.079999999998
dongdonggo/laravel_socket,20561.079999999998
gazben/mediumfigyelo.hu,20561.079999999998
Verseghy/website_backend,20561.079999999998
jhuhandha/api-rest-jwt-laravel-5.7,20561.079999999998
firstmeet/laravel-admin-blog,20561.079999999998
yallagroup/webDownloadFree,20561.079999999998
ypshe/school,20561.079999999998
pyc2238/NEITTER,20561.079999999998
KrunalLathiya/Laravel5.5MultipleImagesUpload,20561.079999999998
javedbaloch4/laravel-ecommerce,20561.079999999998
AppSynergy/killteams.com,20561.079999999998
windii-legend/laravel-docker-compose-example,20561.079999999998
MouadZIANI/posts,20561.079999999998
vishnusharmax/Laravel-5.7-materialize-theme,20561.079999999998
playahk/laravel-kubernetes,20561.079999999998
tomoyamachi/docker-laravel-fpm-7.3,20561.079999999998
davis67/merrylandProject,20561.079999999998
XiaoMengaa/panda,20561.079999999998
MVNino/pipms,20561.079999999998
LittleMat/AffordableFood,20561.079999999998
edwardlorilla/jquery-datatable,20561.079999999998
radiowarwick/digiplay-laravel,20561.079999999998
deyvsonaguiar/agenciaturismo,20561.079999999998
nsosi/openhelpdesk,20561.079999999998
srvaudit/srvAudit,20561.079999999998
sangnguyenplus/laravel-package-demo,20561.079999999998
JuanDMeGon/API-RESTful-Laravel-5.5,20561.079999999998
Alexits93/alexitspatrik,20561.079999999998
Collbook/rest-api,20561.079999999998
nhatquan160697/quanlyvanban,20561.079999999998
dheoprasetyo/PHP-LaPer-Laravel-Perpustakaan-,20561.079999999998
Collbook/restfuls,20561.079999999998
emris97/asuctf,20561.079999999998
rafiffavian/masjidku2,20561.079999999998
javierortegon/sistemaPagosArriendos,20561.079999999998
byCedric/Laravel-Now-Example,20561.079999999998
Webhero9297/Invest-Website-CryptoCurrency,20561.079999999998
edwardlorilla/rest-api,20561.079999999998
shishir75/Laravel-Inventory-Management-System-Project,20561.079999999998
Shilza/Rodger,20561.079999999998
NaraSurya/Simpel,20561.079999999998
nafiesl/simple-crud-generator-example,20561.079999999998
JesBrian/Music-House-Backstage-Laravel,20561.079999999998
Collbook/pgsql-bookmark,20561.079999999998
ibrahimW/Todo,20561.079999999998
blackbrs/sistema-bibliotecario,20561.079999999998
ththth0303/laravel-vue-coreui,20561.079999999998
aanazim/Blog,20561.079999999998
khirulnizam/start1,20561.079999999998
zawyehtet/rainbow,20561.079999999998
sahandMg/etrix,20561.079999999998
tilakpoudel/NepathyaCms,20561.079999999998
jwwb681232/w-api,20561.079999999998
Goodluckhf/vk-poster-v2,20561.079999999998
m-antoni/login_qrcode,20561.079999999998
LIQRGV/lara-example-api,20561.079999999998
olekturbo/laravel-shop,20561.079999999998
Oswaldgerald/oswald-crud-Laravel-5.6-Admin-Lte,20561.079999999998
munza/laravel-ddl,20561.079999999998
ignacio977/hotel1,20561.079999999998
hajidalakhtar/hubin-starbhak-v2,20561.079999999998
A-Marzouk/resume-manager,20561.079999999998
ShakilAhmmed/human_resource_management,20561.079999999998
KlasArmando/laravel2b-sharvan-wishal-lorenzo,20561.079999999998
NahianAhmed/laravel_custom_link-email-verification-reset-password-,20561.079999999998
Susmitabhusal/crud,20561.079999999998
MasahiroHarada/laravel-tutorial,20561.079999999998
AdinoWayne/phone,20561.079999999998
Collbook/sqllite-vuejs,20561.079999999998
Hacivat/student-social-network,20561.079999999998
tsuthesan/myshop,20561.079999999998
raselpy/indexing,20561.079999999998
shengtaolee/laravel-api,20561.079999999998
yud14n4/surat_masuk_2,20561.079999999998
akshaywaghmare/Laravel-Vue-Admin-with-ALC,20561.079999999998
JonahKlimack/ProgrammingPolice,20561.079999999998
janaka531/TwoFA-Karix,20561.079999999998
ugurakyol/Customer-Registration,20561.079999999998
JaFex/DAD-Project,20561.079999999998
Medshotone/laravel-blog,20561.079999999998
kamrultouhids/laravel-ACL-with-vuejs,20561.079999999998
Collbook/photos,20561.079999999998
edwardlorilla/adveritising_online,20561.079999999998
shishir75/Laravel-Helpers,20561.079999999998
chuayta93/Proyecto-latiGO,20561.079999999998
deepaksabat/JobFair,20561.079999999998
franklinmatos/laravel55-saldo,20561.079999999998
rafiudd/simple-api-laravel,20561.079999999998
benoitrongeard/laravel-tp-facebook,20561.079999999998
dtlucho/proyecto-integrador-laravel,20561.079999999998
vanijor/SGAAM1,20561.079999999998
ajigaFelix/careerpro,20561.079999999998
Sneijder21/WEB-Dropbox,20561.079999999998
quanghung97/SPA-laravel-vuejs,20561.079999999998
nthieu98/book-shop-laravel,20561.079999999998
SimplonCahors/EyeTracking_Laravel,20561.079999999998
qit0510/larvel_moer_back_end,20561.079999999998
thearyanahmed/hashnode-educational-platform-with-forum,20561.079999999998
AshutoshChoubey/laravelGst,20561.079999999998
ELATTARIYassine/cattle-manager,20561.079999999998
spottyladybug/ForSalvation,20561.079999999998
mohsen340/highschool,20561.079999999998
shishir75/Laravel-Socialite-Social-Login,20561.079999999998
emrullahshn/laravel_blog,20561.079999999998
JuanDMeGon/HTTP-Client-with-Laravel-Definitive-Guide,20561.079999999998
shishir75/Google-Charts-in-Laravel-5.8,20561.079999999998
faridoonyousafi123/e-learning-laravel-5.6-vue.js-2.0,20561.079999999998
Arkanius/trello-watcher,20561.079999999998
tosite0345/nicocale.php,20561.079999999998
mariam-egm/laravel-course-intake39,20561.079999999998
KevinLovgren/hestochpony,20561.079999999998
schoolofnetcom/watson-iniciante-laravel,20561.079999999998
Sjk-Lacoste/octs,20561.079999999998
alejandrocepeda/git-superfuds,20561.079999999998
amritms/inventory-management-system,20561.079999999998
rasrobin/laravel-demo,20561.079999999998
mateusKoppe/laravel-notes-example,20561.079999999998
Luana-Oliveira/esII-coaching,20561.079999999998
keytouniverse/projektas,20561.079999999998
Armen96/Laravel-Lamp-AWS-EC2,20561.079999999998
wangyi-laravel/laravel-wangyi,20561.079999999998
lucasbache/SupFile,20561.079999999998
olakehinde/voting-app,20561.079999999998
marvelperseus/Laravel-Vue,20561.079999999998
tanh123678/prode,20561.079999999998
happyphper/laravel-course,20561.079999999998
Cperbony/code-shopping,20561.079999999998
bricehartmann/laravel-task-app,20561.079999999998
Kyerloh/Graphic-Store-Ecommerce,20561.079999999998
damarp2017/premio,20561.079999999998
FahadShahid143/EatOrganic,20561.079999999998
0x15f/printmytweets.coffee,20561.079999999998
iamprazol/Blood,20561.079999999998
teja42/Rigel.pro-FileBrowser,
obudget/core,
obudget/web,
obudget/about,
theaudioprogrammer/juceParameterTutorial,17.92
theaudioprogrammer/flexboxTutorial,17.92
theweavrs/BreadPlayer,53.61
TotwiseAnubis/UnrealClassRenamer,
dijitlalchemy/LWTC,
TheOuterLinux/Contact-or-Follow,
ThePhD/sol2,1369.3999999999999
teamisotope/OpenMechanics,
ttimbers/datascience_twitter_starterpack,1853.4799999999998
tidusjar/Ombi,223.01999999999998
tkkntkkn/natures-pretty-sweet,8.0
tonsky/FiraCode,6844.209999999999
tonsky/AnyBar,6844.209999999999
tonsky/datascript,6844.209999999999
tonsky/rum,6844.209999999999
tonsky/Universal-Layout,6844.209999999999
jotego/jt51,297.9
jotego/jt49,297.9
jotego/jt89,297.9
jotego/jtframe,297.9
GabLeRoux/unity3d-ci-example,1961.1399999999999
qwertyuu/unity-ci-example,1961.1399999999999
tryhtml/tryhtml,
tylercubell/billing,
typicode/json-server,869.1099999999999
typicode/hotel,869.1099999999999
Tyrrrz/YoutubeExplode,
Tyrrrz/DiscordChatExporter,
Tyrrrz/CliWrap,
Tyrrrz/YoutubeDownloader,
Tyrrrz/Onova,
Tyrrrz/OsuHelper,
Tyrrrz/YoutubeExplode.Converter,
Tyrrrz/Extensions,
Tyrrrz/Gress,
Tyrrrz/Failsafe,
Tyrrrz/LockFile,
Tyrrrz/Hashsum,
ulivz/donate,28.04
nextsigner/yosoy,
nextsigner/unik,
unix121/i3wm-themer,
unix121/VortexCrawler,
urosjarc/gitbook-plugin-build,
urosjarc/generator-generator2,
urosjarc/jsdoc-plugin-testSpec,
urosjarc/maestro,
apachano/rimworld-sw-race-wookie,6.66
krgamestudios/Tortuga,
krgamestudios/Dungeon,
harvy2004/ChestLabelSystem,
mojs/mojs,156.35
farmer-dean/farmer-dean.github.io,
euforia/ladon,
timdang/tech49_theme,
crypto49er/Gekko-DCA,
destrodevianne/L2jEventEngine,
destrodevianne/AllVsAll,
destrodevianne/TeamVsTeam,
destrodevianne/CaptureTheFlag,
aurgiyalgo/SlimefunNukes,
trikko/vasaro,
nataliasulkama/todo-tutorial,4213.66
ghys/openhab-ui-f7,4213.66
nataliasulkama/todo,4213.66
emmanuel39hanks/WeatherApp,
watzon/cadmium,
watzon/tourmaline,
waylonflinn/webnn,219.61
PassTheWessel/ArrayUtil,
withfatpanda/auth-plugin-wordpress,
wnielson/Plex-Remote-Transcoder,
wookay/journal,
Xeltica/DotFeather,
XorTroll/Plutonium,
chinanf-boy/live-need-money,
chinanf-boy/pkg-scripts,
chinanf-boy/node-modules-size,
chinanf-boy/dirs-list,
chinanf-boy/clean-set-explain,
chinanf-boy/template-electron-vue-yobrave,
chinanf-boy/devdocs-egoist-explain,
yumtee/yum-boilerplate,
yumtee/beauty-page,
yuya373/emacs-slack,
yamdbf/core,23.55
zajrik/yamdbf,23.55
pgrn/mami-the-spoiler-bot,
pgrn/discord-soundmoji,
Miserlou/Zappa,1466.2600000000002
Miserlou/NoDB,1466.2600000000002
Miserlou/zappa-django-utils,1466.2600000000002
zyndor/xrhodes,
Roll20/roll20-character-sheets,
Roll20/roll20-api-scripts,
oxguy3/patreon-api,
0x0ade/DuckGame-Linux,199.65
0x0ade/rotonde-tonne,199.65
0x0ade/ImGuiCS,199.65
0xafbf/blender-datasmith-export,
drcmda/immer-wieder,
drcmda/react-higher-order,
nhanb/com.nerdyweekly.animated,6725.6
1click-extensions/1click-webpage-screenshot,171.7
1click-extensions/1click-webcam-to-gif,171.7
1click-extensions/1click-resize,171.7
1click-extensions/1click-merge-windows,171.7
1click-extensions/1click-edit-web-image,171.7
1click-extensions/1click-25-minutes-notify,171.7
1click-extensions/1click-edit-image,171.7
1click-extensions/1click-short-link,171.7
1click-extensions/1click-resize-to-half,171.7
1click-extensions/1click-about-us,171.7
1click-extensions/1click-pick-color,171.7
1click-extensions/1click-selfie-meme,171.7
1click-extensions/1click-is-site-down,171.7
1click-extensions/1click-webcam-capture-and-share,171.7
1click-extensions/1click-edit-page-content,171.7
1click-extensions/1click-faster-browser,171.7
1click-extensions/1click-webcam-capture-and-save-as-png,171.7
1click-extensions/1click-stream-webcam,171.7
1click-extensions/1click-pause-history,171.7
1click-extensions/1click-share-screenshot,171.7
1click-extensions/1click-stream-desktop,171.7
1click-extensions/1click-clipboard-history,171.7
1click-extensions/1click-history-screenshots,171.7
1click-extensions/1click-notepad,171.7
1click-extensions/1click-session-saver,171.7
1click-extensions/1click-share-clipboard-image,171.7
1click-extensions/1click-screenshot-visible-to-png,171.7
1click-extensions/1click-paint-brush,171.7
1click-extensions/1click-calculator,171.7
1click-extensions/1click-emoji-everywhere,171.7
1click-extensions/1click-entire-page-save-as-png,171.7
1click-extensions/1click-start-page-wikipedia-random,171.7
1click-extensions/1click-bitcoin-balance,171.7
1click-extensions/1click-entire-page-share,171.7
1click-extensions/1click-bitcoin-cash-balance,171.7
1click-extensions/1click-facebook-reader,171.7
1click-extensions/1click-blockchain-balance,171.7
1click-extensions/1click-time-converter,171.7
1click-extensions/1click-history-stats,171.7
1click-extensions/1click-start-page-random-facebook-friend,171.7
1click-extensions/1click-ethereum-balance,171.7
3lvis/Sync,
3raxton/ForeignIpsum,
3raxton/JobsOrgan,
3raxton/Homesick,
agbowlin/warframe-caddy,6091.15
McGuten/5DimsFactorioMods,
5TechCenter/ReactCMS,
7frank/vr-sandbox,
aa2g/AA2Unlimited,126.99000000000001
ABTOMAT/ABTOTools3dsMax,
ABTOMAT/ReinforceIt-3dsMax,
AM-STUDIO/32-FUNCTION-BUTTON-BOX,
AM-STUDIO/LOGITECH_USB_ADAPTER,
The-AWATIM-Project/the-first-awatim,
adsau59/fishyboteso,
CEObrainz/Botw-AutoMipping,
CEObrainz/CEO-Cogs,
LordAkkarin/BaseDefense2,
Cippman/Unity-InterfaceReference,
Cippman/Unity-OneShotCoroutine,
aletheia-foundation/aletheia-admin,
AlexAltea/orbital,3296.2599999999998
autoNumeric/autoNumeric,
autoNumeric/vue-autoNumeric,
andreaskasper/docker-livestream-facebook,
andreaskasper/alexa-php-endpoint,
SouthernFriedScientist/DolphinView,3415.6099999999997
SouthernFriedScientist/IR-Scanner,3415.6099999999997
SouthernFriedScientist/reStepper,3415.6099999999997
TyrfingMjolnir/awesome-cliff-burton,757.39
lilith645/Maat-Editor3D,
lilith645/Maat-Graphics,
Arcaratus/BloodArsenal,
Arcaratus/Sleep,
kris701/ArduLED,
AllenOliver/Unity-PlayerPrefsExtension,46.730000000000004
AllenOliver/MatrixOperations,46.730000000000004
artemanufrij/playmymusic,27.31
artemanufrij/webpin,27.31
artemanufrij/imageburner,27.31
artemanufrij/playmyvideos,27.31
artemanufrij/screencast,27.31
artemanufrij/regextester,27.31
artemanufrij/metronome,27.31
artemanufrij/showmypictures,27.31
artemanufrij/hashit,27.31
artemanufrij/graphui,27.31
artemanufrij/translit,27.31
artemanufrij/findfileconflicts,27.31
Arthur-Milchior/anki-enhance-main-window,
Arthur-Milchior/anki-copy-note,
Arthur-Milchior/anki-change-note-type,
Arthur-Milchior/anki-deck-prefix-edit,
Arthur-Milchior/anki-template-card-type,
Arthur-Milchior/anki-export-from-browser,
Arthur-Milchior/anki-tag-missing-medias,
Arthur-Milchior/anki-readable-addon-folders,
Arthur-Milchior/anki-empty-first-field,
Arthur-Milchior/anki-empty-new-cards,
Arthur-Milchior/anki-better-database,
Arthur-Milchior/anki-database-check-explained,
Arthur-Milchior/anki-fast-note-type-editor,
Arthur-Milchior/anki-compile-latex-early,
Arthur-Milchior/anki-restore-deleted-note,
Arthur-Milchior/anki-show-html,
Arthur-Milchior/anki-big-addon,
Arthur-Milchior/anki-correct-deck-name-in-note-type-editor,
Arthur-Milchior/anki-note-deletion,
Arthur-Milchior/anki-Multiple-Windows,
Arthur-Milchior/anki-change-options-recursively,
Arthur-Milchior/anki-better-card-generation,
Arthur-Milchior/anki-full-search,
Arthur-Milchior/anki-relation,
Arthur-Milchior/anki-time-in-browser,
Arthur-Milchior/anki-debug-json,
Arthur-Milchior/anki-clean-Default,
Arthur-Milchior/anki-style-around-fields,
Arthur-Milchior/anki-correct-due,
Arthur-Milchior/anki-keep-model-in-add-cards,
Arthur-Milchior/anki-keep-empty-note,
Arthur-Milchior/anki-json-new-line,
Arthur-Milchior/anki-clearer-empty-card,
AuraDevelopmentTeam/BungeeChat2,
AuraDevelopmentTeam/VersionLib,
AuraDevelopmentTeam/SerializableTemporalAmount,
AutoMcDonough/PocketGear,138.4
AzeriteTeam/AzeriteUI,336.34999999999997
AzeriteTeam/Masque_ArcaneStone,336.34999999999997
AzeriteTeam/Bagnon_BoE,336.34999999999997
AzeriteTeam/Bagnon_Garbage,336.34999999999997
AzeriteTeam/Bagnon_Uncollected,336.34999999999997
AzeriteTeam/Bagnon_ItemLevel,336.34999999999997
AzeriteTeam/Masque_Azerite,336.34999999999997
AzeriteTeam/Masque_Diabolic,336.34999999999997
AzeriteTeam/Masque_Dragon,336.34999999999997
AzeriteTeam/Masque_SpikyStone,336.34999999999997
AzeriteTeam/Masque_BrassCogs,336.34999999999997
AzeriteTeam/Masque_Goldpaw,336.34999999999997
AzeriteTeam/Bagnon_ItemInfo,336.34999999999997
AzeriteTeam/SimpleClassPower,336.34999999999997
AzeriteTeam/GoldpawUI,336.34999999999997
AzeriteTeam/DiabolicUI,336.34999999999997
AzuraCast/AzuraCast,1042.7399999999998
Parallelcube/UE4_T-Spectrum,
Parallelcube/UE4_T-ThirdpartyLib,
Parallelcube/UE4_T-Outline,
Parallelcube/UE4_T-Canvas,
Parallelcube/UE4_Tutorial-Leaderboard,
Parallelcube/UE4_T-PostProcess,
backofficeshow/Commodore-1541-emulator-pi-Hat,259.46
BayatGames/RedRunner,
BayatGames/SaveGameFree,
BayatGames/BinaryFormatter,
BayatGames/JsonFormatter,
BayatGames/SaveGamePro,
BayatGames/SerializerFree,
BayatGames/Support,
Kam3leoN/Kam3leoN_Discord,
tanakasama/GatchaEngine,
Believotron/Believotronics,707.9699999999999
bernardomacedo/laravel-skuable,
Berserker66/omnitool,
Berserker66/FactorioManager,
Cscuile/BetaOne,62.720000000000006
BigBlueHat/BlueInk,14.58
BigBlueHat/clusers,14.58
BigBlueHat/vue-pouchdb,14.58
BigBlueHat/hypercouch,14.58
BigBlueHat/testing-json-ld,14.58
BigBlueHat/rel-edit-form,14.58
BigBlueHat/blueink-template-blank,14.58
Binaergewitter/serious-bg,255.09
Bioblaze/Clanbot,
Bioblaze/Guildbot,
Bioblaze/Devbot,
WayofTime/BloodMagic,265.55
WayofTime/Lux,265.55
BlueHuskyStudios/Pixel-Art-Resizer,
BlueLightOS/bluelight,
Ben987/Bondage-College,
Borealisapp/Borealis,
BricoloDuDimanche/KotlinMemer,
BricoloDuDimanche/Granite,
BricoloDuDimanche/Basalt,
linchangjian/LibgdxMario,197.78
ManzDev/codevember2017,567.0
bzaPetey/Click-To-Move,1139.8
DominicMaas/Tango,
spiiin/CadEditor,29.580000000000002
4Kaylum/MarriageBot,30.13
CampbellCrowley/SpikeyBot-Discord,69.52
teryror/4tld,
AntriKodSoft/ColorHub,
CheetaTech/ColorHub,
ChelseaStats/TheChels.co.uk-Data,
snakeMax/Animoue-Bot,
ChristopherA/self,
Cibbi/Toony-standard,
Coffee-fueled-deadlines/OSRS-JSON-Item-Information,
Colin03129/WeatherCal,
CorrM/Unreal-Finder-Tool,
DIYgod/RSSHub,1331.9300000000003
MoePlayer/DPlayer,1331.9300000000003
DIYgod/DPlayer,1331.9300000000003
cdnbye/P2P-DPlayer,1331.9300000000003
Dallas-Makerspace/vcc-grid-os-ui,
WeNeedCoffee/UBFunkeysRDF,4.43
danhunsaker/calends,89.71
RebornRider/ShaderInUnityWorkshop,2992.85
DanielAccorsi/drybonesvalley,
NNTmux/newznab-tmux,26.0
DarkStarSword/StereoCropper,1068.55
DarkStarSword/3d-fixes-DreamfallChapters,1068.55
DarkStarSword/3d-fixes-WATCH_DOGS2,1068.55
DaveWoodCom/XCGLogger,
DavidXanatos/wumgr,87.96
shadow-absorber/lore,256.46000000000004
cage433/left-wing-podcasts,1854.2800000000002
Herd25/Pygame-Examples,
Herd25/GitStatusHUBInit,
Herd25/GitStatusHUBGedit,
Herd25/COMPILERGLOBALGEDIT,
Herd25/GlobalCompilerGEDIT,
martinfitzjerl/Election,
martinfitzjerl/Applications,
skydel0/Liquido,
dirtyredz/Regenerative-Asteroids,
dirtyredz/LogLevels,
dirtyredz/MoveUI,
Error998/Mod-Tutor,
DrRoach/DynamicImage,
DrWeeb/The-Ruins-of-Luxoria,15.97
suppayami/yami-small-plugins,209.27000000000004
Pavan77750/Dragonfire,
DuelMonster/MinersAdvantage,
DuelMonster/SuperMiner,
phranck/podlive-macos,
ebots/ebots.github.io,
EmperorOfTheInternet/DarkRPG,
Entomy/Offbase-theme,
Entomy/Spin-vscode,
maximenz/Kaku,
MKme/OpenCast,409.26
cheke/MultiPacker-SourceCode,
EtiamNullam/Etiam-ONI-Modpack,
shirshak55/VeganFAQ,2761.89
llybin/TelegramExchangeRatesBot,
Fazendaaa/podsearch_bot,
Fazendaaa/AnilistBot,
Fazendaaa/I-m-a-Spoiler-Bot,
Fazendaaa/LanguageMotherfucker,
Fazendaaa/freepikScrapping,
Fazendaaa/MDNSearch,
Fazendaaa/MDNSearchBot,
Fazendaaa/FreepikBot,
FaztTech/Flexbox-nodejs,
FaztTech/Fazt_TwoCompany_webdesign,
FaztTech/react-tasks,
Filmos/FCU,
FlagBrew/Checkpoint,310.34000000000003
FlagBrew/PKSM,310.34000000000003
Spomky-Labs/otphp,
web-token/jwt-framework,
Spomky-Labs/base64url,
web-auth/webauthn-framework,
Spomky-Labs/php-aes-gcm,
Spomky-Labs/aes-key-wrap,
Spomky-Labs/u2f-php,
Spomky-Labs/lexik-jose-bridge,
web-auth/webauthn-lib,
Spomky-Labs/cbor-php,
web-auth/webauthn-symfony-bundle,
Spomky-Labs/cbor-bundle,
Cotya/magento-composer-installer,10.25
ForLoveOfCats/SkyOfSteel,
FormerLurker/Octolapse,633.63
FreezingMoon/AncientBeast,45.61
FrogSquare/GodotFireBase,370.67999999999995
FrogSquare/GodotAds,370.67999999999995
FrogSquare/GodotGoogleService,370.67999999999995
FrogSquare/HappyCrush,370.67999999999995
FrogSquare/GodotUI,370.67999999999995
FrogSquare/DodgeB,370.67999999999995
FubarDevelopment/FtpServer,
FubarDevelopment/WebDavServer,
FubarDevelopment/PamSharp,
FutureMillennium/Screenshot-YouTube,
FutureMillennium/Gongfu-Tea-Timer,
FutureMillennium/Helmholtz-Pitch-Notation-Converter,
FutureMillennium/Download-Tumblr-raw,
MadDeCoDeR/Open_Platform,
teodorandrei/ChatCover,
mschot/mycroft-smartthings,579.85
inib/minebot-scripts,1097.9299999999998
GingerLoaf/UnityEventDemonstration,
BaileyGingerTechnology/PackerSystems,
BaileyGingerTechnology/ScoringEngine,
guilds-plugin/Guilds,89.63000000000001
Oribuin/BabyOri,
montsigur/youtube-cli,
rokrodic/USB-Keyboard,
rokrodic/uroflow,
rokrodic/router_rebooter_arduino,
InspireNXE/TimeWarp,
letscontrolit/ESPEasy,2946.81
GuillaumeGomez/rust-GSL,13.95
jablonsk19/HTA,
vuese/vuese,
HcySunYang/sao-hcy-nm,
HectorPulido/Evolutionary-Neural-Networks-on-unity-for-bots,78.74000000000001
HectorPulido/Unity-Battle-Royale-game-Made-With-Unity,78.74000000000001
HectorPulido/Unity-MMO-Framework,78.74000000000001
HectorPulido/Multi-layer-perceptron,78.74000000000001
HectorPulido/UnityTurnBasedCombatSystem,78.74000000000001
HectorPulido/UnitySimpleInventorySystem,78.74000000000001
HectorPulido/Unity-Arpg-Online,78.74000000000001
HectorPulido/Imitation-learning-in-unity,78.74000000000001
HectorPulido/Unity-Rewind-Mechanic,78.74000000000001
HectorPulido/Simple-RTS-Made-With-Unity,78.74000000000001
HectorPulido/Contra-Like-game-made-with-unity,78.74000000000001
HectorPulido/Beat-em-up-made-with-unity,78.74000000000001
HectorPulido/Simple_Linear_Algebra,78.74000000000001
HectorPulido/Chatbot-seq2seq-C-,78.74000000000001
HectorPulido/Ridiculus-fishing-clone-made-with-unity,78.74000000000001
HectorPulido/Evolutionary-Neural-Bots-On-Survival-Shooter,78.74000000000001
HectorPulido/Mario-maker-like-game-made-with-unity,78.74000000000001
HectorPulido/Decentralized-Twitter-with-blockchain-as-base,78.74000000000001
HectorPulido/Angry-birds-like-game-made-with-UNITY-and-C-,78.74000000000001
HectorPulido/Pacman-Online-made-with-unity,78.74000000000001
HectorPulido/Survival-zombie-game-made-with-unity,78.74000000000001
HectorPulido/Vectorized-multilayer-neural-network,78.74000000000001
HectorPulido/Three-Genetics-Algorithm-Using-Unity,78.74000000000001
HectorPulido/MINECRAFT-like-game-made-with-UNITY,78.74000000000001
HectorPulido/Worms-like-game-made-with-unity,78.74000000000001
HectorPulido/Draw-In-Unity-3D,78.74000000000001
HectorPulido/Unity-First-Person-Shooter-Online,78.74000000000001
HectorPulido/Punch-out-Like-game-made-with-unity,78.74000000000001
HectorPulido/Convolutional-Neural-Network-From-Scratch,78.74000000000001
HectorPulido/Simple-vectorized-mono-layer-perceptron,78.74000000000001
HectorPulido/The-battle-cats-like-game-made-with-unity,78.74000000000001
HectorPulido/UnityPlantsVsZombiesClone,78.74000000000001
HectorPulido/Multipourpuse-third-person-shooter-unity,78.74000000000001
HectorPulido/Unity-Floating-Damage-Number,78.74000000000001
HectorPulido/UnitySimpleMatch3,78.74000000000001
HectorPulido/Unity-Virtual-pet,78.74000000000001
HectorPulido/Ballon-Fighter-clone-made-with-unity,78.74000000000001
HectorPulido/Rc-pro-am-Game-made-with-unity,78.74000000000001
HectorPulido/Unity-Minesweeper-clone,78.74000000000001
HectorPulido/Procedural-Dungeon-Generation-Algorithm-Unity,78.74000000000001
HectorPulido/UnityArkanoid,78.74000000000001
HectorPulido/Unity-Unet-Chat,78.74000000000001
HectorPulido/Unity-Simple-Tetris-Clone,78.74000000000001
HectorPulido/UnitySimpleSnake,78.74000000000001
HectorPulido/Unity-twitch-chat-link,78.74000000000001
HiEv/UInv,16.05
oohicksyoo/Youtube-Multiplayer_Game_With_Unity_And_NodeJS,39.379999999999995
Skrifa/Skrifa,562.91
Skrifa/Lite,562.91
Skrifa/Chrome,562.91
IainIsCreative/awesome-robot-combat,236.36
IainIsCreative/smooth-js-rgb-led-transitions,236.36
IainIsCreative/simple-nodebot,236.36
Icecovery/Game-Data-Switcher,7.920000000000001
ImCoolYeah105/Mechanization,
prcnet/tlstest,142.73999999999998
Um-Mitternacht/Bewitchment,220.23000000000002
tonci4/Instagram,
16ColorGames/Its-a-DND-PCGen-Dataset-Now,1138.11
IvanDragogear/Practicas_kivy_espanol,
JDsnyke/PS4-Cheat-List,
JRoy/InstagramLive-PHP,
JRoy/happybot,
JRoy/ghostFollowers-PHP,
JRoy/discord-themer,
Dorky106/NewColonyAPI,
MilaBot/Quick-SQLite,
JavaDevVictoria/Article-Status-Email-Notifications,
Pecon/RogueType,
karmachameleon/arcs,3121.74
karmachameleon/quests,3121.74
Jimmyee/Endless-Online-Awaken,
21Joakim/Jockie-Utils,
JshReaper/cs-testing,
JuanMTech/Home_Assistant_files,25.509999999999998
TimelessModdingTeam/Unilib,
JustArchiNET/ArchiSteamFarm,1413.76
KageDesu/Alpha-ABS,1082.9499999999998
KageDesu/AlphaNET,1082.9499999999998
KannaDev/Kanna-Bot,
Godson777/KekBot,107.58999999999999
Kpovoc/chat-steward,
MRTsvetkov25/Morrowind,1005.5400000000002
janixva/Kbet,
KurozeroPB/discotify,
KurozeroPB/RssEmitter,
ImKyle4815/cardconjurer,
AaronSoria/PAnalizer,
LakeYS/Discord-Trivia-Bot,
LakeYS/7DTD-Discord,
Lassemc475/fivem-scripts,
LeaPhant/pagkibot,
spilomac/spilomak,
LeoSaucedo/rikka-bot,
LethalMaus/StreamingYorkie,
ci010/ts-minecraft,1103.99
fanfoujs/xiaofan-wechat,
LitoMore/nofan,
LitoMore/fanfou-sdk-node,
LitoMore/alfred-fanfou,
LitoMore/x-fan,
LitoMore/kap-fanfou,
LitoMore/fanfou-sdk-weapp,
LitoMore/maofan-apn,
fanfoujs/electron-fanfou,
DariusMiu/Irbis,1412.98
DariusMiu/DariusMiu.github.io,1412.98
LotteMakesStuff/SimplePhysicsDemo,3817.7500000000005
devalexandre/oc-pagseguro,941.15
devalexandre/oc-frontend-formbuilder,941.15
guivanrv/cxbx-reloaded-compatibility-list,5119.0
Machine-Learning-Tokyo/MLT_starterkit,
vprime/twitch_arm,
ManlyMarco/RuntimeUnityEditor,1322.9699999999998
ManlyMarco/KK-HF_Patch,1322.9699999999998
ManlyMarco/KoikatuCheatTools,1322.9699999999998
ManlyMarco/KKABMX,1322.9699999999998
ManlyMarco/KK_SkinEffects,1322.9699999999998
ManlyMarco/KK_BrowserFolders,1322.9699999999998
ManlyMarco/KK_ImageSeriesRecorder,1322.9699999999998
ManlyMarco/EC-HF_Patch,1322.9699999999998
MarchWorks/AniTV,
MasterAscendent/The-Music-Machine,
mmckegg/ferment,540.5199999999999
fermentation/ferment,540.5199999999999
mmckegg/loop-drop-app,540.5199999999999
mchorse/blockbuster,455.25
mchorse/metamorph,455.25
mchorse/aperture,455.25
mchorse/commander,455.25
emptyport/js-emass,
emptyport/molecular-formula,
emptyport/peptide-modifier,
emptyport/psm,
emptyport/js-mgf,
emptyport/tandem-parser,
emptyport/isotope-abundances,
emptyport/fasta-js,
emptyport/peptide-fragmenter,
emptyport/unimod,
emptyport/peptide-cutter,
emptyport/js_mzml,
emptyport/pepxml-parser,
Miouyouyou/MyyQi,19.32
Miouyouyou/RockMyy,19.32
Miouyouyou/Android-GoogleMap-Kotlin-Example,19.32
Miouyouyou/rockchip-vcodec,19.32
Miouyouyou/RockMyy-Build,19.32
Miouyouyou/ARMv8a-Return-value-to-Java-Android,19.32
Miouyouyou/Android-framebuffer-Direct-Example,19.32
Miouyouyou/ARMv8a-Call-Java-method-from-Assembly,19.32
Miouyouyou/ARM8-Android-FB-Tests,19.32
vis2k/Mirror,1250.28
NotAWeebDev/Misaki,
MathieuAuclair/MoistyTheBot,
MorsMortium/Luajit-Game-Engine,
MrJDubYou/betterdiscord,
mrjackphil/draw.io-roll-plugin,
CHEF-KOCH/Donations,
WagashiLolicon/JackOb-MusicBot,
NathanaelA/nativescript-themes,440.52
nathanaela/tns-template-plugin,440.52
nathanaela/nativescript-master-technology,440.52
NathanaelA/tns-template-plugin,440.52
NathanaelA/nativescript-master-technology,440.52
NathanaelA/nativescript-keyboardshowing,440.52
NathanaelA/nativescript-dynamicloader,440.52
nathanaela/nativescript-signalr,440.52
NathanaelA/nativescript-signalr,440.52
NathanaelA/nativescript-hidden,440.52
nathanaela/nativescript-tracing,440.52
NathanaelA/nativescript-tracing,440.52
NathanaelA/nativescript-accessibility,440.52
d4n0n-myself/InformaticsSpring2019-task2,
Nekos-life/neko-bot-jda,508.22
RPCS3/rpcs3,26304.090000000004
NeonOcean/Order,
NeonOcean/Debug,
NeonOcean/Main,
faradenza/filterpoe-3-4,2650.8
elytra/MatterLink,
DaemonicLabs/Voodoo,
NocturnalSolutions/KituraBook,
NorthernSec/CVE-Scan,90.0
NosCoreIO/NosCore,49.010000000000005
NosCoreIO/NosCoreBot,49.010000000000005
HudsonGraeme/Tapp,
BoobBot/BoobBot,
BoobBot/Boo,
BoobBot/ThighBot,
BoobBot/db.BoobBot,
BoobBot/Example-bot,
BoobBot/bbapi-rust,
BoobBot/Yes-Daddy,
Tinymanhood/Rouge-Like-Expanded,22048.16
OpUs-Nebula/Arma-3-Operation-Unending-Storm-OpUs-,
WaveHack/OpenDominion,244.71999999999997
OpenLabsHackerspace/nsa-monitored-device,891.22
OpenLabsHackerspace/branding,891.22
elamperti/OpenWebScrobbler,96.05000000000001
PaironsTech/ApiHelper,
PasGl/ooblox,
dandesz198/pass,
PassthroughPOST/Hackintosh-KVM,113.15
PassthroughPOST/VFIO-Tools,113.15
PeterCxy/Shelter,29.6
hexalang/hexa,1.77
Phrohdoh/tsqlust,
Phrohdoh/CoreFire,
Phrohdoh/mission2waypoint,
Phrohdoh/arini-discovery,
Phrohdoh/ynab-rs,
Phrohdoh/asterisk-callfile,
Pragmatismo/Pigrow,305.98
Pragmatismo/tempgraphcomp,305.98
Devzstudio/BloodBank,
Devzstudio/Cloud-Backup,
tilkinsc/tilkinsc.github.io,
Poudingue/Vanilla-Normals-Renewed-1.12,
pterodactyl-app/Pterodactyl-app,4.86
PycryptScripts/UnityScripts,
QFSW/SIIE,
QFSW/PerformanceLogger,
QFSW/QMath,
QORTEC/chapterize,
auQuiksilver/Apex-Framework,203.89000000000001
Deivedux/Shiramine,
Amarde01/Cubestrike,
Frodo45127/rpfm,211.63
Tehrible/RaidCDs,90.59
RaiderIO/raiderio-addon,
RationalAnimal/vui-ad-hoc-alexa-recognizer,
DEgITx/rats-search,
ThingEngineer/ReactorForge,625.59
Cog-Creators/Red-DiscordBot,1169.21
jacobaccio/SURPG,
POE-Addon-Launcher/PAL2,
OpenDyslexic/opendyslexic-chrome,
OpenDyslexic/firefox-extension,
alarouche/czrpc,
rumblefrog/source-chat-relay,3.35
chrisjohnson/runelite-extended,167.66
S64/android-sticky-recycler,
S64/moshi-kotlin-ignore,
SalmanShhh/Public-Construct-PatreonRewards,412.63
SaltboxGames/patreon-lambda,1.5899999999999999
Sandrem/FlyCasual,
scalda/FoolCraft,1365.08
scalda/Foolcraft_3,1365.08
scalda/Hermitpack,1365.08
scalda/Code_Name_SS4,1365.08
scalda/Monsterpack,1365.08
scalda/Anet_A8_Info,1365.08
scalda/Iskall85_public_server_issues,1365.08
scalda/Survival-Stories-3,1365.08
scalda/Iskalls-Island,1365.08
scalda/Hermit_Quest,1365.08
scalda/pack-name-unkown,1365.08
scalda/Hermit-Wars,1365.08
scalda/Survival-Stories-2,1365.08
scalda/Hermit-Quest,1365.08
JessicaML/ScienceMotion-Static,
JessicaML/ScienceMotions-rails,
eclab/edisyn,13.5
eclab/flow,13.5
Seanitzel/Note-Art,
PixelPineapple/2DCharacterController,5787.87
LazySano/Zerotwobot,
ZILtoid1991/pixelperfectengine,27.220000000000002
ZILtoid1991/vfile,27.220000000000002
ZILtoid1991/bindbc-zstandard,27.220000000000002
ZILtoid1991/datapak,27.220000000000002
Nundir/System-bot,
Shinoow/AbyssalCraft,53.98
Shinoow/AbyssalCraft-Heads,53.98
Shinoow/AbyssalCraft-Integration,53.98
Shinoow/AbyssalBlocks,53.98
ArtemGr/Sidekick,
chaixshot/vrp_home_spawn,67.48
chaixshot/vrp_hotkeys,67.48
SightstoneOfficial/Sightstone.AspNet,
slavetrainermod/WT-Silver,
silviubogan/my-ubuntu-steps,25.110000000000007
silviubogan/dotfiles,25.110000000000007
SkyJedi/RPG-Web-Character-Creator,366.04999999999995
SkyJedi/DRYH-Discord-Dice-Roller,366.04999999999995
SkyJedi/STA-Discord-Dice-Roller,366.04999999999995
SkyzohKey/node-raiblocks-rpc,25.119999999999997
Tox-Client/shathui,25.119999999999997
smkplus/ShaderInDepth,89.77000000000001
jnadro/farm_jam,10.030000000000001
OpenAddOnManager/OpenAddOnManager,
dotnetGame/MineCase,
AutumnWohlen/Space-Desktop,
AutumnWohlen/Space-Desktop-Docs,
AutumnWohlen/Space-Desktop-Theme-Standart,
hbons/SparkleShare,80.08999999999999
sparklinlabs/superpowers-asset-packs,
Lylac88/SevaGameMaperBeta,
Wutname1/SpartanUI,34.629999999999995
Wutname1/FunFact,34.629999999999995
TinyModularThings/IC2Classic,29.630000000000003
teampheenix/StarCraft-Casting-Tool,179.85999999999999
StartPolymer/patrons,
StrikerX3/virt86,
StrikerX3/virt86-demos,
swifty-report-cards/swifty-bot,
ADoby/SimpleSprinkler,
NightlyRevenger/TataruHelper,
Team-IO/director,
Team-IO/teamioutils,
Team-IO/Familiars,
Tecnonucleous/Tecnonucleous-Bot,
tbtp-ev/tbtp-ev.github.io,10628.619999999999
Szucs-A/WesternWorld,28619.99
game102/ShaderToy,
Jordan396/Audio-Transcriber-SPA,
TheCyaniteProject/exit_code_java,
TheCyaniteProject/exit_code_dev,
the-expanse/SideQuest,
TheOfficialFloW/h-encore,2609.9100000000003
TheOfficialFloW/Trinity,2609.9100000000003
TheOfficialFloW/modoru,2609.9100000000003
TheOfficialFloW/VitaTweaks,2609.9100000000003
TheOfficialFloW/RemasteredControls,2609.9100000000003
PreMiD/PreMiD,
Tomson124/HazardousResearch,
TonicArtos/SuperSLiM,102.89999999999999
DarkForestBot/blackForestBot,
GarageGames/Torque2D,
jtheck/Treha,
TrueXPixels/quick.db,24.32
TrustyJAID/Trusty-cogs,
Sno-House/BryBot,1714.06
Sno-House/HeatMapz,1714.06
Sno-House/Miyazono-bot,1714.06
typicalbot/typicalbot.com,155.70000000000002
HDInnovations/UNIT3D,68.09
poppabear8883/UNIT3D-INSTALLER,68.09
unfurledboredom/Chip,
JohannesDeml/unity-ui-extensions,106.66999999999999
jorik041/UnityUIExtensions,106.66999999999999
SuperPenguin/unity-ui-extensions,106.66999999999999
JJarvis89/unity-ui-extensions,106.66999999999999
valentin2105/Kubernetes-Saltstack,1386.0099999999998
vaxkun/ReinhardtLike-Shield-ShaderForge,23.1
Ritchie454/VertGreen-1,
Ritchie454/VertGreen,
VibezDevelopment/Projects,
Vita3K/Vita3K,1624.6100000000001
vladimir-vg/batiscaph,
alesta88/Notes,
Waterin/Coloured-Discord-Theme,
LambdaInnovation/AcademyCraft,516.5699999999999
WeAthFoLD/MetaSprite,516.5699999999999
Calamitizer/Crawler,25253.29
WillpowerStudios/ElektroMagnetix-of-The-Universe,
WillpowerStudios/WillpowerThereminArduino01,
X1Zeth2X/Hanabiv2,
X-PlaneEspanol/SimVimCockpit,90.34
Xaymar/obs-stream-effects,661.6
Xaymar/i18n-js,661.6
Xerotherm1c/JailbreakTools,
XiaomiFirmwareUpdater/mi-firmware-updater,
XiaomiFirmwareUpdater/firmware_xiaomi_capricorn,
XiaomiFirmwareUpdater/firmware_xiaomi_gemini,
XiaomiFirmwareUpdater/firmware_xiaomi_sagit,
XiaomiFirmwareUpdater/firmware_xiaomi_mido,
XiaomiFirmwareUpdater/firmware_xiaomi_whyred,
XiaomiFirmwareUpdater/miui-updates-tracker,
XiaomiFirmwareUpdater/firmware_xiaomi_dipper,
XiaomiFirmwareUpdater/firmware_xiaomi_chiron,
XiaomiFirmwareUpdater/firmware_xiaomi_land,
XiaomiFirmwareUpdater/firmware_xiaomi_vince,
XiaomiFirmwareUpdater/firmware_xiaomi_polaris,
XiaomiFirmwareUpdater/firmware_xiaomi_santoni,
XiaomiFirmwareUpdater/firmware_xiaomi_beryllium,
XiaomiFirmwareUpdater/firmware_xiaomi_kenzo,
XiaomiFirmwareUpdater/firmware_xiaomi_natrium,
XiaomiFirmwareUpdater/firmware_xiaomi_jason,
XiaomiFirmwareUpdater/firmware_xiaomi_wayne,
XiaomiFirmwareUpdater/firmware_xiaomi_sirius,
XiaomiFirmwareUpdater/firmware_xiaomi_lithium,
XiaomiFirmwareUpdater/firmware_xiaomi_scorpio,
XiaomiFirmwareUpdater/firmware_xiaomi_rosy,
XiaomiFirmwareUpdater/firmware_xiaomi_cepheus,
XiaomiFirmwareUpdater/firmware_xiaomi_nitrogen,
XiaomiFirmwareUpdater/firmware_xiaomi_helium,
XiaomiFirmwareUpdater/firmware_xiaomi_rolex,
XiaomiFirmwareUpdater/firmware_xiaomi_lavender,
XiaomiFirmwareUpdater/firmware_xiaomi_markw,
XiaomiFirmwareUpdater/firmware_xiaomi_clover,
XiaomiFirmwareUpdater/firmware_xiaomi_tiffany,
XiaomiFirmwareUpdater/firmware_xiaomi_kate,
XiaomiFirmwareUpdater/firmware_xiaomi_ido,
XiaomiFirmwareUpdater/firmware_xiaomi_aqua,
XiaomiFirmwareUpdater/firmware_xiaomi_libra,
XiaomiFirmwareUpdater/firmware_xiaomi_oxygen,
XiaomiFirmwareUpdater/firmware_xiaomi_perseus,
XiaomiFirmwareUpdater/firmware_xiaomi_raphael,
XiaomiFirmwareUpdater/firmware_xiaomi_tulip,
XiaomiFirmwareUpdater/firmware_xiaomi_ysl,
XiaomiFirmwareUpdater/firmware_xiaomi_riva,
XiaomiFirmwareUpdater/firmware_xiaomi_prada,
XiaomiFirmwareUpdater/firmware_xiaomi_platina,
XiaomiFirmwareUpdater/firmware_xiaomi_ugg,
XiaomiFirmwareUpdater/firmware_xiaomi_cappu,
XiaomiFirmwareUpdater/firmware_xiaomi_grus,
XiaomiFirmwareUpdater/firmware_xiaomi_equuleus,
XiaomiFirmwareUpdater/firmware_xiaomi_sakura,
XiaomiFirmwareUpdater/firmware_xiaomi_ursa,
XiaomiFirmwareUpdater/firmware_xiaomi_davinci,
XiaomiFirmwareUpdater/firmware_xiaomi_ugglite,
XiaomiFirmwareUpdater/firmware_xiaomi_onc,
XiaomiFirmwareUpdater/firmware_xiaomi_hydrogen,
nekoyoubi/yep_util,20375.239999999998
goldenpotato22/YappyGithub-Rewrite,74.42
Brianino/YotsugiBot,
youre-perfect-studio/catherines-quest,607.1600000000001
zabi94/Covens-reborn,496.7900000000001
jealouscloud/lra-ffmpeg,
zorbathut/aworldwithouthat,312.80000000000007
zorbathut/sillybuilder,312.80000000000007
zorbathut/stepaway,312.80000000000007
RHGDEV/Little-R,
huangyuan9/distributer,105.86999999999999
huangyuan9/permission,105.86999999999999
ory/hydra,2846.39
ory/oathkeeper,2846.39
ory/keto,2846.39
pjf/rickastley,570.17
a161803398/PlexstormCapture,75.89999999999999
a1ext/labeless,9.55
aalok05/CodeHub,
abedputra/Dnato-system-login,
abedputra/Attendance-login-system,
abedputra/GoInstaller,
GoLavaCMS/GoLavaCMS,
abedputra/GigaCMS,
aberba/elementaryOS-devbook,
emoji-short/extension,
abr4xas/nuky,
AllAlgorithms/python,
AllAlgorithms/javascript,
AllAlgorithms/ruby,
AllAlgorithms/java,
AllAlgorithms/swift,
AllAlgorithms/csharp,
AllAlgorithms/rust,
AllAlgorithms/go,
abranhe/username,
AllAlgorithms/shell,
abranhe/bigdecimal,
AllAlgorithms/php,
AllAlgorithms/haskell,
abranhe/lupe,
AllAlgorithms/typescript,
AllAlgorithms/erlang,
abranhe/github-npm,
AllAlgorithms/assembly,
AllAlgorithms/perl,
AllAlgorithms/fortran,
abranhe/decamelize,
abranhe/tocamelcase,
AllAlgorithms/clojure,
abranhe/bible-male-names.py,
AllAlgorithms/R,
abranhe/username-cli,
abranhe/arg,
AllAlgorithms/apple-script,
AllAlgorithms/racket,
AllAlgorithms/brainfuck,
AllAlgorithms/kotlin,
AllAlgorithms/fsharp,
AllAlgorithms/scala,
abranhe/s-to-o,
abranhe/str-to-arr,
AllAlgorithms/objective-j,
AllAlgorithms/lua,
abranhe/cu,
abranhe/randn,
abranhe/instagram-followers,
abranhe/r4nd0mstr1ng,
AllAlgorithms/matlab,
AllAlgorithms/lisp,
abranhe/dtfe,
AllAlgorithms/lol,
abranhe/permutated,
abranhe/bible-female-names,
abranhe/consecutively-unique,
abranhe/abranhe.github.io,
abranhe/quick-srt-cli,
abranhe/abranhe,
AllAlgorithms/julia,
abranhe/marry-christmas,
abranhe/init-pkg-json,
abranhe/merge-srt,
abranhe/bible-male-names,
abranhe/merge-srt-cli,
abranhe/all-words,
abranhe/init-editorconfig-cli,
abranhe/abranhe-feedback,
AllAlgorithms/coffeescript,
abranhe/racefx,
abranhe/popular-repos,
abranhe/init-pkg-json-cli,
abranhe/sta,
abranhe/check-camelcase,
abranhe/ci-success,
abranhe/bubble-srt,
AllAlgorithms/jupyter,
AllAlgorithms/maxima,
absalomedia/tensile,
absalomedia/prestashop-12-factor,
absalomedia/minser,
CodeForPortland/access2justicePDX,
aceholecousins/acechase,13.05
ackintosh/ganesha,31.85
ackintosh/snidel,31.85
genie-team/graphql-genie,
acrobotic/Ai_Docs,194.13
acrobotic/Ai_Tips_ESP8266,194.13
acrobotic/Ai_Ardulib_SSD1306,194.13
acrobotic/Ai_Demos_WeMos,194.13
catsarecoo/activstudio,
Adamslab/OpenSlider,
adangert/JoustMania,
waud/waud,
waud/waudbase64,
adireddy/waudbase64,
adireddy/haxe-howler,
adireddy/waudsprite,
waud/waudsprite,
adireddy/perf,
poppinss/youch,4355.740000000001
adonisjs/adonis-cli,4355.740000000001
dazulu/music,204.59000000000003
Aegonian/ElithianAllianceStarboundMod,264.0
openspace42/aenigma,18.44
Aftnet/LibretroRT,
Aftnet/RetriX,
PhantomInsights/summarizer,
PhantomAppDevelopment/firebase-as3,
PhantomInsights/comments-generator,
PhantomAppDevelopment/icon-generator,
PhantomInsights/forhirehelper,
ScreepsMods/screepsmod-web-client,1225.0500000000002
angularfy/ng-autonumeric,
pipe-dream/laravel,
WT-Devs/WT-Silver,82321.93
Akarin-project/Akarin,
akasoggybunz/akasoggybunz,
xxczaki/oji,
pizzaql/pizzaql,
xxczaki/xa,
xxczaki/speedo-cli,
elcalc/elcalc,
xxczaki/bitly-cli-client,
xxczaki/nasa-cli,
xxczaki/calculator.js,
xxczaki/status-git,
xxczaki/movies-cli,
xxczaki/open-weather-cli,
xxczaki/archfetch,
xxczaki/airly-cli,
xxczaki/mija,
xxczaki/airly,
xxczaki/ubufetch,
akiraux/Akira,2656.39
Akryum/vue-apollo,11754.15
Akryum/vue-virtual-scroller,11754.15
Akryum/v-tooltip,11754.15
Akryum/vue-tooltip,11754.15
meteor-vue/vue-meteor,11754.15
Akryum/vue-observe-visibility,11754.15
Akryum/vue-googlemaps,11754.15
Akryum/vue-cli-plugin-apollo,11754.15
Akryum/vue-cli-plugin-ssr,11754.15
Akryum/vue-resize,11754.15
Akryum/vue-progress-path,11754.15
Akryum/vue-summit-app,11754.15
Akryum/nodepack,11754.15
meteor-vue/vue-meteor-tracker,11754.15
Akryum/vue-router-multi-view,11754.15
Akryum/graphql-migrate,11754.15
Akryum/packt-vue-project-guide,11754.15
Akryum/graphql-annotations,11754.15
AkshayCraZzY/YouTubeDownloader-AHK,
MattSuekel/Inspire,
alaingalvan/guardian-gm81,
alaingalvan/ora.gmx,
Alecaddd/sequeler,1178.85
Alecaddd/taxi,1178.85
greena13/react-hotkeys,
alefragnani/vscode-project-manager,
alefragnani/vscode-bookmarks,
alefragnani/vscode-language-pascal,
alefragnani/vscode-numbered-bookmarks,
alefragnani/atom-language-pascal,
alefragnani/delphi-james,
alefragnani/vscode-jenkins-status,
alefragnani/vscode-delphi-pack,
alefragnani/vscode-read-only-indicator,
alefragnani/vscode-pascal-formatter,
alefragnani/vscode-language-rtf,
alefragnani/vscode-delphi-keybindings,
alefragnani/delphi-code-templates,
alefragnani/vscode-tagged-comment,
alefragnani/atom-tagged-comment,
alefragnani/vscode-delphi-themes,
alefragnani/atom-code-dark-syntax,
alefragnani/vscode-copy-word,
alefragnani/atom-code-dark-ui,
avaneev/r8brain-free-src,
avaneev/avir,
avaneev/biteopt,
Alex-D/Trumbowyg,1363.63
Alex-D/Cookies-EU-banner,1363.63
alexdevero/instatron,
alexdevero/instagram-desktop-uploader,
alexdevero/react-mobx-react-router-boilerplate,
alexdevero/meditation-web-app,
alexdevero/zentime-meditation-web-app,
alexdevero/EtherCSS,
alexdevero/grease-the-groove-app,
alexdevero/ethercss,
alexdevero/electron-react-mobx-boilerplate,
alexdevero/leet-speak-converter,
alexdevero/npm-package-generator,
alexdevero/ai-evolving-fish-intelligence,
alexdevero/quotist,
alexdevero/express-react-webapp-boilerplate,
alexdevero/js-website-crawler,
alexdevero/chiffre,
alexdevero/conemu-dex-theme,
alexdevero/tinycard-greatest-entrepreneurs,
alexdevero/simple-reddit-api-fetch,
alexdevero/react-typescript-styled-components-boilerplate,
alexdevero/playerfm-desktop-app,
alexdevero/simple-node-js-server,
alexdevero/gridd,
alexdevero/numeronym-converter,
alexdevero/tinycards-dashboard,
alexdevero/body-fat-calculator,
alexdevero/tensorflowjs-playground,
alexdevero/death-clock-chrome-extension,
alexdevero/binary-converter,
alexdevero/Simple-Node.js-Server,
alexdevero/persona-generator,
alexdevero/project-boilerplate,
alexdevero/khan-academy-desktop-app,
openfaas/faas,3118.15
openfaas/backer-thankyou,3118.15
my5t3ry/zrythmFork,
HyperOOP/hyperoop,
HyperOOP/hyperoop-router,
algernon/Kaleidocode,188.73
Algoru/AmayaPorts,
Algoru/VNAP,
trailofbits/algo,546.56
trailofbits/algo-ng,546.56
aussie-battler/Alias-Anomaly-Creatures,123.19000000000001
Alicannklc/intellij-tailwind-css,
Alicannklc/phpstorm-laravel-snippets,
Alicannklc/laravel-snippets-5,
Alicannklc/Vsocde-Phpsearch,
Alicannklc/Helpercss,
Alicannklc/frontend-kit-gulp,
alidrus/vue-simple-inline-translation,
thalesrc/js-utils,
thalesrc/scroll-manager,
thalesrc/sticky,
paulsapps/alive,70.12
AllanBallester/RiSE,
AllTheMods/ATM-3,1123.7900000000002
AllTheMods/ATM3-Remix,1123.7900000000002
AllTheMods/AllTheMagic,1123.7900000000002
AllTheMods/ATM3-Expert,1123.7900000000002
AllTheMods/ATM-4,1123.7900000000002
AllTheMods/ATM3-Lite,1123.7900000000002
AlphaKretin/bastion-bot,244.33
AlphaKretin/colress-bot,244.33
issus/altium-library,782.8400000000001
vuegg/vuegg,
ividjs/ivid,
alxpez/woye,
amadden1990/AltspaceVR-Unity-SDK,15.840000000000002
amilajack/eslint-plugin-compat,14.25
amilajack/reading,14.25
amilajack/eslint-plugin-flowtype-errors,14.25
amilajack/js-algorithms,14.25
amilajack/compat-db,14.25
amilajack/drum-machine,14.25
amilajack/joker,14.25
amilajack/ast-metadata-inferer,14.25
NaturalIntelligence/fast-xml-parser,
NaturalIntelligence/Stubmatic,
nimndata/nimnjs,
amitguptagwl/Java-Rule-Book,
node-muneem/anumargak,
amitmerchant1990/electron-markdownify,3.6500000000000004
amitmerchant1990/pomolectron,3.6500000000000004
amitmerchant1990/correo,3.6500000000000004
amitmerchant1990/notepad,3.6500000000000004
trongtuyen96/CarMap,3.6500000000000004
RbkGh/ShattaGit,3.6500000000000004
aferrero2707/gimp-plugins-collection,226.76
IncrementalMe/Game,
IncrementalMe/incremental,
andrewda/node-steam-guide,
bnb/awesome-developer-streams,5834.429999999999
andrewrk/zig-general-purpose-allocator,5834.429999999999
CrazyDude1994/android-taranis-smartport-telemetry,
Androz2091/AtlantaBot,
AngelThump/website,2608.59
AngelThump/player,2608.59
AngelThump/status,2608.59
Balmah/RarRar,1328.7999999999997
mupfelofen-de/rainbow-joe,3688.56
pepone42/FlappyBrick,3688.56
vuejsdevelopers/vuejs-poster-shop,895.76
vuejsdevelopers/vuejs-calendar,895.76
vuejsdevelopers/vuejs-cinema,895.76
vuejsdevelopers/poster-shop,895.76
Antmounds/antennae,
antonmedv/monkberry,
antonmedv/expr,
antonmedv/finder,
antonreshetov/mysigmail,
antonybudianto/cra-universal,
anvaka/sayit,148.43
anvaka/winvelviz,148.43
anvaka/map-print,148.43
anvaka/graph-start,148.43
anvaka/ngraph.louvain.native,148.43
mwcrow/aegis-units,524.96
anysz/ovopy,
anysz/IMFS,
sunkencity999/anythinggoes,
HugoDerave/ApexLegendsAPI,
FlyingKatsu/patreon-post-index,
API-Skeletons/zf-doctrine-graphql,
API-Skeletons/zf-doctrine-hydrator,
API-Skeletons/zf-doctrine-audit,
API-Skeletons/zf-oauth2-doctrine-identity,
API-Skeletons/zf-doctrine-criteria,
API-Skeletons/correct-utf8-encoding,
apollo-black/dev-vm,
ApoorvSaxena/lozad.js,
appernetic/hugo-nederburg-theme,
appernetic/hugo-bootstrap-premium,
appernetic/hugo-bootstrap-premium-dev,
yysun/apprun,245.10999999999996
shinsenter/defer.js,
shinsenter/defer.php,
shinsenter/defer-wordpress,
appstract/laravel-blade-directives,
appstract/laravel-options,
appstract/laravel-multisite,
appstract/laravel-bootstrap-components,
appstract/laravel-tracer,
appstract/laravel-meta,
appstract/dd.js,
appstract/lush-http,
appstract/laravel-elixir-env,
appstract/laravel-response-macros,
appstract/laravel-referer-redirector,
appstract/v-validate,
appstract/php-hostsfile,
appstract/vue-validate,
appstract/skeleton-php,
appstract/laravel-artisan-scan,
appstract/laravel-crawl-render,
appstract/laravel-dusk-safari,
appstract/laravel-dusk-opera,
appstract/skeleton-vue,
appstract/laravel-moneybird,
appstract/skeleton-js,
appstract/laravel-lush-artisan,
303k/gulp-sync-env,
303K/gulp-sync-env,
nutskey/nutskey,
arasatasaygin/openlogos,64.68
arbox/machine-learning-with-ruby,
arbox/nlp-with-ruby,
Co-dfns/Co-dfns,309.61
ksobon/MantisShrimp,
ksobon/Bumblebee,
ksobon/archilab,
ardalanamini/prototyped.js,
foxifyjs/odin,
ardalanamini/node-kutt,
ardalanamini/carbonjs,
foxifyjs/schema,
foxifyjs/foxify-restify-odin,
ardalanamini/typedoc-plugin-example-tag,
arguiot/DisplayJS,
arguiot/Protype,
arguiot/ProType,
arguiot/Catch,
arguiot/Emojify,
uagpmc/bad-dragon,
vasani-arpit/WBOT,
clojure-grimoire/lib-grimoire,370.44
arshadkazmi42/first-issues,
arshadkazmi42/ak-cli,
arshadkazmi42/squash,
arshadkazmi42/ak-phrase.js,
gh-conf/gh-conf-write,
gh-conf/gh-conf-response,
gh-conf/gh-conf-validate,
gh-conf/gh-conf-read,
arshadkazmi42/ak-url-validate,
arshadkazmi42/json-nested-replace,
arshadkazmi42/hasattr,
arsnebula/polymer-quill,
arsnebula/nebula-routing,
arsnebula/nebula-button,
arsnebula/nebula-sidebar-layout,
arsnebula/nebula-toast,
arsnebula/nebula-app-essentials,
arsnebula/nebula-ui-essentials,
arsnebula/nebula-essentials,
arsnebula/nebula-focus-behavior,
arsnebula/nebula-i18n,
arsnebula/nebula-storage,
arsnebula/nebula-element-mixin,
arsnebula/nebula-flexbox,
arsnebula/nebula-dialog,
arsnebula/nebula-progress,
arsnebula/nebula-alert,
arsnebula/nebula-rating,
arsnebula/nebula-validate,
arsnebula/nebula-appbar,
arsnebula/nebula-icons,
arsnebula/nebula-inputbox,
arsnebula/nebula-label,
arsnebula/nebula-switch,
arsnebula/nebula-checkbox,
arsnebula/nebula-appbar-layout,
arsnebula/nebula-queue,
arsnebula/nebula-toolbar,
arsnebula/nebula-icon-button,
arsnebula/nebula-checked-behavior,
arsnebula/nebula-loader,
arsnebula/nebula-button-behavior,
arsnebula/nebula-radio,
arsnebula/nebula-select,
arsnebula/nebula-dispatch,
arsnebula/nebula-test,
arsnebula/nebula-dialog-essentials,
huyingjie/hexo-theme-A-RSnippet,
huyingjie/hexo-theme-A-RSnippet-site,
ArtBIT/Droptopus,
artemisoftnian/com-artemisoftnian-plugins-unityads2,
Arthmoor/AFKTrack,1696.08
Arthmoor/QSF-Portal,1696.08
Arthmoor/AFK-Akismet-PHP,1696.08
Artoria2e5/PRCoords,
arturbien/React95,
ArturSpirin/test_junkie,202.04
ArunMichaelDsouza/tensorflow-image-detection,
adpushup/woodlot,
ArunMichaelDsouza/react-image-appear,
ArunMichaelDsouza/CSS-Mint,
ArunMichaelDsouza/ng-youtube-embed,
ArunMichaelDsouza/ng-image-appear,
ArunMichaelDsouza/picla,
ArunMichaelDsouza/pineapple-sass,
ArunMichaelDsouza/ng-textarea-enter,
ArunMichaelDsouza/bootstrap-football-homepage,
arxiv-vanity/arxiv-vanity,247.09999999999997
arxiv-vanity/engrafo,247.09999999999997
AshamaneProject/AshamaneCore,
wei57863780/mastera,
asherwunk/pygjs,
asherwunk/phabstractic,
asherwunk/objconfig,
ayushsharma82/ESP-DASH,42.129999999999995
ayushsharma82/AsyncElegantOTA,42.129999999999995
ayushsharma82/ElegantOTA,42.129999999999995
Flavinou/scrollity,82.81
MTASZTAKI/assimp,404.15
AsteriskNews/asterisk.news,
atlanticmoon/laravel-gdpr-cookie,
AtlasNX/Kosmos,437.1
atulmy/crate,
atulmy/fullstack-graphql,
atulmy/wispy,
atulmy/hire-smart,
aurorabuilder/elements,355.77
ausi/slug-generator,3244.1799999999994
ausi/cq-prolyfill,3244.1799999999994
avantcontra/p5.we,
avantcontra/osc-websocket-example,
avantcontra/maxmsp-functional-programming,
avantcontra/n4m-qrcode-generator,
avelino/awesome-go,
awes-io/awes-io,
awes-io/demo,
awes-io/repository,
awes-io/indigo-layout,
awes-io/table-builder,
awes-io/form-builder,
awes-io/wiki,
awes-io/auth,
feinwarusoftware/awesomobot,198.5
feinwarusoftware/sppd,198.5
flextype/flextype,
axelgreavette/Sakira,
axlemax/sfdx,
ayselafsar/dicomviewer,219.17
drfh/ThaumicStorage,10121.42
Azgaar/Fantasy-Map-Generator,1209.73
TechnologyhelpBundaberg/Translate-bot2,
azuntik/Amidst-Seed-Hunter,
Zodsmar/Amidst-Seed-Hunter-1.13,
avevlad/russia-it-podcast,299.78
noteclef/noteclef,
noteclef/noteclef.github.io,
backpulse/core,
backpulse/dashboard,
badgeek/svg2shenzhen,259.01000000000005
esptiny86/espsynth86,259.01000000000005
BadToxic/discord-bot-sao,
City-busz/city-repository,8.99
TheBastionBot/Bastion,148.45000000000002
jecowa/Meph,41951.4
bbatsov/prelude,818.9
bbatsov/zenburn-emacs,818.9
JuanitoFatas/ruby-style-guide,818.9
bcurran3/ChocolateyPackages,307.95000000000005
bcurran3/ChocolateyTemplates,307.95000000000005
Lackadaisychain/00000100,361.92
lowsprofile/jaysn,
discourse/discourse-patreon,
bedirhankaradogan/react-media-view,
bedirhankaradogan/react-js-static-chat-example-app,
bedirhankaradogan/react-js-foursquare-api-example-app,
bedirhankaradogan/react-native-barcode-reader-example-app,
beestat/app,542.12
pierreant-p/awesome-miniatures-painting,59621.35999999999
bepu/bepuphysics2,77.64
bepu/bepuphysics1,77.64
wrathsoffire76/pp2d,303.93
BeRo1985/pasvulkan,
BeRo1985/pasmp,
BeRo1985/flre,
BeRo1985/kraft,
BeRo1985/rnl,
BeRo1985/pacc,
BeRo1985/pasjson,
BeRo1985/sasm,
agoldcheidt/archlinux-for-berryboot,74.88
betaflight/betaflight,428.22999999999996
dronejunkie/betaflight,428.22999999999996
bettorld/laravel-soft-archive,
marciovsena/bibleapi,
billz/raspap-webgui,
biohazard999/Scissors.Blog,82.32000000000001
Bionus/imgbrd-grabber,12.23
PiggityPerson/bitpig,
bizz84/SwiftyStoreKit,
bk138/gromit-mpx,
bk138/multivnc,
JeremyFriedly/juice_shop,
Avalon-Entertainment/bkrpg-support,147.08
unp/macos-config,
xiaomi-mi-max-3/android_device_xiaomi_nitrogen,2535.41
xiaomi-mi-max-3/device_xiaomi_nitrogen,2535.41
BradZzz/EldersTale,
blahsd/supernerd.widget,
Bloodmallet/bloodmallet.github.io,
Bloodmallet/bloodytools,
MinecraftPortCentral/GriefPrevention,1295.9399999999998
z0mbie42/flint,97.02
z0mbie42/sane,97.02
z0mbie42/sane-go,97.02
z0mbie42/sane-vim,97.02
z0mbie42/misspell,97.02
z0mbie42/sane-rs,97.02
bludit/bludit,620.78
Vault16Software/Blue-Flame-Engine,
danlapteacru/frontend-boilerplate,
blugavere/express-batching,
blugavere/cassandra-repository,
blugavere/mongo-repository,
blugavere/mongodb-repository,
bmewburn/vscode-intelephense,
bmewburn/intelephense-docs,
qazbnm456/awesome-web-security,
qazbnm456/awesome-cve-poc,
LulumiProject/lulumi-browser,
Muhammd/awesome-web-security,
qazbnm456/better-browser,
qazbnm456/ZhConversion,
ProximaNova/Booru-mass-editor,914.91
monabhardwaj/BoostNote-opensource-test,35.52
boramalper/magnetico,
boramalper/pydis,
vgc/vgc,1714.69
botman/botman,229.09
botman/studio,229.09
rashidlaasri/build-a-telegram-bot-with-laravel-and-botman,229.09
miracsengonul/finance_chatbot,229.09
DiegoDevGroup/wavephpbot,229.09
Armen96/Chat-Bot-Botman,229.09
brainfoolong/cryptojs-aes-php,
brainfoolong/web-ftp-client,
brainfoolong/gpio-webinterface,
brainfoolong/omxwebgui-v2,
brainfoolong/rcon-web-admin,
brainfoolong/unity-procedural-mesh-bezier-curve,
brainfoolong/unity-music-visualizer,
brainfoolong/better-battlelog,
brainfoolong/bomnibox,
brainfoolong/IntoTheBreachTranslations,
sweetiepiggy/Bus-When-Twin-Cities,
brenoprata10/ng2-image-viewer,
brentthorne/posterdown,
brunocouty/laravel-logs-viewer,
brunocouty/financial-manager,
devhubapp/devhub,
GameFoundry/bsf,2431.36
GameFoundry/bsfExamples,2431.36
bsides/horizoverlay,
bt3gl/Gray-Hacker-Resources,
cmilr/DeadSimple-Pixel-Perfect-Camera,872.62
apsdsm/AttackOfSlime,872.62
Buddhalow/yoghurt,
BuddyCSS/BuddyCSS,
ninjabunny/KodeNames,1.84
c3nav/c3nav,194.23
cabbibo/IMMATERIAL,414.28
cagataycali/cagatay.dev,
Cailoki/PoE-FarmingTool,
Cairath/ONI-Mods,83.5
Cairath/tools-not-included,83.5
SaltieRL/DistributedReplays,473.78
calebj/calebj-cogs,164.51999999999998
siffreinsg/handles-bot,
arekbulski/Cameleonica,
CampbellCrowley/TraX-Website-Public,69.52
cnvs/easel,
CapnS/FoodBot,
CaptainX3/CW-Playable-Subs,148.14000000000001
ClarityCafe/Clara,15.05
teamcapybara/capybara,
CarlGroth/Carl-Bot,1452.1799999999998
carlip85/TurretNamer,9.0
calo001/fondo,
calo001/luna,
caronc/nzb-subliminal,
caronc/nzb-notify,
caronc/nzbget-tidyit,
caronc/newsreap,
caronc/nzbget-dirwatch,
caronc/datetools,
davidlinc1/Cartonomicon,370.63
casjay/public,
casjay/howtos,
casjay/awesome,
casjay/configs,
castle-engine/cge-www,1122.21
castwide/solargraph,
skilesare/immortality,
skilesare/eth_proof_of_ownership,
niekcandaele/CSGO-RankMe-stats,8.8
CatalysmsServerManager/7-days-to-die-server-manager,8.8
fluffyes/uploadImage,1791.26
michaeldegroot/cats-blender-plugin,2865.63
TheCBProject/Feedback,1262.37
creativecreator/creativecreator.github.io,
adrianoc/cecilifier,
cedricziel/idea-php-typo3-plugin,298.41
cendekia/nova-setting-tool,
cendekia/nova-email-subscribers,
cendekia/nova-faspay-tools,
chadrockey/TGC-Designer-Tools,
Chai112/Chai112-s-Boeing-777-300ER,
Chaosus/ModernShogi,6.57
ch4se/OpenFrEON,
chat-sdk/chat-sdk-android,1.92
chat-sdk/chat-sdk-ios,1.92
zhangtao25/vcrop,38.97
fahseltc/SUPER-STARKILLER-3000,
chezou/tabula-py,39.54
chezou/Mykytea-python,39.54
CHN/React-Native-Multitouch-Button,
4k-developer/4K-Botnet,
wwevo/7dtd-chrani-bot,21.94
chrisvfritz/vue-enterprise-boilerplate,6452.2
bencodezen/vuepress-blog-boilerplate,6452.2
uweinbrasil/vueenterprise,6452.2
chriwo/TYPO3-Distribution,
chylex/TweetDuck,105.47999999999999
chylex/Transparent-Twitch-Chat,105.47999999999999
habibieamrullah/Arabic-Alphabets-Game,
habibieamrullah/CiihuyMailSender,
ng-alain/ng-alain,
ng-alain/delon,
paragonie-scott/public-projects,860.24
Circles-Bot/CirclesBot,
citruslee/Studijne-materialy-FIIT,
PolyplexEngine/libpp,145.77
CloneDeath/ZombiesAteMyTeacher,
CloneDeath/MidnightDrive,
CloneDeath/DinosaurLaserKnifeFight,
CloneDeath/SokobanNokia3310,
CloneDeath/Katamari-Prototype,
CloneDeath/MiniMon,
CloneDeath/LoveIsBlind,
christopherwk210/bridge,
ClusterWS/cWS,18.7
AdrienTorris/HandmadeHeroVideoRecorder,
CNCKitchen/Open-Pull,1444.24
ContributorCovenant/beacon,1882.5100000000002
g0ld3lux/laravel-vue-starter,
Codename-METASYS/theory,
ryanburgess/ruby-rogues-picks,1552.05
Coding-Coach/coding-coach,
piquesel/coding-math,1151.6999999999998
javierarce/taller-processing,
chznbaum/the-mom-bot,
javierarce/interestingnesses,
CodingTrain/Rainbow-Topics,11815.13
shiffman/A2Z-F16,11815.13
lachapelle/nicebubbles,
kodycode/CoinMarketBot,
thephpleague/commonmark,
ktravis/patreon-podfeed,137190.05
stitchng/adonis-queue,
codeshifu/sync-dotenv,
thereactivestack/meteor-react-router-ssr,126.14999999999999
copleykj/socialize-messaging,126.14999999999999
copleykj/socialize-friendships,126.14999999999999
copleykj/socialize-base-model,126.14999999999999
copleykj/socialize-user-presence,126.14999999999999
copleykj/socialize-likeable,126.14999999999999
copleykj/socialize-user-profile,126.14999999999999
copleykj/socialize-user-model,126.14999999999999
copleykj/socialize-postable,126.14999999999999
copleykj/socialize-cloudinary,126.14999999999999
copleykj/socialize-linkable-model,126.14999999999999
copleykj/socialize-commentable,126.14999999999999
copleykj/socialize-feed,126.14999999999999
TarekSherif/learnFlaskStepByStep,235.64000000000001
corkami/pics,317.84
corkami/docs,317.84
fingerco/snowplow-terraform-starter,114.06
fingerco/pragmacoders-analytics,114.06
coryrylan/blueprint-css,2.84
coryrylan/ngx-lite,2.84
cotoami/cotoami,324.71
andreasfertig/cppinsights,148.48000000000002
cpuwolf/XTouchDownRecorder,
cpuwolf/pywebfmc,
cpuwolf/pyff777wingflexfix,
CraftingAsAService/CraftingNinja,883.39
craftworkgames/MonoGame.Extended,326.31
1c7/Crash-Course-Computer-Science-Chinese,299677.3
crazyhorse961/ScalaVote,
createthis/createthis_vr_ui,
createthis/mesh_maker_vr,
createthis/vrefactor_unity_nature_starter_kit2,
cristian-gabbanini/fem-downloader,
AutoSpotting/AutoSpotting,1075.2
manaliad/data-science,
cryptag/notes,470.10999999999996
cryptag/clip,470.10999999999996
CryptoGnome/Profit-Trailer-Settings,
CryptoGnome/Gnome-Feeder,
CryptoGnome/Community-Tools,
CryptoGnome/Gnome-Alerts,
CryptoGnome/Profit-Pi,
grin-compiler/grin,997.25
sharpaccent/Procedural-Dungeon-Generator,2333.46
sharpaccent/ScriptableObject-Library,2333.46
sharpaccent/Behavior-Editor,2333.46
sharpaccent/Lightweight-State-Machine,2333.46
sharpaccent/inventory-framework,2333.46
sharpaccent/Component-State-Machine,2333.46
cssanimation/css-animation-101,
Spartan322/M3L,2465.2000000000003
cursodepythonoficial/flask_drops,
gcushen/hugo-academic,
sourcethemes/academic-kickstart,
sourcethemes/academic-admin,
sourcethemes/project-kickstart-r,
Orbiter/academic-test,
lizekang/academic-website,
rbind/cheap_shots,
cutetee/qml,4.41
cutls/TheDesk,
CYBERHIPPIECO/SEAFARERWALLOWS,159.17999999999998
croquelois/HexCloseCircuit,353.87
d2phap/ImageGlass,
Social-chan/Hikari,
Social-chan/Tadaima,
Social-chan/Ether,
Social-chan/Bento,
megai2/d912pxy,
FBMachine/bon,117.32
daanzu/kaldi-active-grammar,
dafer45/TBTK,161.18999999999997
youtplayer/yout,1.92
uni-linux/uni,1.92
daltonmenezes/netflix-list-exporter,1.92
uni-linux/recipes,1.92
daltonmenezes/pepper-the-chicken,1.92
youtplayer/youtplayer.github.io,1.92
daltonmenezes/orb,1.92
daltonmenezes/hyper-init,1.92
techmandan/my-blog,
iamDangerous420/Paradox-Cogs,
danichim/web-technologies,
KodSever/Sources,4148.2699999999995
Danielv123/factorioClusterio,191.84
raga2560/My-Articles,
raga2560/economystuffs,
pinnet/sublink,
pixelfed/pixelfed,1865.2600000000002
darkconsole/avorion-turret-editor,808.45
Chekote/minecraft_modpack_1.8.9,126.9
Jarcionek/Factorio-Tag-To-Teleport,
darkguy2008/kyma,
darkguy2008/IPMan,
darklordabc/Legends-of-Dota-Redux,1318.8400000000001
mikedesu/ogdl,
dpalay/RaiderBot,
deanrather/pavlov-community-modkit,4.36
terabyte25/openmw-tes3mp,1793.22
DavidEWexler/crypto-mining-node,
justindavis3d/Lucid-SpaceDream-Music-Visualizer,
Flyrell/axios-auth-refresh,
dawoe/umbraco-nexu,159.12
dawoe/umbraco-loadbalancing-dashboard,159.12
dawoe/umbraco-tour-editor,159.12
dawoe/OEmbed-Picker-Property-Editor,159.12
dawoe/umbraco-redirectsviewer,159.12
sqlitebrowser/sqlitebrowser,620.01
DBDiff/DBDiff,
deNULL/Az.js,166.36
DeadlyBossMods/DeadlyBossMods,13278.98
DeadlyBossMods/DBM-Classic,13278.98
DeadlyBossMods/DBM-Legion,13278.98
DeadlyBossMods/DBM-WoD,13278.98
DeadlyBossMods/DBM-Dungeons,13278.98
DeadlyBossMods/DBM-WotLK,13278.98
DeadlyBossMods/DBM-MoP,13278.98
DeadlyBossMods/DBM-Cataclysm,13278.98
DeadlyBossMods/DBM-BCVanilla,13278.98
ImaginariaRU/RPGLinks,188.33
wgeorgecook/noTweet,42007.85
deckerweb/toolbar-extras,
deckerweb/builder-template-categories,
deckerweb/genesis-layout-extras,
deckerweb/toolbar-extras-oxygen,
decomoji/slack-reaction-decomoji,
dedmen/ArmaDebugEngine,44.13
dedmen/ArmaScriptProfiler,44.13
sachinruk/deepschool.io,
degree9/meta,
degree9/boot-npm,
degree9/boot-semver,
degree9/boot-exec,
degree9/boot-semgit,
degree9/boot-nodejs,
degree9/featherscript,
degree9/uikit-hl,
degree9/covenant,
degree9/boot-shadow,
degree9/boot-electron,
degree9/enterprise,
degree9/experience,
degree9/boot-io,
degree9/meta-template,
deiv/driftnet,
Jeansding/awesome-python-applications,1036.67
IoriBranford/demonizer,
DenisKolodin/yew,1066.37
deniszholob/factorio-cheat-sheet,40.54999999999999
deniszholob/factorio-softmod-pack,40.54999999999999
deniszholob/blender-audio-visualizer-addon,40.54999999999999
deniszholob/factorio-machine-ratio-calc,40.54999999999999
mcmonkeyprojects/Sentinel,628.33
deployphp/deployer,365.37
raywo/MMM-PublicTransportHafas,39.14
MuellerMH/eve_crest_coldfusion,
MuellerMH/cfcamazonapi,
MuellerMH/WebCMS,
MuellerMH/nginx_rtmp,
MuellerMH/BossGame,
MuellerMH/ColdFusionRailoDemoProject,
MuellerMH/railowebapp,
MuellerMH/track,
MuellerMH/railo,
MuellerMH/IngressBot,
MuellerMH/EveApi,
MuellerMH/MinecraftSocial,
MuellerMH/lucee,
dessalines/lemmy,
rialms/noCaptcha,30.75
Desvelao/artifact-hero-names-replacer,
dev2lead/uppersafe-osfw,
poshbotio/PoshBot,
devCU/IPS-4.3-BitTracker,
devCU/IPS-SideNote,
devCU/IPS-4.4-BitTracker,
devCU/IPS-Toasted,
WXdisco/WXdashboard,
GaalexxC/IPS-Application-Boilerplate,
devCU/IPS-JAMB,
devCU/IPS-FrontPage,
devCU/DCU-Dashboard,
GlPortal/glPortal,
GlPortal/RadixEngine,
sebastienvercammen/devkat-rm-node-webserver,
devlife-apps/connect2sql,
devopsgroup-io/vagrant-hostmanager,
discordjs/RPC,216.67000000000002
devsnek/discord-rich-presence,216.67000000000002
JasonM97/Rust-Map-Editor,
dharmatype/Bebas-Neue,
dharmatype/Bebas-Kai,
dharmatype/Bebas,
diablojs/diablojs,
DiabloRodriguez/genshi,
dialglex/platformerGame,25.96
phreaknation/plugin.dialogmanager,
phreaknation/plugin.registrymanager,
phreaknation/v.js,
d8ahazard/FlexTV,
directus/api,1452.4499999999998
directus/app,1452.4499999999998
CptDinosaur/Pressure2DarkPatch,410.64
jagrosh/GiveawayBot,1651.6599999999999
discordjs/discord.js,697.62
hydrabolt/discord.js,697.62
amishshah/prism-media,697.62
amishshah/ytdl-core-discord,697.62
TuxyDev/packet.js,697.62
jim-discord-dev/ImgWelcome,697.62
xiaodaigh/disk.frame,
shirosaidev/diskover-web,
Dissfall/Instagram-cpp,
DIY-Machines/SmartPlantV1,68.52
Batrium/WatchMonUdpListener,547.45
djlastnight/KeyboardSplitterXbox,
djlastnight/HidRawDataWatcher,
djlastnight/HidRawData,
djlastnight/ExtensibleCalculator,
djlastnight/PsMidiProfiler,
dkulyk/nova-tabs,
awesome-nova/filter-card,
awesome-nova/dependent-filter,
dkulyk/nova-filter-card,
awesome-nova/tool-actions,
dkulyk/nova-dependent-filter,
dm94/Ts3DinamicBot,
maartenJacobs/Mondriaan,5076.78
doananh234/gatsby-mysite,
djc/askama,86.24000000000001
djc/tokio-imap,86.24000000000001
djc/abna,86.24000000000001
docode-ru/p5js-osnovy,
docode-ru/python-osnovy,
yudataguy/Awesome-Japanese,34069.49
olety/japanese-pitch-accent-resources,34069.49
lrenaud/jaPitchPlotter,34069.49
dolanmiu/docx,10.56
macouno/shipwright,91.44000000000001
donaldpipowitch/code-coverage-explorer,
doppelgunner/YouBot,
doppelgunner/Keyboard-Snooper,
zakaton/Penny-Seed,3013.14
dota2unofficial/overthrow2,5684.52
douglasjunior/android-simple-tooltip,
douglasjunior/react-native-keyboard-manager,
douglasjunior/react-native-simple-dialogs,
douglasjunior/AndroidBluetoothLibrary,
douglasjunior/emage,
douglasjunior/react-native-easybluetooth-classic,
douglasjunior/react-native-easybluetooth-le,
douglasjunior/react-native-get-location,
douglasjunior/react-recaptcha-that-works,
dougsweetser/train_wreck,45.050000000000004
VeliovGroup/Meteor-Files,
VeliovGroup/Meteor-Files-Demos,
VeliovGroup/Mail-Time,
VeliovGroup/Meteor-Cookies,
VeliovGroup/Meteor-Mailer,
VeliovGroup/Meteor-root,
VeliovGroup/Meteor-Files-Demo,
VeliovGroup/Client-Storage,
VeliovGroup/josk,
VeliovGroup/request-extra,
dragonfire535/xiao,95.02000000000001
dragonfire535/auto,95.02000000000001
dragonfire535/rando-cardrissian,95.02000000000001
dragonfire535/roll,95.02000000000001
dragonfire535/meme-poster,95.02000000000001
dragonfire535/yoda-speak-api,95.02000000000001
dragonfire535/kagamine-len,95.02000000000001
dragonfire535/cah-deck-maker,95.02000000000001
dragonfire535/cleverbot,95.02000000000001
dragonfire535/imgur-poster,95.02000000000001
drako0812/DRAK-0,
Drenwor/idleheroes_simulator,
drozdzynski/Steppers,
yanigisawa/dtns-normalize,
ohyo-io/wampire,
bearman92/godot_appodeal,
DunkoUK/dunko_vrp,
Th3Z0n3/roboserver,
DXsmiley/mathbot,355.34
dylanaraps/pure-bash-bible,241.93
dylanaraps/pywal,241.93
dylanaraps/pxltrm,241.93
dylanaraps/bum,241.93
dylanaraps/discord-selena,241.93
eNzyOfficial/GMLScripts,
e7d/speedtest,
pappavis/Easylab4kids_lessen,
IntrepidGamer/ECHO19_FA18C_STABLE,
AlfCito/ey360,
codex-team/editor.js,
editter/hassio-addons,
animenotifier/arn,
veekun/pokedex,9077.57
eevee/anise-cheezball-rising,9077.57
egoist/vue-router-prefetch,474.66
egoist/npm-size,474.66
ryceg/Eigengrau-s-Essential-Establishment-Generator,273.02
robcowart/elastiflow,
ElChicoDePython/pizzabot,
quassy/elementary-apps,8250.5
EloiStree/Experiments,
emTr0/lpthw,
clevett/Shadowrun-Anarchy,1190.0500000000002
EmmanuelMess/Simple-Cleanup,1.92
EmmanuelMess/Simple-Planner,1.92
Emzi0767/Discord-Companion-Cube-Bot,
Emzi0767/Discord-Emoji-Scavenger,
Emzi0767/Discord-ASM-Bot,
Emzi0767/Devi-Discord-Selfbot,
DSharpPlus/FSharp-Bot,
Emzi0767/Discord-Music-Turret-Bot,
Emzi0767/Discord-3X-Bot,
Emzi0767/Discord-Breencast-Bot,
Emzi0767/R6-Strat-Roulette,
Lazy-Newb-Pack/Lazy-Newb-Pack-Linux,96.49000000000001
encodeering/js-showcase-jest,
encodeering/codesk,
gamestdio/colyseus-monitor,241.92000000000002
PosteStudio/swiftenejemplos,
RuntimeCompiledCPlusPlus/RuntimeCompiledCPlusPlus,
dougbinks/enkiTS,
juliettef/imgui_markdown,
dougbinks/enkiTSExamples,
dougbinks/enkiMI,
juliettef/enkiWS,
Epistol/EpiBlog-WP-Theme,
nayafia/lemonade-stand,58646.07000000001
duddukurimahesh/node-hapi.js,58646.07000000001
lark-parser/lark,39.3
sreedharsiddu/sridharsiddu,155.76000000000002
blackhole12/sweetiebot,558.39
erikras/redux-form,91.73
Kirasaitru/kw-maps,
fire/SensibleEditorSourceCodeAccess,
hakelimopu/tjofgd-project1,
errorinn/netsim,356.25
evaera/RoVer,378.1
evaera/RbxSync,378.1
es20490446e/DOS-Runner,
eserozvataf/evangelist,
eserozvataf/darty-react-app,
eserozvataf/servicemanager,
eserozvataf/create-darty-app,
eserozvataf/jsmake-libraries,
eserozvataf/immunity,
eserozvataf/eser,
eserozvataf/react-eventmanager,
eserozvataf/jsmake,
eserozvataf/darty,
eserozvataf/tassle,
eserozvataf/vscode-one-dark-pro-monokai-darker,
eserozvataf/create-darty-app-old,
eserozvataf/eser.ozvataf.com,
eserozvataf/ponyfills,
eserozvataf/senior,
eserozvataf/enthusiast,
eserozvataf/es6-cachemanager,
eserozvataf/cofounder-node,
eserozvataf/entrepreneur,
eserozvataf/maester,
eserozvataf/hex-react,
eserozvataf/cofounder,
eserozvataf/consultant,
eserozvataf/hex-core,
jwcnewton/Espruino-Desktop,2644.95
inferno986return/cathedral-bazaar-ebook,11607.41
EssentialsX/Essentials,395.72
etcroot/Brie,
EthanThatOneKid/readme-template,
d4hines/lacona-etym,1922.6699999999998
andresperezc/euler-kids,
eunsoogi/tos-addons,
mrjoelkemp/awesome-paid-open-source,178192.29999999996
source-foundry/inc,178192.29999999996
jamesgeorge007/Skills-Hub,178192.29999999996
w3cj/OverVue,178192.29999999996
alto971/Unity-Store-Editor,
eslachance/enmap,
EvoTM/EvoSC,
viktorgullmark/exilence,
ossfriendly/open-source-supporters,
oestrich/ex_venture,410.91
oestrich/grapevine,410.91
oestrich/grapevine-legacy,410.91
oestrich/raisin,410.91
f1lt3r/chromafi,
F1LT3R/ansi-to-svg,
F1LT3R/ansi-to,
f1lt3r/implant,
F1LT3R/fuzi,
terser-js/terser,320.24
sophiewarnes/sophiewarnes.github.io,
falconisimator/PyMangaDB,
fangedhex/yapm,
fangedhex/tinybooter,
fantasticfears/cppjieba_rb,
fastily/jwiki,
fatih/vim-go-tutorial,1904.52
fatihunlu/vue-admin-template,
favna/ribbon,4.53
Favna/ribbon,4.53
fazibear/colorize,
inesita-rb/inesita,
fazibear/export,
fazibear/defql,
fazibear/tensorflow.cr,
fazibear/airbrakex,
fazibear/ex_ical,
fazibear/opal-virtual-dom,
fazibear/codeclimate-credo,
fazibear/asciify-me,
fazibear/opal-phoenix,
fazibear/fazic,
fazibear/opal-web-midi,
fazibear/inesid,
fazibear/opal-airbrake,
fazibear/opal-sid,
Felixls/node-red-contrib-tplink-smarthome,
Felixls/electronics,
micromata/awesome-open-source-supporting,17871.56
yupferris/ferris-makes-demos-notes,761.85
AricStewart/ffxiv_craft,126.30000000000001
TutorialDoctor/TD-Godot-3-Demos,
snd3r/docker-rtorrent,11065.05
luanpotter/audioplayers,25.06
fireundubh/modsmith,136.69
jaygumji/ArcemiPathfinderKingmakerTools,136.69
f-prime/fist,
project-slippi/project-slippi,4935.7300000000005
FriendsOfFlarum/ads,
FriendsOfFlarum/passport,
flagrow/telegram,
flagrow/users-list,
flagrow/terms,
flagrow/impersonate,
FriendsOfFlarum/subscribed,
flagrow/html-errors,
flagrow/canned-messages,
Moonlington/discordflo,
Moonlington/DiscordSurvival,
flurinduerst/WPDistillery,
flurinduerst/WPSeed,
Navideck/Romo,
Navideck/Romo-X,
Navideck/Romo-Firmware,
sillvva/foundry-vtt-modules,11856.74
fr30n/bookify,
fr30n/ganalytics,
marc365/AMOSProfessional,826.81
FredrikNoren/ungit,381.70000000000005
city256/freeacs-master,
hassio-addons/addon-homebridge,
hassio-addons/addon-pi-hole,
hassio-addons/addon-vscode,
hassio-addons/addon-node-red,
hassio-addons/addon-tasmoadmin,
hassio-addons/addon-ide,
hassio-addons/addon-aircast,
hassio-addons/addon-grafana,
hassio-addons/addon-ssh,
hassio-addons/addon-adb,
hassio-addons/addon-unifi,
hassio-addons/addon-portainer,
hassio-addons/addon-spotify-connect,
hassio-addons/addon-glances,
hassio-addons/addon-adguard-home,
hassio-addons/addon-airsonos,
hassio-addons/addon-plex,
hassio-addons/addon-traccar,
hassio-addons/addon-example,
hassio-addons/addon-jupyterlab-lite,
hassio-addons/bashio,
hassio-addons/addon-bitwarden,
hassio-addons/addon-tor,
hassio-addons/addon-docker-enabler,
hassio-addons/addon-base,
frenck/python-adguardhome,
hassio-addons/addon-appdaemon,
hassio-addons/addon-ftp,
hassio-addons/addon-base-python,
hassio-addons/addon-ubuntu-base,
hassio-addons/addon-happy-bubbles,
hassio-addons/addon-octobox,
magicnanners/UnityFontReplacer,179.98999999999998
nuxdie/frontendweekend,380.7
grz0zrg/fsynth,
alvarotrigo/fullPage.js,1019.11
tantivy-search/tantivy,264.43
vanilophp/framework,
graninas/Functional-Design-and-Architecture,994.1100000000001
Vazerthon/funfunforum-usermap,
funkypenguin/geek-cookbook,1637.29
krisk/Fuse,199.87999999999997
krisk/fuse-swift,199.87999999999997
yznpku/LabCompass,22.419999999999998
fvcproductions/apprenticeships.me,
fvcproductions/hire-me,
fvcproductions/diversify-me,
fvcproductions/dotfiles,
fvcproductions/fvcproductions.github.io,
fvcproductions/maintain-me,
fvcproductions/readme,
fvcproductions/website-v3,
fvcproductions/applications,
fvcproductions/docsify-starter,
fwartner/laravel-installer,
Fy-/FyWorld,14.24
pedall/g4m3r-wiki,399.65000000000003
gabrielevierti/Liquid-Engine,
gabrielevierti/CaesarCypher,
Gadgetoid/microbit.pinout.xyz,285.58000000000004
gajus/slonik,9.32
gajus/table,9.32
galodoido794/AUTOBOT_FIFAX,
serapth/Godot2DTutorial,834.91
GamingWubba93/The-Moon-Adventure-Pack,
Ganom/ExternalPlugins,
zakariaGatter/i3blocks-gate,
ironphp/ironphp,
ironphp/app,
belmeg/discordthemes,
GDquest/godot-open-rpg,
gecko0307/dmech,56.81
gecko0307/dagon-demo,56.81
LyrurusTetrix/sea_love_breakout,88.95
cthulhu666/rifter,
Discord-Bot-Maker-Mods/DBM-Mod-Installer,148.69
NeilTheCoder/FamCord,
Geo1088/yuuko,
mbenitezmurillo/L,
PollyP/Notes-on-Penetration-Testing-A-Hands-On-Guide-to-Hacking,3305.35
georgringer/news,607.3499999999999
getButterfly/imagepress,
getButterfly/v5-star-ratings,
getButterfly/noir-ui,
getify/You-Dont-Know-JS,8338.03
getify/Functional-Light-JS,8338.03
azat-io/you-dont-know-js-ru,8338.03
cezaraugusto/You-Dont-Know-JS,8338.03
CuiFi/You-Dont-Know-JS-CN,8338.03
specter01wj/Book-you_dont_know_js,8338.03
ngminhtrung/You-Dont-Know-JS,8338.03
xiaoboost/Functional-Light-JS-Zh,8338.03
abhibanerjeehome/YouDontKnowJSbook,8338.03
fuel-efficient/js-we-don-t-understand,8338.03
ZzzzS/https-github.com-getify-You-Dont-Know-JS,8338.03
getspooky/Library,
gettalong/kramdown,151.88
ghedipunk/PHP-Websockets,
ghuntley/live,
GIGAMOLE/NEON,
AnveshReddyT/DevLight-Mobile-Agency-InfiniteCycleViewPager,
StellarFw/stellar,
gioxx/firefox-dict,17.47
gitconnected/sponsors,
yysun/git-tools,
gkmngrgn/hugo-alageek-theme,
gkmngrgn/django-notes,
VonOx/Gladys-trytravis,3140.7100000000005
GladysAssistant/Gladys-Android,
glutanimate/review-heatmap,1552.49
glutanimate/image-occlusion-enhanced,1552.49
glutanimate/cloze-overlapper,1552.49
glutanimate/syntax-highlighting,1552.49
glutanimate/popup-dictionary,1552.49
glutanimate/mini-format-pack,1552.49
glutanimate/frozen-fields,1552.49
glutanimate/memobeam,1552.49
GMartigny/circular-progress-bar,
GMartigny/lorem-pix,
GMartigny/opti-status,
GMartigny/v8.js,
GMartigny/gh.midi,
GMartigny/gravity,
Noobulater/gmforge-core,354.78
kfox/dotfiles,7604.68
gnif/LookingGlass,2741.6499999999996
goatfungus/NMSSaveEditor,142.64000000000001
thExiled/DiabolicUI,
golightlyb/bakefont3,
golightlyb/hero-extant-2010,
manyoso/allie,42.160000000000004
googleshokry/laravel-blade-directives,
gopanc/ps_linklist,
GrandMultiplayer/LuaPlugin,
grantcarthew/node-rethinkdb-job-queue,
grantcarthew/node-console-probe,
grantcarthew/node-scalable-blob-store,
grantcarthew/node-perj,
grantcarthew/node-mppg,
grantcarthew/node-test-constructs,
grantcarthew/node-package-template,
360disrupt/grassberry-high,132.08
gregsaun/prusa_i3_bear_upgrade,862.89
gregsaun/bear_extruder_and_x_axis,862.89
greybax/awesome-IT-films,4.75
greybax/cordova-plugin-proguard,4.75
greybax/MarkdownCheatsheet,4.75
greybax/github-extension-my-repo-news,4.75
greybax/generator-tslint,4.75
greybax/brandifyjs,4.75
greybax/md-tags,4.75
growboxguy/Gbox420,
gruppler/PTN-Ninja,612.3199999999999
pxlphile/JasonStathamsBigVacationRPG,5683.900000000001
SkillTrack/skilltrack.github.io,111.95
amark/gun,3948.290000000001
gurkenlabs/litiengine,
Mondier97/GetWaifus,4385.86
h3poteto/whalebird-desktop,26.3
haasn/libplacebo,143.02
Hairic95/Destroy-the-Lizard-Guys,8.98
mhglover/flarezone,1197.8700000000001
hamstar0/tml-hamstarhelpers-mod,112.69
hamstar0/tml-serverbrowser-mod,112.69
hamstar0/tml-gamechanger-mod,112.69
bouleytator/hanasaku,
Aidaho12/haproxy-wi,
Harrison1/unrealcpp,54.339999999999996
Harrison1/unrealcpp-com,54.339999999999996
iluminar/goodwork,
haugene/docker-transmission-openvpn,62.86
HaxeFlixel/flixel,1282.45
haxeui/haxeui-core,2294.6099999999997
haxeui/haxeui-kha,2294.6099999999997
haxeui/haxeui-openfl,2294.6099999999997
haxeui/haxeui-html5,2294.6099999999997
haxeui/haxeui-hxwidgets,2294.6099999999997
haxeui/haxeui-templates,2294.6099999999997
haxeui/haxeui-pixijs,2294.6099999999997
haxeui/haxeui-nme,2294.6099999999997
haynesherway/haynesbot,
hazae41/stablebot,
somethingunique2017/followfollow,
ReaTeam/ReaScripts,
hello-rust/show,396.64
hello-rust/hello,396.64
HellPie/hellpie.io,
helpyio/helpy,
HenryQuan/WoWs-Info-Origin,
sara0871/babel,36812.03
herent/c5_tutorials_database_attribute,
herrbischoff/awesome-macos-command-line,1.28
herrbischoff/awesome-command-line-apps,1.28
herrbischoff/nerdbar.widget,1.28
herrbischoff/screaming-liquid-tiger,1.28
herrbischoff/iterm2-gruvbox,1.28
herrbischoff/cobalt2.vim,1.28
herrbischoff/cheatsheets,1.28
Hexworks/zircon,
Hexworks/mixite,
linux-remote/linux-remote,
sophiathekitty/SharedVariableSaveSystem,
smoriarty21/grow-tracker-android,
hillscott/pfsense-hwbuilds,
HimasRafeek/butterCake,
lemon-sour/lemon-sour.js,
donaldmilligan/flare-bible-study,
learn-anything/websites,
Homebrew/brew,10411.95
swttt/HomeyDash,
hovancik/stretchly,174.23000000000002
hovancik/BSDSec,174.23000000000002
hovancik/logical-fallacies-bot,174.23000000000002
hovancik/logical-fallacies,174.23000000000002
hydrusnetwork/hydrus,500.03
CoelacanthStudios/hyperverse-webcomic-template,
SupunKavinda/CSS-Minifier-and-Unminifier-in-Javascript,
iNightfaller/SpeedGuidesLive,1175.8300000000002
mindaslab/ilrx,
a-patel/LiteXStorage,
a-patel/LiteXEmail,
a-patel/LiteXCache,
a-patel/LiteXSms,
johanw666/StarTrekTimelinesSpreadsheet,
abhishek6262/deployer,
abhishek6262/Composer,
abhishek6262/NodePHP,
ianyh/Amethyst,497.45000000000005
iberianpig/fusuma,
iberianpig/tig-explorer.vim,
iberianpig/ranger-explorer.vim,
IbrahimTanyalcin/LEXICON,
IbrahimTanyalcin/taskq,
RfidResearchGroup/proxmark3,758.3
iceman1001/ChameleonMini-rebooted,758.3
iceman1001/ChameleonMini-rebootedGUI,758.3
theteebox/IdentityServer,
ifmeorg/ifme,456.48999999999995
Igmat/baset,
Igmat/metaf,
igtm/storypoint-for-asana-chrome-ext,
bofm/sublime-boxy-theme,118.79
ihsoft/KAS,174.76999999999998
ihsoft/KIS,174.76999999999998
ihsoft/EasyVesselSwitch,174.76999999999998
ihsoft/SurfaceLights,174.76999999999998
MarginallyClever/POVSpinner,93.67
imaNNeoFighT/circular_bottom_navigation,
christianlarcomb/TheSixsButler,
WPPlugins/wp-imdb-api,45.9
cynicaloptimist/improved-initiative,1621.3000000000002
mistyk/inavradar-ESP32,12.93
indiedevcasts/2d-jam,
begumerkal/PROJEM24,
Indieteur/GlobalHooks,
Indieteur/Steam-Apps-Management-API,
indigocalifornia/pmvc,
indygreg/PyOxidizer,7.21
InfiniBrains/mobagen,
ingesolvoll/kee-frame,
inkle/ink-library,2064.73
InvadingOctopus/octopuskit,
inversed-ru/Ascension,223.12
bitshifters/bad-apple,2861.03
teamfa/firebase-relationship,
invertase/firebase-relationship,
IonicaBizau/git-stats,291.39
IonicaBizau/scrape-it,291.39
IonicaBizau/github-contributions,291.39
IonicaBizau/image-to-ascii,291.39
IonicaBizau/gridly,291.39
IonicaBizau/medium-editor-markdown,291.39
IonicaBizau/node-cobol,291.39
IonicaBizau/github-calendar,291.39
IonicaBizau/cli-github,291.39
IonicaBizau/youtube-api,291.39
IonicaBizau/github-stats,291.39
IonicaBizau/json2md,291.39
IonicaBizau/node.cobol,291.39
IonicaBizau/ghcal,291.39
IonicaBizau/web-term,291.39
IonicaBizau/idea,291.39
IonicaBizau/reset-your-facebook-account,291.39
IonicaBizau/emoji.css,291.39
IonicaBizau/github-profile-languages,291.39
IonicaBizau/electronify,291.39
IonicaBizau/made-in-romania,291.39
IonicaBizau/Flattiance,291.39
IonicaBizau/git-unsaved,291.39
IonicaBizau/made-in-brazil,291.39
IonicaBizau/git-stats-importer,291.39
IonicaBizau/emojic,291.39
IonicaBizau/gif-cli,291.39
IonicaBizau/terminal-flat-theme,291.39
IonicaBizau/repository-downloader,291.39
IonicaBizau/nodeice,291.39
IonicaBizau/github-labeller,291.39
IonicaBizau/node-fortran,291.39
IonicaBizau/tinyreq,291.39
IonicaBizau/learning-nodejs,291.39
IonicaBizau/made-in-india,291.39
IonicaBizau/node-ipinfo,291.39
IonicaBizau/typpy,291.39
IonicaBizau/node-cli-box,291.39
IonicaBizau/node-is-there,291.39
IonicaBizau/edit-json-file,291.39
IonicaBizau/namly,291.39
IonicaBizau/made-in-turkey,291.39
IonicaBizau/magnesium,291.39
IonicaBizau/mini-lightbox,291.39
ionicabizau/mini-lightbox,291.39
IonicaBizau/powershell,291.39
IonicaBizau/image-to-ascii-cli,291.39
IonicaBizau/ejs-playground,291.39
IonicaBizau/node.fortran,291.39
IonicaBizau/bat,291.39
IonicaBizau/showalicense.com,291.39
IonicaBizau/anser,291.39
IonicaBizau/text-to-speech-js,291.39
IonicaBizau/gh.js,291.39
IonicaBizau/mdify,291.39
IonicaBizau/birthday,291.39
IonicaBizau/node-cli-graph,291.39
IonicaBizau/img-ssim,291.39
IonicaBizau/node-color-it,291.39
IonicaBizau/react-todo-app,291.39
IonicaBizau/le-table,291.39
IonicaBizau/made-in-russia,291.39
IonicaBizau/img-to-svg,291.39
IonicaBizau/emoji-dictionary,291.39
IonicaBizau/cli-gh-cal,291.39
IonicaBizau/made-in-bosnia,291.39
IonicaBizau/mdy,291.39
IonicaBizau/node-cli-frames,291.39
IonicaBizau/tangram,291.39
IonicaBizau/tilda,291.39
IonicaBizau/github-colors,291.39
IonicaBizau/cheerio-req,291.39
IonicaBizau/react-weather-app,291.39
IonicaBizau/test-youtube-api,291.39
IonicaBizau/bag.css,291.39
IonicaBizau/github-org-members.js,291.39
IonicaBizau/made-in,291.39
IonicaBizau/face-detectify,291.39
IonicaBizau/memory-blocks,291.39
IonicaBizau/code-style,291.39
IonicaBizau/kindly-license,291.39
IonicaBizau/dotfiles,291.39
IonicaBizau/match.js,291.39
IonicaBizau/ship-release,291.39
IonicaBizau/github-old-header,291.39
IonicaBizau/parrot-bot,291.39
IonicaBizau/git-stats-html,291.39
IonicaBizau/console.js,291.39
IonicaBizau/before-leaving-me.js,291.39
IonicaBizau/text-to-speech,291.39
IonicaBizau/node-cobol-promises,291.39
IonicaBizau/node-messager,291.39
IonicaBizau/love-you,291.39
IonicaBizau/msdos-editor,291.39
IonicaBizau/flight-tracker,291.39
IonicaBizau/cli-emoji,291.39
IonicaBizau/emoji-name-map,291.39
IonicaBizau/made-in-austria,291.39
IonicaBizau/image-parser,291.39
IonicaBizau/node-ansi-parser,291.39
IonicaBizau/text-animation,291.39
IonicaBizau/made-in-poland,291.39
IonicaBizau/CaiuSS,291.39
IonicaBizau/cli-confetti,291.39
IonicaBizau/made-in-ukraine,291.39
IonicaBizau/IsRespo,291.39
IonicaBizau/elly,291.39
IonicaBizau/github-emojify,291.39
IonicaBizau/clp,291.39
IonicaBizau/parse-path,291.39
IonicaBizau/git-change-author,291.39
IonicaBizau/slugly,291.39
IonicaBizau/smart-foreground,291.39
IonicaBizau/statique,291.39
IonicaBizau/VimOS,291.39
IonicaBizau/tester,291.39
IonicaBizau/daty,291.39
IonicaBizau/cli-sunset,291.39
IonicaBizau/emoji-logger,291.39
LienJS/Lien,291.39
IonicaBizau/my-mentees,291.39
IonicaBizau/jQuery-cross-domain-requests,291.39
IonicaBizau/coins-ph,291.39
IonicaBizau/OctiMatch,291.39
IonicaBizau/node-bug-killer,291.39
IonicaBizau/machine-ip,291.39
IonicaBizau/scrape-it-cli,291.39
IonicaBizau/made-in-italy,291.39
BibleJS/bible-english,291.39
IonicaBizau/cute-logger,291.39
IonicaBizau/err,291.39
IonicaBizau/csv-it,291.39
IonicaBizau/match-all,291.39
IonicaBizau/made-in-colombia,291.39
IonicaBizau/node-line-diff,291.39
IonicaBizau/remove-blank-lines,291.39
IonicaBizau/anything-for-dummies,291.39
IonicaBizau/transformer,291.39
IonicaBizau/donate.js,291.39
IonicaBizau/sundown,291.39
IonicaBizau/percent-value,291.39
IonicaBizau/electroner,291.39
IonicaBizau/made-in-france,291.39
IonicaBizau/fs-file-tree,291.39
IonicaBizau/arc-assembler,291.39
IonicaBizau/rucksack,291.39
IonicaBizau/msdos-editor-vs-theme,291.39
IonicaBizau/pi-number,291.39
IonicaBizau/rucksack.js,291.39
IonicaBizau/made-in-portugal,291.39
IonicaBizau/pi-decimals,291.39
IonicaBizau/bnotify,291.39
IonicaBizau/sort-github-user-repos,291.39
IonicaBizau/photon-browser,291.39
IonicaBizau/node-lnf,291.39
IonicaBizau/validate5,291.39
IonicaBizau/pi-digits,291.39
IonicaBizau/emoji-unicode,291.39
IonicaBizau/emojer,291.39
IonicaBizau/packy,291.39
IonicaBizau/vectorial-spaces,291.39
IonicaBizau/memories,291.39
IonicaBizau/asciify-pixel-matrix,291.39
IonicaBizau/node-ctrl-c,291.39
IonicaBizau/github-api-emojis,291.39
IonicaBizau/npmreserve,291.39
IonicaBizau/sigma-playground,291.39
IonicaBizau/regex-emoji,291.39
IonicaBizau/made-in-denmark,291.39
IonicaBizau/jsonrequest,291.39
IonicaBizau/node-jsfiddle,291.39
IonicaBizau/node-oargv,291.39
IonicaBizau/name-it,291.39
IonicaBizau/jsfiddle-to-git,291.39
IonicaBizau/3abn,291.39
IonicaBizau/node-r-json,291.39
IonicaBizau/youtube-topmost,291.39
IonicaBizau/add-subtract-date,291.39
IonicaBizau/animato.js,291.39
IonicaBizau/node-brightbox,291.39
IonicaBizau/videomost,291.39
IonicaBizau/xml-jsonify,291.39
LienJS/github-comments,291.39
IonicaBizau/github-calendar-parser,291.39
IonicaBizau/node-w-json,291.39
IonicaBizau/tinyreq-cli,291.39
IonicaBizau/learning-c-sharp,291.39
IonicaBizau/hot-chocolate-machine,291.39
IonicaBizau/git-up,291.39
IonicaBizau/made-in-greece,291.39
IonicaBizau/babel-it,291.39
IonicaBizau/ssh-remote,291.39
IonicaBizau/WebpAgent,291.39
IonicaBizau/emoji-from-word,291.39
IonicaBizau/camelo,291.39
IonicaBizau/deffy,291.39
IonicaBizau/abs,291.39
IonicaBizau/internet-connection,291.39
IonicaBizau/made-in-spain,291.39
IonicaBizau/made-in-bulgaria,291.39
IonicaBizau/git-cloner,291.39
IonicaBizau/validify,291.39
muniz95/github-profile-languages,291.39
IonicaBizau/node-gry,291.39
IonicaBizau/html-encoder-decoder,291.39
IonicaBizau/indento,291.39
IonicaBizau/formatoid,291.39
IonicaBizau/simple-draggable.js,291.39
IonicaBizau/codementor,291.39
IonicaBizau/vowels,291.39
IonicaBizau/emoji-chars,291.39
IonicaBizau/url-remote,291.39
IonicaBizau/node-artstack,291.39
IonicaBizau/img-ssim-cli,291.39
IonicaBizau/obj-def,291.39
IonicaBizau/worder,291.39
IonicaBizau/npm-available-array,291.39
IonicaBizau/ansi-to-json,291.39
IonicaBizau/function.name,291.39
IonicaBizau/rainbow-sort,291.39
IonicaBizau/np-init-cli,291.39
IonicaBizau/class-methods,291.39
IonicaBizau/C-plus-plus-Exercises,291.39
IonicaBizau/phantom-jquery,291.39
IonicaBizau/node-levenshtein-array,291.39
IonicaBizau/gh-repos,291.39
BibleJS/bible-romanian,291.39
IonicaBizau/node-git-stats-colors,291.39
IonicaBizau/write-file-p,291.39
IonicaBizau/count-words,291.39
IonicaBizau/iterate-object,291.39
IonicaBizau/dist-it,291.39
IonicaBizau/emojer-cli,291.39
IonicaBizau/noop6,291.39
IonicaBizau/obj-flatten,291.39
IonicaBizau/made-in-estonia,291.39
IonicaBizau/cli-snow,291.39
IonicaBizau/node-cli-resize,291.39
IonicaBizau/emoji-unicode-map,291.39
IonicaBizau/ionicabizau.net,291.39
IonicaBizau/emoji-from-text,291.39
IonicaBizau/raspberry-pi,291.39
IonicaBizau/node-cli-circle,291.39
IonicaBizau/css.cross-transform.js,291.39
IonicaBizau/queoid,291.39
IonicaBizau/github-pr-branch-links,291.39
IonicaBizau/node-cli-update,291.39
IonicaBizau/resume,291.39
IonicaBizau/batjs,291.39
IonicaBizau/wrap-text,291.39
IonicaBizau/gh-repeat,291.39
IonicaBizau/same-time-limit,291.39
IonicaBizau/made-in-albania,291.39
IonicaBizau/try-async,291.39
IonicaBizau/spawn-npm,291.39
IonicaBizau/numberly,291.39
IonicaBizau/gm-tools,291.39
IonicaBizau/maybe-require,291.39
IonicaBizau/stream-data,291.39
IonicaBizau/namy,291.39
IonicaBizau/url-local,291.39
IonicaBizau/vignere-babbage-cipher,291.39
IonicaBizau/initial-commit-date,291.39
IonicaBizau/made-in-uruguay,291.39
IonicaBizau/node-limit-it,291.39
IonicaBizau/git-source,291.39
IonicaBizau/np-init,291.39
IonicaBizau/node-levdist,291.39
IonicaBizau/terminal-char-width,291.39
IonicaBizau/Color-Puzzle,291.39
IonicaBizau/asyncer.js,291.39
IonicaBizau/made-in-chile,291.39
IonicaBizau/prgm-installed,291.39
IonicaBizau/starts-with-emoji,291.39
IonicaBizau/pkg.json,291.39
IonicaBizau/made-in-slovakia,291.39
IonicaBizau/restaurant,291.39
IonicaBizau/node-read-utf8,291.39
IonicaBizau/made-in-slovenia,291.39
IonicaBizau/obj-to-array,291.39
IonicaBizau/fillo,291.39
IonicaBizau/made-in-latvia,291.39
IonicaBizau/timer-app,291.39
IonicaBizau/random-flat-colors,291.39
IonicaBizau/is-empty-obj,291.39
IonicaBizau/circle-touch,291.39
IonicaBizau/cli-size,291.39
IonicaBizau/is-semver,291.39
IonicaBizau/assured,291.39
IonicaBizau/jQuery-prioritize,291.39
IonicaBizau/ghosty,291.39
IonicaBizau/regex-sort,291.39
IonicaBizau/node-package-dependents,291.39
IonicaBizau/made-in-peru,291.39
IonicaBizau/safe-r-json,291.39
IonicaBizau/bizasm,291.39
IonicaBizau/promptify,291.39
IonicaBizau/node-idy,291.39
IonicaBizau/made-in-netherlands,291.39
IonicaBizau/debug-mode,291.39
IonicaBizau/made-in-argentina,291.39
IonicaBizau/npm-user-pkgs,291.39
IonicaBizau/made-in-bolivia,291.39
IonicaBizau/js-templates,291.39
IonicaBizau/ansy,291.39
IonicaBizau/last-char,291.39
IonicaBizau/is-undefined,291.39
IonicaBizau/gh-fork,291.39
IonicaBizau/github-calendar-legend,291.39
IonicaBizau/npm-pack-dependents,291.39
IonicaBizau/find-file-in-dirs,291.39
IonicaBizau/write-file-trim,291.39
IonicaBizau/fixed-or-percent,291.39
IonicaBizau/git-package-json,291.39
IonicaBizau/made-in-lithuania,291.39
IonicaBizau/exclude-arr,291.39
IonicaBizau/modulo-n,291.39
IonicaBizau/node-ul,291.39
IonicaBizau/regarde,291.39
IonicaBizau/hebrew-date,291.39
IonicaBizau/parse-db-uri,291.39
IonicaBizau/pull-from-source,291.39
IonicaBizau/remove-trailing-spaces,291.39
IonicaBizau/asciify-pixel,291.39
IonicaBizau/twbs-input-number,291.39
IonicaBizau/node-fwatcher,291.39
IonicaBizau/parse-it,291.39
IonicaBizau/uc-first-array,291.39
IonicaBizau/joapp,291.39
IonicaBizau/made-in-moldova,291.39
IonicaBizau/year-range,291.39
IonicaBizau/dom-repeater,291.39
IonicaBizau/exec-limiter-cli,291.39
IonicaBizau/node-lazy-api,291.39
IonicaBizau/github-portfolio,291.39
IonicaBizau/match-it,291.39
IonicaBizau/sunset-year,291.39
IonicaBizau/git-status,291.39
IonicaBizau/node-ttsro,291.39
IonicaBizau/ouvre,291.39
IonicaBizau/current-year,291.39
IonicaBizau/find-value,291.39
IonicaBizau/made-in-croatia,291.39
IonicaBizau/css.rotate.js,291.39
IonicaBizau/lwip2,291.39
IonicaBizau/value-breakpoints,291.39
IonicaBizau/imgpx,291.39
IonicaBizau/tithe,291.39
IonicaBizau/gh-following,291.39
IonicaBizau/artstack-downloader,291.39
IonicaBizau/git-module-installer,291.39
IonicaBizau/xhr-form-submitter,291.39
IonicaBizau/node-flattenize,291.39
IonicaBizau/is-vowel,291.39
IonicaBizau/split-by-comma-regex,291.39
IonicaBizau/node-git-repos,291.39
IonicaBizau/drag-popup,291.39
IonicaBizau/lwipify,291.39
IonicaBizau/github-emoji-form-submit,291.39
IonicaBizau/made-in-malta,291.39
IonicaBizau/node-map-o,291.39
IonicaBizau/gh-destroy,291.39
IonicaBizau/cross-style.js,291.39
IonicaBizau/express-ajs,291.39
IonicaBizau/gif-recorder,291.39
IonicaBizau/made-in-belgium,291.39
IonicaBizau/is-percent,291.39
IonicaBizau/node-page-changed,291.39
IonicaBizau/ionicabizau.github.io,291.39
IonicaBizau/node-streamp,291.39
IonicaBizau/split-by-comma,291.39
IonicaBizau/exec-limiter,291.39
IonicaBizau/screensaver,291.39
IonicaBizau/pixel-white-bg,291.39
IonicaBizau/paths2tree,291.39
IonicaBizau/bindy,291.39
IonicaBizau/Guess-Your-Number,291.39
IonicaBizau/made-in-guyana,291.39
IonicaBizau/grapinizer,291.39
IonicaBizau/pixel-bg,291.39
IonicaBizau/made-in-paraguay,291.39
IonicaBizau/read-dir-and-stat,291.39
IonicaBizau/octo-battle,291.39
IonicaBizau/js-templates.function-export,291.39
IonicaBizau/joctodex,291.39
IonicaBizau/gh-fork-source,291.39
IonicaBizau/jQuery-language-select,291.39
IonicaBizau/js-templates.example,291.39
IonicaBizau/supports-date,291.39
IonicaBizau/proc-output,291.39
IonicaBizau/crossy.js,291.39
IonicaBizau/r-package-json,291.39
IonicaBizau/cb-bufferify,291.39
IonicaBizau/double-last,291.39
IonicaBizau/3x3-equation-solver,291.39
IonicaBizau/date-is-invalid,291.39
IonicaBizau/utils,291.39
IonicaBizau/gm-installed,291.39
IonicaBizau/tilda-init,291.39
IonicaBizau/pixel-class,291.39
IonicaBizau/made-in-finland,291.39
IonicaBizau/made-in-ecuador,291.39
IonicaBizau/lc-first,291.39
IonicaBizau/node-parent-search,291.39
IonicaBizau/flat-colors-groupped,291.39
IonicaBizau/arr-obj,291.39
IonicaBizau/package-json-path,291.39
IonicaBizau/vocal-exercises,291.39
IonicaBizau/arrs-to-obj,291.39
IonicaBizau/bac-results-json,291.39
IonicaBizau/compute-size,291.39
IonicaBizau/page-changed,291.39
IonicaBizau/date-is-valid,291.39
IonicaBizau/default-page,291.39
IonicaBizau/remove-one-element-arrays,291.39
IonicaBizau/streetpianos-scraper,291.39
IonicaBizau/owner-repo-stringify,291.39
IonicaBizau/made-in-serbia,291.39
IonicaBizau/info-agenda,291.39
IonicaBizau/googleapps-grant-access,291.39
IonicaBizau/date-unit-ms,291.39
IonicaBizau/cb-buffer,291.39
IonicaBizau/unvowel-last,291.39
IonicaBizau/vp-vs-ki-likes,291.39
IonicaBizau/jQuery-animate-gradient,291.39
IonicaBizau/bac-results,291.39
IonicaBizau/lwip-pixels,291.39
IonicaBizau/static-methods,291.39
IonicaBizau/jQuery-johnnys-path,291.39
IonicaBizau/emoji-names,291.39
IonicaBizau/js-templates.class-export,291.39
IonicaBizau/w-package-json,291.39
IonicaBizau/owner-repo,291.39
IonicaBizau/uc-first,291.39
IonicaBizau/daily-quote,291.39
IonicaBizau/count-words-array,291.39
IonicaBizau/fn-wrap,291.39
IonicaBizau/made-in-venezuela,291.39
IonicaBizau/ferris-wheel,291.39
IonicaBizau/read-file-cache,291.39
IonicaBizau/idy-cli,291.39
IonicaBizau/diff-dates,291.39
IonicaBizau/custom-return,291.39
IonicaBizau/made-in-belarus,291.39
IonicaBizau/obj-key-count,291.39
IonicaBizau/unique-random-range,291.39
IonicaBizau/clone-date,291.39
IonicaBizau/fn-result,291.39
IonicaBizau/function-args,291.39
IonicaBizau/is-win,291.39
IonicaBizau/baccalaureate-computer-science,291.39
IonicaBizau/tester-init,291.39
IonicaBizau/data-types,291.39
IonicaBizau/fs-repo-url,291.39
IonicaBizau/remove-last-char.js,291.39
IonicaBizau/wp-floating-social,291.39
IonicaBizau/bac-results-my-class,291.39
IonicaBizau/spawno,291.39
IonicaBizau/coindesk.js,291.39
andrewwiik/Rooster,
andrewwiik/SugarCane,
andrewwiik/Silo,
andrewwiik/WeatherVane,
ipmanlk/osd-bot,
ipselon/structor,2728.21
ivanseidel/Is-Now-Illegal,28.48
haskellguide/ghc-extensions-module,
alfwatt/KitBridge,
alfwatt/LiveBundle,
alfwatt/ReportWindow,
alfwatt/Soup,
alfwatt/FourCorners,
alfwatt/pdf2png,
alfwatt/SparkKit,
alfwatt/CardView,
itskodinger/stisla,
ivanceras/svgbob,
ivanceras/sauron,
ivanceras/diwata,
ivanvorobei/SPPermission,13.32
ivanvorobei/SPStorkController,13.32
ivanvorobei/SPLarkController,13.32
ivanvorobei/SPAlert,13.32
ixudra/curl,
ixudra/portfolio,
ixudra/wizard,
ixudra/imageable,
ixudra/translation,
ixudra/ixd-template,
ixudra/generators,
ixudra/core,
ixudra/render,
ixudra/addressable,
AsincDesarrollo/ShareFounding,
jagi/meteor-astronomy,
jagrosh/Vortex,403.58000000000004
jahed/im-map-tiles,766.9
jahed/agility,766.9
jahed/night-patrol,766.9
frontiernav/frontiernav-data,766.9
frontiernav/frontiernav,766.9
jahed/bem,766.9
jahed/webpack-sitemap,766.9
Jahed/grunt-jsv,766.9
jahed/promises,766.9
jahed/grunt-jsv,766.9
jahed/node-terraform,766.9
jahed/grunt-json-format,766.9
jahed/node-aws-lambda-package,766.9
jahed/webpack-html-meta,766.9
jahed/co-authors,766.9
tullamods/Bagnon,753.1100000000001
tullamods/OmniCC,753.1100000000001
Jaliborc/PetTracker,753.1100000000001
Jaliborc/Scrap,753.1100000000001
tullamods/Ludwig,753.1100000000001
perkinsjr/authentication_boilerplate,
perkinsjr/regexits,
perkinsjr/AreTheyUp,
perkinsjr/IsSHA256,
perkinsjr/IsSHA1,
perkinsjr/regex-hexcolor,
perkinsjr/regex-git,
jamesfer/cypher-query-builder,
phuein/Tunebot,
jameswlane/status-board,
jameswlane/jest-node-http,
JanDeDobbeleer/oh-my-posh,
japalekhin/langaw,
japalekhin/boxgame,
japalekhin/shadow-training,
japalekhin/altruist-wptheme,
japalekhin/adaptive-icons-guide,
japalekhin/flutter-canvas-transforms,
JapaMala/armok-vision,1164.48
japgolly/scalajs-react,
japgolly/scalacss,
japgolly/nyaya,
japgolly/test-state,
japgolly/clear-config,
japgolly/scalajs-benchmark,
japgolly/univeq,
japgolly/webtamp,
JarbasAl/ZZZ_personal-mycroft-backend,
JarbasAl/fallback-node-red,
JarbasAl/metal_dataset,
JarbasAl/skill-youtube-play,
JarbasAl/skill-dictation,
JarbasAl/easy_gmmhmm,
JarbasAl/audiobooker,
JarbasAl/skill-face-recognition,
JarbasAl/hive_mind,
JarbasAl/ZZZ-py_msm,
JarbasAl/mycroft_jarbas_utils,
JarbasAl/skill_easter_eggs,
JarbasAl/py_bandcamp,
JarbasAl/local_listener,
JarbasAl/mycroft_intent_engines,
JarbasAl/py_responsivevoice,
JarbasAl/skill-location-tracker,
JarbasAl/simple_NER,
JarbasAl/cave-adventure-game-skill,
JarbasAl/py_edamam,
JarbasAl/fallback-rivescript,
JarbasAl/skill-stephen-hawking,
JarbasAl/cryptocoin_skill,
JarbasAl/porn-assistant,
JarbasAl/skill-parrot,
JarbasAl/PyWikiHow,
JarbasAl/difficult_dialogs,
JarbasAl/skill-camera,
JarbasAl/skill-laugh,
JarbasAl/skill-moon-game,
JarbasAl/pyFrotz,
JarbasAl/ai_demos,
JarbasAl/hhgg-game-skill,
JarbasAl/pyalux,
JarbasAl/ZZZ-fallback-learn,
JarbasAl/ZZZ-skill-translate-skills,
JarbasAl/auto_regex,
JarbasAl/TNaLaGmes,
JarbasAl/all_the_chatbots,
JarbasAl/evil_skill,
JarbasAl/planet-fall-game-skill,
JarbasAl/fallback-ask-the-catterpillar,
JarbasAl/PySychonaut,
JarbasAl/LILACS,
JarbasAl/skill-good-manners,
JarbasAl/pt-br-pocketsphinx,
JarbasAl/skill-nutrients,
JarbasAl/skill-metal-archives,
JarbasAl/pynpr,
JarbasAl/space-is-awesome-skill,
JarbasAl/skill-countries,
JarbasAl/skill-enclosure-ctrl,
JarbasAl/shared_camera,
JarbasAl/skill-bandcamp,
JarbasAl/SpaceIsCool,
JarbasAl/skill-pick-up-lines,
JarbasAl/skill-how-to,
JarbasAl/emotion_data,
JarbasAl/ZZZ-beep_speak_tts,
JarbasAl/fallback-jarbas,
JarbasAl/fallback-cleverbot,
JarbasAl/skill-names,
JarbasAl/ZZZ-jarbas_skills_repo,
JarbasAl/py_mplayer,
JarbasAl/skill-quotes,
JarbasAl/skill-konami-code,
JarbasAl/starcross-game-skill,
JarbasAl/sensehat_mycroft_enclosure,
JarbasAl/service-skill-browser,
JarbasAl/learn-portuguese-skill,
JarbasAl/fallback-selenium-cleverbot,
JarbasAl/automarkdocs,
JarbasAl/skill-mashape,
JarbasAl/deep_dreamer,
JarbasAl/skill-numbers,
JarbasAl/pymetal,
jaredhanson/passport,188.33
jaredhanson/oauth2orize,188.33
jaredhanson/passport-local,188.33
jaredhanson/passport-facebook,188.33
jaredhanson/passport-http-bearer,188.33
jaredhanson/passport-google-oauth,188.33
jaredhanson/passport-github,188.33
jaredhanson/passport-twitter,188.33
jaredhanson/passport-google-oauth2,188.33
jaredhanson/passport-http,188.33
jaredhanson/passport-linkedin,188.33
jaredhanson/oauth2orize-openid,188.33
jaredhanson/oauth2orize-device-code,188.33
jaredhanson/oauth2orize-pkce,188.33
jaredhanson/oauth2orize-redelegate,188.33
jaredhanson/oauth2orize-chain,188.33
jaredhanson/oauth2orize-fprm,188.33
jaredhanson/fingro-webfinger,188.33
jaredhanson/kerouac-sitemap,188.33
jaredhanson/kerouac-cname,188.33
jaredhanson/kerouac-robotstxt,188.33
jarhen/laravel-permission,
jasonbronson/arjentum,
javadevone/juego-web,95.05
javadevone/juego-2d-java,95.05
JayFoxRox/xbox-dvd-compress,778.1299999999999
JayFoxRox/pba-tools,778.1299999999999
JayFoxRox/stern-pba-emu,778.1299999999999
JayFoxRox/VPinMAME_SPA,778.1299999999999
JayFoxRox/fusexbox,778.1299999999999
redux-observable/redux-observable,3695.12
jbcurtin/quine,
jbrazio/ardufocus,
jbrazio/arduheater,
jbrazio/ardufocus-ascom,
jbrazio/ardufocus-schematics,
nazaritoso/willbot,23.9
conversejs/converse.js,1516.4
jcbrand/converse.js,1516.4
JDesignResearch/Nexus-6P-DualSIM-Card-Tray,
jeanjar/onesignal-simple-push-notification,
jebedaia360/Rakugo,
RimWorld-CCL-Reborn/JecsTools,3555.97
JediKnightChan/KanColleEn,97.50000000000001
imjeffparedes/karix-api,
imjeffparedes/isms-ph-api,
imjeffparedes/semaphore-ph-api,
jellysquid3/Phosphor,4.92
jeremykenedy/laravel-auth,2261.01
jeremykenedy/laravel-roles,2261.01
jeremykenedy/laravel-users,2261.01
jeremykenedy/laravel-blocker,2261.01
raulsuarezmillan/JW-Modules,
Jerenaux/phaserquest,67.52
Jerenaux/basic-mmo-phaser,67.52
jes5199/synthesizing-video-and-turning-it-into-music-bang,
jesusrp98/spacex-go,
jesusrp98/row_collection,
openpilot-community/workbench-api,96.27000000000001
plasticneko/bulma-templates,11102.779999999999
resgateio/resgate,
jkcclemens/paste,42.15
koyoo-maxwel/findyourpet,
2m/adventure-builder-colouring-book,16968.870000000003
jnbdz/demo-golang-nodejs-extension-calculator,
jnbdz/demo-golang-nodejs-extension-helloworld,
joancaron/cryptocompare-api,
impulsesjs/impulses,
egarim/Ultra,708.3
vui-kit/vui,
joelgrus/advent2018,117.26000000000002
joe564338/spooce,
codewithpatelo/aopjs,
codewithpatelo/topsis,
jojolepro/game_features,30.939999999999998
jojolepro/amethyst-extra,30.939999999999998
JCMais/node-libcurl,
Jonathan002/autofont,
jonhoo/tokio-zookeeper,
jonhoo/async-ssh,
jonhoo/minion,
micromatch/to-regex-range,
laurent22/joplin,1167.0099999999998
feimx/pac,
feimx/csd-converter,
feimx/tax,
joseconstela/webparsy,
joseconstela/nodesfc,
ArtskydJ/comicsrss.com,33.35
prominic/MockupVisualEditor,8511.49
joshtronic/php-loremipsum,
joshuaulrich/quantmod,30.360000000000003
joshuaulrich/TTR,30.360000000000003
joshuaulrich/xts,30.360000000000003
JoshuaWise/better-sqlite3,27.38
jsbroks/coco-annotator,1.79
jsbroks/imantics,1.79
Johann-S/bs-stepper,
Johann-S/bs-custom-file-input,
Johann-S/bs-breakpoints,
Johann-S/bs-customizer,
j-show/jshow,
buefy/buefy,537.87
buefy/buefy-react,537.87
jtrent238/PopularMMOS-EpicProportions-Mod,
jtrent238/Hammer-Mod,
JuanLezamaInfoVe/juanlezamainfove.github.io,
juliangruber/review,861.6999999999999
juliangruber/capture-screenshot,861.6999999999999
juliangruber/browser-run,861.6999999999999
juliangruber/multilevel,861.6999999999999
juliangruber/travis-watch,861.6999999999999
juliangruber/tape-run,861.6999999999999
juliangruber/async-stream,861.6999999999999
juliangruber/brace-expansion,861.6999999999999
juliangruber/isarray,861.6999999999999
juliangruber/capture-electron,861.6999999999999
juliangruber/ci-watch,861.6999999999999
formulahendry/vscode-code-runner,
junichi11/netbeans-wordpress-plugin,
junichi11/netbeans-github-issues-plugin,
junichi11/netbeans-vagrant-plugin,
junichi11/netbeans-php-enhancements,
junichi11/netbeans-php-cs-fixer-plugin,
junichi11/netbeans-encoding-plugin,
junichi11/netbeans-gitignore-io-plugin,
junichi11/netbeans-rainbow-braces,
junichi11/netbeans-backlog-plugin,
junichi11/netbeans-change-lf,
junichi11/netbeans-noext-mime-resolver,
junichi11/netbeans-textlint-plugin,
junichi11/netbeans-nonewline-resolver,
junichi11/backers,
junlico/dragalia-lost,
kiranz/just-api,
Justin2528/Discord-Bot-EDGE,
feliperyba/taarapitas.gamble,420.02
justUmen/GameScript,329.93
justUmen/GameScript_standalone,329.93
juzzlin/Heimer,
k0d3r1s/vairogs-utils,
k0d3r1s/vairogs-captcha,
k0d3r1s/vairogs-translatable,
k0d3r1s/vairogs-search,
k0d3r1s/vairogs-guzzle,
k0d3r1s/vairogs-position,
k0d3r1s/vairogs-sitemap,
k0d3r1s/vairogs-oauth,
k0d3r1s/vairogs-core,
vuetifyjs/vuetify-loader,907.1500000000001
kalessil/phpinspectionsea,3873.0
KALILINUXTRICKSYT/easysploit,7.32
KALILINUXTRICKSYT/easymacchanger,7.32
kallbuloso/laravel-blade-directives,
vanilla-music/vanilla-music-lyrics-search,
vanilla-music/vanilla-music-tag-editor,
vanilla-music/vanilla-music-metadata-fetch,
vanilla-music/vanilla-music-cover-fetch,
kane-thornwyrd/cubicle,
NyanBlade/BeatSaberQuestInstaller,
i18next/i18next-parser,927.3599999999999
Spydarlee/Plantasia,128.97
nlsynth/karuta,
kazupon/vue-i18n,8610.06
kazupon/vue-cli-plugin-i18n,8610.06
kazupon/vue-cli-plugin-p11n,8610.06
kazupon/eslint-plugin-vue-i18n,8610.06
hanshaze/pineapple-wifite,
bkornpob/Glinder-Demo-,
kd8bxp/Wifi_Display_Badge,
kd8bxp/Word100,
kd8bxp/micro-Maqueen-Arduino-Library,
kd8bxp/M5Stack-ISS-Tracker-Updated,
kd8bxp/Simple-ISS-Notification-System,
kd8bxp/Simple-Moving-Message-WIFI-Display,
kd8bxp/jsn-sr04t-2.0-car-sensor,
kd8bxp/100m-Lidar-Robot,
kd8bxp/D1-Mini-WiFi-Robot,
kd8bxp/a-better-wifi-scanner,
kd8bxp/Lidar-Display,
kd8bxp/2017-Halloween-Cheerlights-Ghost,
kd8bxp/original_emic_arduino_demo,
kd8bxp/GoPiGo-C-code,
kd8bxp/ESP8266-Relay,
kd8bxp/ESP32-Neopixel-WIFI-Badge,
kd8bxp/wifi-name-badge,
kd8bxp/Adeept-StarryBit-Arduino-Code,
kd8bxp/LBT_I2C_Interface,
kd8bxp/Super-Clock,
kd8bxp/Arduino-Serial-Console-Games,
kd8bxp/JeVois-ArUco-Marker-Experiments,
kd8bxp/EricBotAICube,
kd8bxp/DFRobot-FireBeetle-ESP32-LED-Matrix,
kd8bxp/100m-Lidar-Sensor-Arduino-Code,
kd8bxp/RasPiRobot-Arduino,
keawstudio/Clothing-System-3D,
passepartoutvpn/passepartout-ios,4791.95
passepartoutvpn/tunnelkit,4791.95
MusicalCreeper01/WebNode,
MusicalCreeper01/Monitor,
MusicalCreeper01/The-Seed-v1,
FurryGamesCollection/Kemono,29426.73
kenhowardpdx/vscode-gist,
GaidamakUA/GodotCathedral,3439.97
LicenseKeys/LicenseKeys,
kennyLtv/SM-MM-Updater,
formly-js/angular-formly,1685.7099999999998
keshavbhatt/olivia,
KevinSheedy/chrome-tab-rotate,
kevinelliott/agent_orange,
kevinelliott/dji,
kevinelliott/.dotfiles,
kevinelliott/power_snoop,
kevinelliott/call_sign,
KevinGuancheDarias/trello-to-github-board,
KevinGuancheDarias/owge,
techtide/QuickTeX,
anhkiet2507/metasploitable3forvmware,
kilgoar/rust-mapper,
killeymic/Flare-DiscordBot,
LogistyxCat/Lancer-NPC-Generator,30948.160000000003
KirkMcDonald/kirkmcdonald.github.io,101.97000000000001
GoVanguard/list-infosec-encyclopedia,1428.6299999999997
kjdion84/laraback,
peatah/KkthnxUI,126.25000000000001
dirigeants/klasa,
ChapelR/tweego-setup,3385.55
viebel/klipse-clj,937.54
BEN1JEN/beat-dungeon,3560.2599999999998
Koala-Development/koala,
komdog/Janet,
xesco/NextorBuilder,1052.8100000000002
pantsel/konga,
konkor/cpufreq,30.959999999999997
konkor/obmin,30.959999999999997
konkor/you2ber,30.959999999999997
konkor/newstream,30.959999999999997
konkor/vtt2srt,30.959999999999997
KonnectIT/laravel-permission-ui,
krobawsky/CamControl-master,
KoryNunn/scroll-into-view,27.14
kosson/javascript-invat-eu-inveti-si-tu,
kostia7alania/laravel-vue-forum,
koute/stdweb,1239.6200000000001
koute/cargo-web,1239.6200000000001
jessemillar/darkest-moon,1872.66
kriskowal/peruacru,36.31
keeferrourke/la-capitaine-icon-theme,34.73
KryptedGaming/kryptedauth,307.17
kubilayuzun08/dbm-themes,
KILLTUBE/libradiant,
kusti8/hue-plus,
kusti8/OpenHWControl,
kuyawa/CodeEditor,
kuyawa/DataBrowserPG,
kuyawa/Invoices,
kuyawa/PokerHand,
murderer-plugin/TheMurderer,
kyranet/veza,120.88999999999999
kyranet/Skyra-i18n,120.88999999999999
kyranet/levenshtein-wasm,120.88999999999999
kyranet/binarytf,120.88999999999999
kyranet/serialized-tags,120.88999999999999
SzymonLisowiec/node-epicgames-client,
lacolaco/reactive-store,963.03
lacolaco/ngx-store,963.03
lacolaco/angular-after-tutorial,963.03
danguan/LadyHeroBot,
lainsce/quilter,88.83
lainsce/notejot,88.83
lainsce/timetable,88.83
lainsce/yishu,88.83
lainsce/coin,88.83
lainsce/aesop,88.83
lainsce/reganam,88.83
lainsce/dot-matrix,88.83
lainsce/palaura,88.83
lainsce/beemy,88.83
bgrabitmap/bgracontrols,
sheetbase/sheets,
316company/sheetbase-tools,
316company/sheetbase-angular,
316Company/sheetbase-core-angular,
316company/sheetbase-backend,
316company/sheetbase-ionic-minishop,
316Company/sheetbase-cli,
316company/sheetbase-ionic-starter,
316company/sheetbase-cli,
sheetbase/cli,
sheetbase/app-scripts,
sheetbase/server,
sheetbase/models,
sheetbase/gmail,
sheetbase/client,
sheetbase/md5-server,
sheetbase/polyfill-server,
sheetbase/user,
sheetbase/sheets-nosql-server,
sheetbase/drive,
sheetbase/handlebars-server,
sheetbase/jsrsasign-server,
sheetbase/lodash-server,
sheetbase/angular,
sheetbase/api-key,
sheetbase/utils-server,
sheetbase/tamotsux-server,
sheetbase/ejs-server,
LanikSJ/slack-dark-mode,
LanikSJ/dfimage,
LanikSJ/ubo-filters,
LanikSJ/awscli-aliases,
LanikSJ/docker-web-service,
LanikSJ/docker-php-alpine,
lap00zza/9anime-Companion,
laraning/larapush,
laravelista/Ekko,43.129999999999995
laravelista/comments,43.129999999999995
laravelista/loki,43.129999999999995
laravelista/picasso,43.129999999999995
resttjs/restt,
resttjs/restt-cli,
resttjs/documentation,
larryaasen/upgrader,
InfinityStudio/GokiStats,
jjzhang166/LCUI,
slaveuser/apprise20181128,
slaveuser/apprise20181228,
slaveuser/apprise20190128,
learn-anything/learn-anything,438.26
learnbyexample/scripting_course,
learnbyexample/Python_Basics,
learnbyexample/Linux_command_line,
learnbyexample/vim_reference,
learnbyexample/Ruby_Scripting,
chadrien/cosy-bot,36131.990000000005
ChaiScript/ChaiScript,437.18
Geigerkind/ModifiedPowerAuras,
Geigerkind/ModifiedPowerAurasTBC,
MachineMuse/MachineMusePowersuits,
lekeno/edr,110.02999999999999
LekoArts/gatsby-starter-portfolio-cara,130.21
LekoArts/gatsby-starter-minimal-blog,130.21
LekoArts/gatsby-starter-prismic,130.21
LekoArts/gatsby-starter-portfolio-emma,130.21
LekoArts/gatsby-starter-portfolio-emilia,130.21
LekoArts/gatsby-starter-portfolio-bella,130.21
LekoArts/gatsby-starter-portfolio-jodie,130.21
LekoArts/gatsby-starter-portfolio,130.21
LekoArts/gatsby-starter-prismic-i18n,130.21
mohdule/mohdule.github.io,130.21
Mosh-Media/portfolio,130.21
PyColorado/pycolorado.org,130.21
lepture/authlib,1885.8100000000002
Mastersnes/GoodWitch,
letsgamedev/spielsklave,770.87
lewislepton/kha-tutorial-series,339.58
LiamDawe/gamingonlinux,10911.200000000003
liamstewart23/WordPressForceDeletePost,
Librelancer/Librelancer,
LibrePCB/LibrePCB,428.96
ro31337/libretaxi,197.94
hugoam/toy,504.77
hugoam/two,504.77
mono0926/LicensePlist,22.5
Hesterry/LSC,
Hesterry/LSC_Source,
lihaoyi/Ammonite,3246.54
lihaoyi/mill,3246.54
lihaoyi/requests-scala,3246.54
lihaoyi/utest,3246.54
lihaoyi/os-lib,3246.54
lihaoyi/cask,3246.54
lihaoyi/fansi,3246.54
LilyBell/laravelgrecaptcha,
lcraver/gerald_bot_v2,
jearay/sweetalert2,
Limych/HomeAssistantConfiguration,
Limych/HomeAssistantComponents,
linuxappstore/linuxappstore-frontend,
Linuxbrew/brew,141.88
lutris/ffmpeg-nvenc,1421.25
masikh/ffmpeg-nvenc,1421.25
liquidcarrot/carrot,70.97
elibtronic/lis_grievances,99.13
lite-ui/liteui,
lite-ui/liteui-website,
LittleLightForDestiny/littlelight,45.98
lizzard/transitory,
aurora-fw-archive/aurora,
lochmueller/staticfilecache,
loitd/vue-all-auth,
jDevxyz/synchronous-ify,
lonnieezell/ezauth,2887.84
pichillilorenzo/deps-report,
mcdorgle/SugarMiner,
lubusIN/laravel-gymie,81.78
lubusIN/wp-storybook,81.78
lubusIN/block-background,81.78
lubusIN/actions,81.78
lubusIN/WP-Query-Console,81.78
lubusIN/color-palette-block,81.78
lubusIN/dummynator,81.78
lubusIN/wp-theme-support,81.78
lusaxweb/vuesax,3811.6400000000003
lusaxweb/vuenut,3811.6400000000003
lusaxweb/vuecode,3811.6400000000003
lusaxweb/vuttons,3811.6400000000003
lusaxweb/vuesax-helper,3811.6400000000003
lusaxweb/vuenut.org,3811.6400000000003
dualmoon/Cogs.v3,
luong-komorebi/Minitask,
crackerica/Awesome-Linux-Software,
lwille/node-gphoto2,
LXGaming/DiscordBot,
LXGaming/Sledgehammer,
LXGaming/BukkitBootstrap,
LXGaming/Authlib,
LXGaming/PrismPlus,
LXGaming/UnitySkin,
LXGaming/Authentication,
LXGaming/AntiExploit,
LXGaming/DiscordMusic,
LXGaming/ClearLag,
LXGaming/SilentBoss,
LXGaming/DLLInjection,
LXGaming/repo,
LXGaming/Slowloris,
LXGaming/PreserveGrass,
LXGaming/FAQ,
LXGaming/TeleportBow,
LXGaming/MCC,
LXGaming/lxgaming.github.io,
LXGaming/RedditGlobal,
LXGaming/BungeePacket,
LXGaming/HttpSpec,
LXGaming/KeepAlive,
LXGaming/MBS,
LXGaming/DiscordStream,
LXGaming/BungeePatch,
LXGaming/InventoryAccess,
LXGaming/BungeePlayer,
LXGaming/Sumsang,
LXGaming/SkullTexture,
LXGaming/GlowPlug,
LXGaming/ForgeDirect,
LXGaming/radio,
LXGaming/Integrity,
LXGaming/Powershell,
LXGaming/AntiCurse,
lykahb/sticky-ducky,
BitWolfArt/Lyricrune,715.46
orgmanager/orgmanager,175.20000000000002
Th3Shadowbroker/Yandere-Texture-Manager-Recode,
maca134/MBCon,219.0
maca134/arma-nradio,219.0
macbook47/kai_backd,
MadnessLabs/EnjinIonic1,202.46999999999997
MadnessLabs/MadnessEnjin,202.46999999999997
maeganjwilson/buttons-single-action-tutorial,
charlos16/gs-mtg,209.82
unseenmagik/MagikCogs,
MaikKlein/rlsl,442.70000000000005
Skullfox/maiq-the-liar-public,
majkinetor/au,918.6299999999999
majkinetor/au-packages,918.6299999999999
Payum/Payum,137.04999999999998
Payum/PayumBundle,137.04999999999998
php-enqueue/enqueue-bundle,137.04999999999998
Payum/PayumLaravelPackage,137.04999999999998
Payum/PayumServer,137.04999999999998
php-enqueue/enqueue,137.04999999999998
php-enqueue/amqp-tools,137.04999999999998
php-enqueue/null,137.04999999999998
php-enqueue/amqp-lib,137.04999999999998
php-enqueue/async-event-dispatcher,137.04999999999998
php-enqueue/dsn,137.04999999999998
Payum/PaypalExpressCheckoutNvp,137.04999999999998
php-enqueue/amqp-ext,137.04999999999998
Payum/Core,137.04999999999998
formapro/values,137.04999999999998
Payum/PayumModule,137.04999999999998
php-enqueue/sqs,137.04999999999998
Payum/OmnipayBridge,137.04999999999998
Payum/Offline,137.04999999999998
php-enqueue/fs,137.04999999999998
php-enqueue/job-queue,137.04999999999998
php-enqueue/amqp-bunny,137.04999999999998
php-enqueue/redis,137.04999999999998
php-enqueue/simple-client,137.04999999999998
php-enqueue/dbal,137.04999999999998
Payum/Stripe,137.04999999999998
Payum/Skeleton,137.04999999999998
Payum/PaypalIpn,137.04999999999998
php-enqueue/async-command,137.04999999999998
php-enqueue/rdkafka,137.04999999999998
Payum/PaypalRest,137.04999999999998
php-enqueue/pheanstalk,137.04999999999998
php-enqueue/gps,137.04999999999998
php-enqueue/test,137.04999999999998
php-enqueue/gearman,137.04999999999998
php-enqueue/stomp,137.04999999999998
Payum/Be2Bill,137.04999999999998
Payum/Sofort,137.04999999999998
Payum/PaypalProCheckoutNvp,137.04999999999998
Payum/PaypalProHostedNvp,137.04999999999998
Payum/PaypalMasspayNvp,137.04999999999998
Payum/Payex,137.04999999999998
Payum/AuthorizeNetAim,137.04999999999998
Payum/KlarnaInvoice,137.04999999999998
Payum/KlarnaCheckout,137.04999999999998
Atelier-Shiori/hachidori,
Atelier-Shiori/Hato,
Atelier-Shiori/SwinsianDiscord,
Atelier-Shiori/Shukofukurou-iOS,
Atelier-Shiori/PatreonSharp,
ManlyMarco/KK_MoreAccessoryParents,1322.9699999999998
ManlyMarco/1room-English-Translation,1322.9699999999998
embryoconcepts/Potluck,
maoberlehner/vuex-map-fields,517.02
maoberlehner/vue-lazy-hydration,517.02
maoberlehner/node-sass-magic-importer,517.02
maoberlehner/how-to-structure-a-complex-vuex-store,517.02
maoberlehner/transition-to-height-auto-with-vue,517.02
maoberlehner/goodbye-webpack-building-vue-applications-without-webpack,517.02
maoberlehner/setting-up-a-vue-project-with-webpack-4-and-babel-7,517.02
maoberlehner/vue-router-page-transitions,517.02
maoberlehner/building-renderless-components-to-handle-crud-operations-in-vue,517.02
maoberlehner/collectorium,517.02
maoberlehner/building-a-modal-dialog-with-vue-and-vuex,517.02
maoberlehner/how-to-pre-render-vue-powered-websites-with-webpack,517.02
maoberlehner/distributed-vue-applications-loading-components-via-http,517.02
maoberlehner/dynamic-vue-layout-components,517.02
maoberlehner/how-to-drastically-reduce-estimated-input-latency-and-time-to-interactive-of-ssr-vue-applications,517.02
maoberlehner/vue-application-structure-and-css-architecture,517.02
maoberlehner/using-the-google-maps-api-with-vue,517.02
maoberlehner/skeleton-loading-animation-with-vue,517.02
maoberlehner/well-composed-frontend,517.02
maoberlehner/replicating-the-twitter-tweet-box-with-vue,517.02
maoberlehner/combining-graphql-and-vuex,517.02
maoberlehner/advanced-vue-component-composition-with-container-components,517.02
maoberlehner/css-selector-extract,517.02
maoberlehner/building-a-date-input-component-with-vue,517.02
maoberlehner/implementing-a-simple-middleware-with-vue-router,517.02
maoberlehner/retry-until-online,517.02
maoberlehner/visual-regression-tests-for-vue-applications-with-jest-and-puppeteer,517.02
maoberlehner/building-custom-multi-option-form-components-with-vue,517.02
maoberlehner/using-location-data-with-vue-and-open-street-map,517.02
maoberlehner/lazy-load-vue-components-when-they-become-visible,517.02
maoberlehner/building-a-pre-rendered-website-with-nuxt-and-storyblok,517.02
maoberlehner/storyblok-migrate,517.02
maoberlehner/storyblok-cloudinary-assets,517.02
maoberlehner/lazy-loading-responsive-images-with-vue,517.02
maoberlehner/building-landing-pages-with-vue-and-a-headless-cms,517.02
maoberlehner/abomination-a-concept-for-a-static-html-dynamic-javascript-hybrid-application,517.02
maoberlehner/building-a-simple-content-slider-with-vue,517.02
maoberlehner/building-a-serverless-comment-system-with-netlify-functions-storyblok-and-vue,517.02
maoberlehner/distributed-vue-applications-pushing-content-and-component-updates-to-the-client,517.02
maoberlehner/building-a-static-site-with-storyblok-and-gridsome,517.02
maoberlehner/building-a-simple-ken-burns-slider-with-vue,517.02
maoberlehner/building-a-website-with-vue-the-storyblok-visual-editor-and-netlify,517.02
maoberlehner/crazy-powerful-nightwatch-cucumber-step-definitions,517.02
maoberlehner/route-model-binding-with-vue-and-vuex,517.02
maoberlehner/building-a-parallax-scrolling-effect-component-with-vue,517.02
maoberlehner/visual-regression-testing-with-nightwatch-and-cucumber,517.02
maoberlehner/storyblok-meta-image,517.02
maoberlehner/building-a-renderless-recaptcha-v3-form-component-with-vue,517.02
maoberlehner/network-stubs-and-timers-with-nightwatch-and-cucumber,517.02
maoberlehner/storyblok-augmented-image,517.02
maoberlehner/css-node-extract,517.02
maoberlehner/implementing-a-gdpr-consent-workflow-with-vue,517.02
maoberlehner/creating-pdf-invoices-with-airtable-vue-and-puppeteer,517.02
maoberlehner/storyblok-list,517.02
maoberlehner/storyblok-address,517.02
maoberlehner/storyblok-opening-hours,517.02
maoberlehner/building-a-custom-storyblok-field-type-plugin-with-vue,517.02
maoberlehner/automated-acceptance-testing-with-cypress-and-vue,517.02
maoberlehner/stories-chapters-and-paragraphs-structuring-content-with-storyblok-and-vue,517.02
maoberlehner/using-cloudinary-and-storyblok-to-handle-assets-for-a-vue-application,517.02
maoberlehner/headless-cms-nuxt,517.02
Marc3842h/Titan,96.85
Marc3842h/limbo,96.85
marcel303/framework,24.499999999999996
marciot/html2three,
marciot/retroweb-vintage-computer-museum,
marciot/dome-experiments,
marciot/mazewar-vr,
marciot/fast-vector-display-arduino,
vuematerial/vue-material-old,838.5000000000001
marianocarrazana/Guitar-Effects,
redstone/FreshWilderness,
MarvelWild/WildWorld,
Mashiane/UOE,
tootsuite/mastodon,24705.850000000002
cambrian-era/mastodon,24705.850000000002
EugenePizzerbert/mastodon-social-network,24705.850000000002
sereneblue/awesome-oss,24705.850000000002
kiritan-pop/mastodon,24705.850000000002
samanthaghraves/trollianspace,24705.850000000002
chucknorris-io/chuck-api,
tronalddump-io/tronald-app,
matchilling/org.programmingtalks.www,
botlang/botlang-js,
mateohoxha/mateohoxha.github.io,
MaterialPrime/material-prime,
MatiasVME/old-spaceship-shooter-rpg-deluxe,
MatiasVME/SpaceshipShooterRPGDeluxe,
shaovoon/forloopbenchmark,5778.82
GoTeamEpsilon/desktop.yml,
happypixels/laravel-shopr,
itsmattkc/LEGOIslandRebuilder,
mattlewis92/angular-calendar,183.43999999999997
mattlewis92/angular-confirmation-popover,183.43999999999997
mattlewis92/karma-coverage-istanbul-reporter,183.43999999999997
mattlewis92/angular-draggable-droppable,183.43999999999997
mattlewis92/angularx-flatpickr,183.43999999999997
maxence-charriere/app,
maxine-red/amazed,392.33000000000004
maxine-red/alex_study,392.33000000000004
maxine-red/weasyl-ruby,392.33000000000004
maxine-red/moobooks,392.33000000000004
maxine-red/reinforcepp,392.33000000000004
maxine-red/al3x,392.33000000000004
mbrn/material-table,5.03
Elemecca/heraldbot,3891.86
mcenderdragon/Futurepack-API,125.71
FedFod/Max-MSP-Jitter,3600.5
quigjam/Orianna_Clone,
jamesmontemagno/Xamarin.Plugins,2728.4900000000002
jamesmontemagno/MediaPlugin,2728.4900000000002
jamesmontemagno/SettingsPlugin,2728.4900000000002
jamesmontemagno/mvvm-helpers,2728.4900000000002
jamesmontemagno/monkey-cache,2728.4900000000002
jamesmontemagno/ConnectivityPlugin,2728.4900000000002
jamesmontemagno/GeolocatorPlugin,2728.4900000000002
jamesmontemagno/PermissionsPlugin,2728.4900000000002
jamesmontemagno/ImageCirclePlugin,2728.4900000000002
jamesmontemagno/InAppBillingPlugin,2728.4900000000002
jamesmontemagno/Jeffsum.NET,2728.4900000000002
Merubokkusu/SFMManager,
merveilles/The-Town,31.72
acidbubbles/vambooru,
mesutpiskin/computer-vision-guide,
jverifast-ug/translate,
samuelmaddock/metastream,259.22
tomRedox/simpleCRM,
nnogga/MethodDungeonTools,
nick123pig/ismetroonfire,1565.24
olton/Metro-UI-CSS,1558.29
Chekote/minecraft_modpack_1.9.4,62.60000000000001
Chekote/minecraft-modpack-1.12.2,707.38
micheleriva/mjn,
Tuurlijk/typo3scan,98.65
Tuurlijk/typo3migrate,98.65
Michsky/glassos,332.57
mickael-kerjean/filestash,
mickael-kerjean/nulll,
mooncaker816/learning-go-micro,
midori-browser/core,
midori-browser/midori-android,
OrionDevelop/Orion,
mikeal/roll-call,
mikeal/webtorrent-component,
mikeal/znode,
mikeal/markdown-element,
mikeal/rza,
mikeal/gza,
mikeal/snapkit,
mikeal/cappadonna,
mikeal/distjs,
mikeal/ipfs-elements,
mikeal/raekwon,
GeneaLabs/laravel-model-caching,
GeneaLabs/laravel-impersonator,
wimselloop/stories,
Superont/lmao,1518.54
minamarkham/formation,
minamarkham/sassy-starter,
minamarkham/yonce,
minamarkham/yonce-vscode,
Mindsers/nativetable,425.75
mindsers/nativetable,425.75
Mindsers/yabf,425.75
mindsers/yabf,425.75
Mindsers/configfile,425.75
mistergreen/WAAC,
minimaxir/textgenrnn,263.92
minimaxir/facebook-page-post-scraper,263.92
minimaxir/person-blocker,263.92
minimaxir/automl-gs,263.92
minimaxir/gpt-2-simple,263.92
minimaxir/reactionrnn,263.92
minimaxir/magic-the-gifening,263.92
minimaxir/tweet-generator,263.92
minimaxir/optillusion-animation,263.92
minimaxir/deep-learning-cpu-gpu-benchmark,263.92
minimaxir/gpt-2-cloud-run,263.92
minimaxir/keras-cntk-docker,263.92
minimaxir/ml-data-generator,263.92
minimaxir/foursquare-venue-scraper,263.92
minimaxir/keras-cntk-benchmark,263.92
minimaxir/predict-reddit-submission-success,263.92
minimaxir/subreddit-generator,263.92
minimaxir/get-heart-rate-csv,263.92
minimaxir/pokemon-ai,263.92
minimaxir/ncaa-basketball,263.92
minimaxir/imdb-data-analysis,263.92
minimaxir/automl-gs-examples,263.92
minimaxir/imgur-decline,263.92
minimaxir/ggplot2-web,263.92
minimaxir/stack-overflow-questions,263.92
minimaxir/tensorflow-multiprocess-ray,263.92
minimaxir/modeling-link-aggregators,263.92
willstall/30-days-of-shade,16564.56
mirkoviviano/FYP-Fuck-You-Phisher,
mittalyashu/gridsome-starter-netlifycms,
mittalyashu/gridsome-starter-casper,
Cherdenko/FET-german-translation,86868.89000000001
mizchi/next-editor,1084.35
mlbors/posts,
mob-sakai/SoftMaskForUGUI,97.44
mob-sakai/UpmGitExtension,97.44
mob-sakai/GitDependencyResolverForUnity,97.44
zmartzone/mod_auth_openidc,
moeisnotcool/ZoneMinder,
mohabouje/eDSP,
moleculerjs/moleculer,4671.530000000001
ice-services/moleculer,4671.530000000001
Mishio595/momiji-rust,
monicahq/monica,675.9
monicahq/chandler,675.9
monicahq/version,675.9
matnad/monsterforge,344.90000000000003
AWBuchanan7/temple,
MoosheTV/PropHuntV,
mopemope/meghanada-emacs,61.72
mopemope/meghanada-server,61.72
mopemope/firestarter,61.72
jbarneta/VRExpansionPlugin,4150.900000000001
instagrambot/instabot,137.99
instagrambot/GramUp,137.99
policetonyR/Mortainy-Bot,
MorvanZhou/Reinforcement-learning-with-tensorflow,54.0
MorvanZhou/PyTorch-Tutorial,54.0
MorvanZhou/Tensorflow-Tutorial,54.0
MorvanZhou/Evolutionary-Algorithm,54.0
MorvanZhou/easy-scraping-tutorial,54.0
MorvanZhou/Tensorflow-Computer-Vision-Tutorial,54.0
jiajunhua/MorvanZhou-Reinforcement-learning-with-tensorflow,54.0
moszeed/easysoap,
moszeed/kindle-periodical,
moszeed/wsdlrdr,
moszeed/incrementallify,
moszeed/tweet-fetcher,
moszeed/lastfm-api,
moszeed/less-plugin-incremental,
mpenet/alia,
mpenet/spandex,
TheNumbat/Lists,8501.15
WestonLorenzini/CapitaLetters-MC1.12,733.32
mrmin123/kcauto,
mrmin123/the-calculating-palico,
yapd/download-grava-oes,
mtxr/vscode-sqltools,
aquigni/TON-MTProxy,
adhiraiyan/DeepLearningWithTF2.0,
adhiraiyan/adhiraiyan.github.io,
mukeshsolanki/photofilter,
mukeshsolanki/MarkdownView-Android,
mukeshsolanki/country-picker-android,
mukeshsolanki/android-otpview-pinview,
mukeshsolanki/DrawingView-Android,
mukeshsolanki/liquidrefreshlayout,
mukeshsolanki/easypermissions-android,
mukeshsolanki/Google-Places-AutoComplete-EditText,
mukeshsolanki/easypreferences,
mukeshsolanki/Android-Tamper-Detector,
muldjord/skyscraper,69.52
mumayank/AirLocation,
murhafsousli/ngx-sharebuttons,
muriloventuroso/easyssh,
muriloventuroso/givemelyrics,
muriloventuroso/pdftricks,
BastiaanOlij/vehicle-demo,
BastiaanOlij/godot-vr-weapons,
mvrahden/openclusters,
mxcl/PromiseKit,36.879999999999995
mxcl/swift-sh,36.879999999999995
mxcl/Path.swift,36.879999999999995
mxcl/Workbench,36.879999999999995
mxcl/Cake,36.879999999999995
mxcl/AppUpdater,36.879999999999995
mxcl/Chalk,36.879999999999995
mxcl/Version,36.879999999999995
mxcl/LegibleError,36.879999999999995
jwlehman93/emacs.d,
AtsushiSakai/PythonRobotics,
Shilpa-537/test1,
Zippen-Huang/PythonRobotics-,
mylesdebastion/introduction-to-led-art,272.46999999999997
MySportsFeeds/mysportsfeeds-api,2559.25
znmeb/dfstools,2559.25
MythicalCuddles/DiscordBot,
MythicalCuddles/Book-Loaning-System,
Darklyter/DVDErotik.bundle,
nahuelhds/votaciones-ar-scrapper,
naomiaro/waveform-playlist,43.31
magefile/mage,
nathany/get-programming-with-go,
Nightwatch/-DEPRECATED-api,
nazar-pc/PickMeUp,83.92
nazar-pc/docker-webserver,83.92
explorableexplanations/explorableexplanations.github.io,11114.91
ncase/remember,11114.91
ncase/anxiety-demo,11114.91
ncform/ncform,
oseparovic/comic_selectors,16980.57
neet/vscode-qiita,
lagunehq/lagune,
piximhq/emoji,
neet/qiita-js-2,
ViGEm/ViGEmBus,1119.6399999999999
ViGEm/HidGuardian,1119.6399999999999
nefarius/Injector,1119.6399999999999
ViGEm/ViGEmClient,1119.6399999999999
ViGEm/VDX,1119.6399999999999
ViGEm/ViGEm.NET,1119.6399999999999
nehbit/aether,2636.27
cneira/zcage,
cneira/nomad-zones-driver,
nektro/reader,15.840000000000002
nektro/theme_switcher,15.840000000000002
kshorten42/desk-light-llc,1243.26
NerdOfLinux/nerdoflinux.github.io,
engor/Ted2Go,252.95
nesdis/djongo,89.4
NestedVariables/Quiver,
newhoa/victory-icon-theme,
newhoa/victory-gtk-theme,
kebertxela/homelabos,58.04
NickeManarin/ScreenToGif,337.55
nickmqb/muon,
nickola/web-console,
nickola/webby,
mackler/skcard,119.83
njwest/react-native-weather,
ArkNX/ARK,
irichard03/vueliche,337.05000000000007
coder137/FreeRTOS_Tutorials,
nikitavoloboev/knowledge,31.18
nikitavoloboev/crafting-ideas,31.18
nikitavoloboev/boxes,31.18
lucaspretti/knowledge,31.18
nikitavoloboev/article-drafts,31.18
SoapboxRaceWorld/soapbox-race-core,134.66
amosgyamfi/nimbbble,
andresangelini/niponismo,
NixInteractive/RTS-Tutorial-Code,
ryantm/nixpkgs-update,
Antigrapist/Mother_of_Learning,6060.65
sawanoboly/docs.cloudinfra.podcast,189.13
a123456cg/Internet4JackLabStudent,804.1099999999999
brianc/node-postgres,
danielwpz/pg,1426.8200000000002
Kwothsei/Noel.NET,
Transgiving/Transgiving,907.4599999999999
nosarthur/gita,
dorukBen/notbook-client,
dorukBen/notbook-server,
AlexanderP/alexanderp.github.io,
notifme/notifme-template-ui,
npyl/NSAuthenticatedTask,
nFnK/tntsearch-fulltext,
nFnK/tntsearch,
Nuinalp/nuiverse,
Nuinalp/planium-shell,
Nukesor/pueue,
Nukesor/sticker-finder,
Nukesor/archivebot,
Nukesor/ultimate-poll-bot,
numcommand/num,53.97
nunomaduro/collision,
nunomaduro/phpinsights,
laravel-zero/laravel-zero,
nunomaduro/larastan,
nunomaduro/laravel-console-menu,
nunomaduro/laravel-desktop-notifier,
narration/narration,
laravel-zero/framework,
nunomaduro/laravel-console-dusk,
nunomaduro/collision-adapter-symfony,
nunomaduro/laravel-console-summary,
nunomaduro/skeleton-php,
laravel-zero/foundation,
laravel-zero/installer,
laravel-zero/website,
nunomaduro/ohdear-cli,
nunomaduro/exclude-dev-files-bug,
nunomaduro/laravel-zero-build-test,
nunomaduro/example-issue-110,
nvzqz/FileKit,4.33
nvzqz/RandomKit,4.33
nvzqz/static-assertions-rs,4.33
nvzqz/Threadly,4.33
hexe-rs/Hexe,4.33
nvzqz/uncon-rs,4.33
nvzqz/c-utf8-rs,4.33
nzambello/react-csv-reader,
Patreon/patreon-js,
patreon/patreon-js,
Patreon/patreon-python,
objective-see/LuLu,25420.4
objective-see/ProcInfo,25420.4
objective-see/DoNotDisturb,25420.4
objective-see/WhatsYourSign,25420.4
oceanpkg/rosy,
oceanpkg/www.oceanpkg.org,
Octanium91/xEdify,7.99
kamilsk/retry,
kamilsk/semaphore,
kamilsk/form-api,
octolab/cleaner,
kamilsk/click,
octolab/hugs,
kamilsk/guard,
kamilsk/check,
kamilsk/passport,
kamilsk/go-research,
kamilsk/homebrew-tap,
ocwjay/ECP,
liberodark/ODrive,
Yorko/mlcourse.ai,2382.79
oerdnj/deb.sury.org,2644.97
OfLiberty/pacannabis.guide,
offen/offen,
OGProgrammer/jenkins-pipeline-groovy,
OGProgrammer/docker-test-app,
OGProgrammer/amazonlinux-php-nginx,
OGProgrammer/xdebug-example,
OGProgrammer/vagrant-xdebug,
OGProgrammer/docker-xdebug,
OGRECave/ogre-meshviewer,610.23
oguzhaninan/Stacer,38.22
oguzhaninan/korkut,38.22
oguzhaninan/sshcon,38.22
oladon/PaizoCampaignTools,73.02
olegkoval/magento2-regenerate_url_rewrites,
iPlug2/iPlug2,1049.96
olive-editor/olive,
SymetricHD/SymetricHD.github.io,
mui-org/material-ui-docs,11092.419999999998
uxpin-merge/material-ui-merge,11092.419999999998
Lord-Lavios/torrent-organizer,2256.96
shahsparx/MovieRightNow,2256.96
phoet/on_ruby,58.05000000000001
oneezy/gtd-trello-card-links,
oneezy/gtd-trello,
onestay/CR-Unblocker-Server,98.52
Mikepicker/onion-packer,
onivim/oni2,3741.17
Openarl/PathOfBuilding,5546.23
bacchus-ng/bacchus,
bacchus-ng/bacchus-ng,
SuperPichu/machoBullshit,566.83
opprDev/R3LM,
opprDev/trash-back,
opprDev/meta,
opprDev/forum.oppr.io,
orels1/ORELS-Cogs,258.89000000000004
akaleeroy/collapse-lingo,
ossu/computer-science,23.6
ossu/data-science,23.6
ossu/bioinformatics,23.6
ossu/cohorts,23.6
treoa/Self-Syllabus-Data-Science,23.6
sumitnce1/Data-Science,23.6
otacke/timetray,87.19999999999999
otacke/h5p-essay,87.19999999999999
otacke/h5p-agamotto,87.19999999999999
otacke/h5pxapikatchu,87.19999999999999
otacke/yalw,87.19999999999999
otacke/h5p-dictation,87.19999999999999
otacke/h5p-bingo,87.19999999999999
joemcbride/outlander-osx,149.75
xiaofen9/overwatch,
ovhemert/chuck-says,
DropSnorz/OwlPlug,
owsas/parse-paginate-query,
erenertugrul/construct-plugins,100.36
pablorosales/pretty-ymd,
pablorosales/confs,
PadmaUnlimited/padma-theme,3.3600000000000003
palmtree5/palmtree5-cogs-v2,
guhuilin/authorityManagement,184.73
2939699018/monitorAdmin,184.73
410673463/yuanfang-web,184.73
wangzhao1995/vue-element-admin,184.73
panva/node-oidc-provider,46.4
panva/node-openid-client,46.4
panva/jose,46.4
hack-and-slash/awesome-tabletop-rpg,7190.719999999999
paradise-404/Pacho,
ParadoxalCorp/felix-production,136.92
QModManager/QModManager,482.65
pardeike/Reloader,482.65
DingoDjango/DeepOreIdentifier,482.65
DingoDjango/NoForcedSlowdown,482.65
JustMaffie/Discord-Partnerships-Bot,
Parzivail-Modding-Team/GalaxiesParzisStarWarsMod,51.41
passcod/cargo-watch,
passcod/constellationd,
passpill-io/multi-browse,
pasvitas/samplauncher,
patrioticcow/YoutubeVideoControlls,
pattern-lab/patternlab-node,1570.4900000000002
darkyndy/babel-plugin-auto-logger,
darkyndy/amiddy,
darkyndy/jest-serializer-functions,
doittherailway/CatStacks,12.56
paulofreitas/geodata-br,
pawbyte/Game-Pencil-Engine,299.63
weareopensource/Node,
PierreBrisorgueil/siliconValleyEmoji,
weareopensource/Angular,
PierreBrisorgueil/Web-PrivateBoard,
PierreBrisorgueil/SeafileStyle,
WeAreOpenSourceProjects/waos-conventional-changelog,
weareopensource/weareopensource.github.io,
weareopensource/Swift,
peaceiris/actions-gh-pages,
peaceiris/actions-hugo,
peaceiris/actions-pixela,
peaceiris/actions-broken-link-checker,
peaceiris/actions-hugo-link-check,
peaceiris/actions-liche,
peaceiris/actions-muffet,
pedronauck/docz,368.31
sudomesh/onboarding,930.9100000000001
PERLUR/odoo-packages,
pervyrogue/AATOFL-Mod,
PetePete1984/SuperTilemap,
ph5x5/albion-minimap-overlay,
pH7Software/pH7-Social-Dating-CMS,436.32000000000005
pH7Software/pH7Builder,436.32000000000005
phimage/Erik,
phimage/CallbackURLKit,
vulhub/vulhub,4651.650000000001
photonstorm/phaser,22960.09
photonstorm/phaser-ce,22960.09
phpseclib/phpseclib,
phpseclib/mcrypt_compat,
phpstan/phpstan,2463.5699999999997
php-telegram-bot/core,
picluster/picluster,
pidtuner/pidtuner.github.io,
henriiquecampos/bard-lesson,474.22
pihomeserver/Kupiki-Hotspot-Script,40.2
pinepain/php-ref,
pinepain/php-object-maps,
pinepain/php-ref-stubs,
piotrwitek/react-redux-typescript-guide,
piotrwitek/typesafe-actions,
piotrzarzycki21/TranspiledActionScript,364.42
blascarr/Chibitronics_Logic_Gates,6053.26
PipeRift/ActionsExtension,
WeebDev/lolisafe,22.99
Pitu/Magane,22.99
Pitu/vue-isyourpasswordsafe,22.99
Pitu/API-Starter,22.99
a-know/Pixela,
j2doll/plantuml-example,487.06000000000006
Commit451/skyhook,
Patreon/patreon-java,
pcvonz/oc-patreongoalstatus-plugin,
dumbgamedev/TextMeshPro_Playmaker,214.14
dumbgamedev/postprocess_playmaker,214.14
dumbgamedev/hitmanager_playmaker,214.14
dumbgamedev/thirdpersoncontroller_playmaker,214.14
dumbgamedev/shadowDetect-playmaker,214.14
dumbgamedev/outlineEffect_Playmaker,214.14
dumbgamedev/XWeaponTrail_Playmaker,214.14
JosefNemec/Playnite,1138.54
plyoung/EdGames,
plyoung/Favourites,
plyoung/WaypointMaker,
plyoung/GameMap2D,
plyoung/EdNotes,
plyoung/HierarchyCustomiser,
plyoung/MissingScriptsFinder,
phmullins/knowledge,
Pnoxi/AVR-ISP-Pogo-Pin-Adapter,
Pnoxi/ESP8266_Blynk_WOL_Server,
pmmp/PocketMine-MP,534.02
mxpv/patreon-go,852.7799999999999
PokeAlarm/PokeAlarm,918.0400000000001
polarity/polarity-music-tools,234.54999999999998
pollen-robotics/luos,
1f991/patreon-php,
Stonebound/patreon-to-discord-webhooks,
MiniDigger/Subscribe4Whitelist,
1f991/patreon-php-example,
Zackazt/React-Chat-Tutorial,13.21
Zackazt/TicTacToeTutorial,13.21
Zackazt/ToDoListTutorial,13.21
PostgREST/postgrest,2259.41
worr/node-imdb-api,
AdultLink/SphereDissolve,
Ibuprogames/gamedev-resources,
Zettt/km-markdown-library,
rajagp/iOS_MVC_MVP_MVVM_SampleApp,
DeathWeasel1337/KK_Plugins,
hrbrmstr/omdbapi,
VoxelBoy/UniteBerlin,
smkplus/Iridescence,
jensb89/trakt---letterboxd-import,
joehand/open-source-finances,
aharen/OMDbAPI,
mob-sakai/RotateMe,
gnh1201/reasonableframework,
Lipera/Unity-Shader-Playground,
Pathoschild/StardewCommunityMods,
butStill/UnityResourceMegaList,
connordelacruz/iterm2-tab-color,
conan513/TrinityBuilder,
ManlyMarco/KK_ClothingStateMenu,
castle-engine/wyrd-forest,
playfultechnology/arduino-rfid-PN5180,
Adrrei/Kattis-Challenges,
KristinHenry/nf2hack,
JesterlJoker/The-Four-Horsemen-Project,
richardschembri/GodotBasic3DFootball,
SimonOuellette35/BlogCode,
posva/vue-promised,2261.0299999999997
posva/thanks,2261.0299999999997
potato4d/nuxt-firebase-sns-example,754.37
potato4d/nuxt-basic-auth-module,754.37
potato4d/vue-fixed-header,754.37
potato4d/nuxt-client-init-module,754.37
potato4d/nuxt-dayjs-module,754.37
potato4d/qiita-feed-generator,754.37
potato4d/minimalytm-website,754.37
potato4d/sentei,754.37
potato4d/textlint-rule-detect-bad-chars,754.37
prabaprakash/Awesome-React-Redux-Saga-Boilerplate,
prabaprakash/Micro-Frontends,
Joonsang1994/free-tshirts-stickers-and-swag-for-developers,
Joonsang1994/Hacktoberfest,
PredaaA/predacogs,
nodescript/nodescript,
nodescript/nodescript.github.io,
VirtuallyCreative/ollie-ui,
PrismLibrary/Prism,
privacytoolsIO/privacytools.io,
RoyBerntsenDesign/V-King,
proepkes/MSF-DarkRiftServer,
jnbdz/DemoGolangNodejsExtensionHelloWorld,
jMonkeyEngine-Contributions/Lemur,285.25
zdharma/fast-syntax-highlighting,112.04999999999998
zdharma/zplugin,112.04999999999998
zdharma/history-search-multi-word,112.04999999999998
zdharma/Zsh-100-Commits-Club,112.04999999999998
zdharma/zshelldoc,112.04999999999998
hobby-kube/guide,2.56
MaxValue/Terpene-Profile-Parser-for-Cannabis-Strains,
PubPeerFoundation/PublicationDataExtractor,
punkchainfree/Monero-Pi-Node,
purelygrey/projects,113.53
Purii/react-native-tableview-simple,
Purii/react-use-scrollspy,
purpleidea/mgmt,561.27
mookman288/FrozenBones,
mookman288/FrozenBones-Bulma,
r0x0r/pywebview,32.760000000000005
mapmeld/postgis-zimbabwe,
quinton-ashley/bottlenose,
quinton-ashley/Super_Mario_Sunshine_UHD_Texture_Pack,
quinton-ashley/cemu-no-gyro,
quinton-ashley/firefox-hide-scrollbars,
quinton-ashley/Kirby_Air_Ride_UHD_Texture_Pack,
quinton-ashley/qodemate,
quinton-ashley/video-up,
quinton-ashley/Luigis_Mansion_UHD_Pack,
quinton-ashley/reddit-uhd,
quinton-ashley/hendriks,
quinton-ashley/devsy,
quinton-ashley/delay-cmd,
quinton-ashley/get-open-apps,
quinton-ashley/ProcessingVideoExport,
quinton-ashley/pkg-sort,
qd-cae/qd-cae-python,43.52
buttplugio/buttplug,3858.52
buttplugio/buttplug-js,3858.52
buttplugio/buttplug-csharp,3858.52
buttplugio/stpihkal,3858.52
metafetish/lovesense-js,3858.52
metafetish/syncydink,3858.52
buttplugio/buttplug-py,3858.52
buttplugio/buttplug-twine,3858.52
intiface/intiface-game-haptics-router,3858.52
metafetish/buttplug-playground,3858.52
buttplugio/buttsaber,3858.52
intiface/intiface-desktop,3858.52
buttplugio/buttplug.io,3858.52
buttplugio/buttplug-schema,3858.52
metafetish/haptic-movie-file-reader,3858.52
buttplugio/buttplug-windows-suite,3858.52
buttplugio/buttplug-developer-guide,3858.52
buttplugio/buttplug-android,3858.52
buttplugio/buttplug-device-config,3858.52
buttplugio/vue-buttplug-material-component,3858.52
buttplugio/buttplug.world,3858.52
buttplugio/updates.buttplug.io,3858.52
bofhgr/TM-Target-Profile-for-SC-by-qp,230.01999999999998
quasarframework/quasar-play,16331.109999999997
quasarframework/quasar-cli,16331.109999999997
quasarframework/quasar-nuxt,16331.109999999997
quasarframework/quasar-template-pwa,16331.109999999997
quasarframework/quasar-template-default,16331.109999999997
TobyMosque/app-extension-qdatetimepicker,16331.109999999997
quasarframework/electron-wrapper,16331.109999999997
quxios/Quasi-MV-ABS-Demo,
quxios/Quasi-MV-Master-Demo,
tlaukkan/aframe-asset-collection,2257.36
quickwords/quickwords,15.92
TeamPorcupine/ProjectPorcupine,16155.12
OrderOfThePorcupine/ProjectPorcupine,16155.12
OrderOfThePorcupine/Localization,16155.12
quxios/QMV-Master-Demo,1014.9799999999999
quxios/QMV-ABS-Demo,1014.9799999999999
quxios/QInput,1014.9799999999999
quxios/QData,1014.9799999999999
qwertyquerty/pypresence,271.97
qwertyquerty/ss13rp,271.97
qwertyquerty/savepew,271.97
rDany/script,
rust-iendo/v_htmlescape,
rafacost/TheLangoliers,
vardhireddy/springboot-docker,17.310000000000002
bbbradsmith/huffmunch,299.55
bbbradsmith/makeflop.py,299.55
raitalharehman/awesome-storefronts,
FriendosClub/QuoteBot,
Ravencrow/battle-tac-toe,202.90000000000003
rampantpixels/foundation_lib,25.11
marktext/marktext,
Jocs/sponsor.me,
skyne98/neptune,
rasteri/SC1000,83.97
raysan5/raylib,578.28
raysan5/raylib.com,
loltatoez/loltatoez.github.io,139.69
rcarcasses/vue-cytoscape,
viktord1985/React-Bitcoin-Ticker,
reduxjs/redux,
gaearon/babel-plugin-react-transform,
rajdee/redux-in-russian,
sergiodxa/redux-in-spanish,
ayqy/redux-3.7.0,
TutupSalep/React-Native-Starter,
saricden/no-place-like,
sscarduzio/elasticsearch-readonlyrest-plugin,593.73
realrashid/sweet-alert,
Rebzzel/Fastly-Image-Viewer,
recp/cmt,
rectorphp/rector,
rectorphp/rector-ci,
RedBlueVideo/redblue,
redfish64/TinyTravelTracker,
reepblue/SourceSDKContent,134.79999999999998
regeya/upwork-appimage,
natefish/PiFrame,
reinier/82procent-nieuwsbrieven,249.74
isabellevu1214/isabellevu1214.github.io,
radwolfdev/marshmallow,159.54000000000002
reming0227/atom-design,
renepickhardt/c-lightning-plugin-collection,310.68999999999994
Requarks/wiki-v1,134.05
TheResimulators/Sim-U-Kraft-Resimulated,
retep998/winapi-rs,742.5899999999999
retorquere/zotero-better-bibtex,53.97999999999999
revely-inc/co.revely.gradient,
RichardBray/no-redux,
Barsonax/Pathfindax,
RicoSuter/NSwag,
nativescript-vue/nativescript-vue,2575.8
Gonzalo2310/awesome-nativescript-vue,2575.8
riking/AutoDelete,41.02
pqina/filepond,82.44
rikschennink/shiny,82.44
rikschennink/fitty,82.44
rikschennink/conditioner,82.44
pqina/vue-filepond,82.44
pqina/react-filepond,82.44
pqina/ngx-filepond,82.44
robertdumitrescu/collection-path-helper,
RobertJGabriel/travis-tweet-update,
pwa-awards/website,
RobertJGabriel/github-issue-logger,
RobertJGabriel/Website,
SvenSommer/BlueSonosButton,
CyberdyneCC/Thermos,
rofrischmann/fela,
rofrischmann/inline-style-prefixer,
rofrischmann/react-css-component,
rofrischmann/react-woodworm,
rofrischmann/read-transform-write,
rohin33/Total-Scan,
kazup01/TrueHeroes,
roman01la/html-to-react-components,205.51999999999998
roman01la/webpack-closure-compiler,205.51999999999998
clj-commons/cljss,205.51999999999998
clj-commons/citrus,205.51999999999998
roots/sage,11905.320000000002
roots/bedrock,11905.320000000002
roots/trellis,11905.320000000002
roots/trellis-cli,11905.320000000002
pixelcollective/SageJS,11905.320000000002
oxboot/oxboot,11905.320000000002
ivandaum/portfolio-joffreypetit-2019,11905.320000000002
ivandaum/bedrock-starter,11905.320000000002
rosell-dk/webp-convert,27.73
rosemlab/client,
roxxploxx/RimWorldModGuide,
rossimo/dice,489.90999999999997
imricky/vue-express-lab,
huyingjie/rsnippets,
TheLittleEngineers/CC3-SpeedBump-V1R1,
TheLittleEngineers/2732-tofrom-2532,
vulkano-rs/vulkano,
AoDude/RuneInfo,60.45
rusefi/rusefi,112.47000000000001
rusefi/hw_microRusEfi,112.47000000000001
Mo45/Rust-Server-Website-Template,74.67
agneta/platform,
the-road-to-learn-react/the-road-to-learn-react-chinese,637.5100000000001
the-road-to-learn-react/the-road-to-learn-react-russian,637.5100000000001
the-road-to-learn-react/the-road-to-learn-react-portuguese,637.5100000000001
rwieruch/the-road-to-react-with-firebase,637.5100000000001
the-road-to-learn-react/the-road-to-learn-react-spanish,637.5100000000001
the-road-to-learn-react/the-road-to-learn-react-french,637.5100000000001
the-road-to-learn-react/the-road-to-learn-react-italian,637.5100000000001
RyanBayne/WordPressPluginSeed,
RyanBayne/Multitool,
Ryujinx/Ryujinx,
codersgarage/BelleORM,
s9a/s9a.github.io,
s9a/fake_it_till_you_name_it,
Saegusae/fps-utils,
Saegusae/looks,
bbookman/Snapchat-Snap-Kit-Demo-Here,
alexander-irbis/awesome-bookmarks,14105.51
Andre-LA/links-de-dsv-de-jogos,14105.51
Neko250/pixelart-tuts,14105.51
funzeye/dev-bookmarks,14105.51
salaros/vtwsclib-php,
Equipple/revit-family-web-viewer,
salaros/is-biz-mail-php,
salaros/config-parser,
salaros/is-biz-mail-js,
salaros/is-biz-mail-dotnet,
mjfernez/algorhythmic,3492.6899999999996
hafizadil123/orderpay,17.32
samrith-s/parcel-plugin-structurize,
easytax/easytax-framework,
purcell/emacs.d,810.8199999999999
purcell/exec-path-from-shell,810.8199999999999
purcell/sqlint,810.8199999999999
purcell/ibuffer-vc,810.8199999999999
purcell/elisp-slime-nav,810.8199999999999
purcell/page-break-lines,810.8199999999999
purcell/ac-slime,810.8199999999999
purcell/package-lint,810.8199999999999
purcell/reformatter.el,810.8199999999999
purcell/whitespace-cleanup-mode,810.8199999999999
purcell/jargs,810.8199999999999
purcell/disable-mouse,810.8199999999999
purcell/airspeed,810.8199999999999
purcell/rails-runit,810.8199999999999
purcell/ibuffer-projectile,810.8199999999999
purcell/default-text-scale,810.8199999999999
purcell/sqlformat,810.8199999999999
purcell/unfill,810.8199999999999
purcell/diredfl,810.8199999999999
purcell/paredit-everywhere,810.8199999999999
purcell/postgresql-migrations,810.8199999999999
purcell/flycheck-ledger,810.8199999999999
purcell/ruby-hash-syntax,810.8199999999999
purcell/flycheck-package,810.8199999999999
purcell/osx-location,810.8199999999999
purcell/ns-auto-titlebar,810.8199999999999
purcell/mode-line-bell,810.8199999999999
purcell/list-unicode-display,810.8199999999999
purcell/skewer-less,810.8199999999999
purcell/cl-libify,810.8199999999999
nxengine/nxengine-evo,
ondata/guidaVisiData,
elijabesu/SauriCogs,
schell/gelatin,
schell/odin,
schematical/chaoscraft,81.3
hamzasheikh/podcast,112.74000000000001
Scifabric/pybossa,
Scifabric/docs.pybossa.com,
Yushang2019/master,592.4
rustsim/nalgebra,1984.69
rustsim/nphysics,1984.69
rustsim/ncollide,1984.69
TSedlar/anitrack,
TSedlar/pseudo-styler,
TSedlar/eltag,
TSedlar/dokusho,
TSedlar/open-notebook,
TSedlar/mu-feed,
Seklfreak/Robyul-Web,1647.1399999999999
selabie68/i-love-steempeak,
selabie68/OreGenUltimateSponge,
selabie68/steem-notify,
sentialx/multrin,135.86
serayuzgur/crates,
SerenityOS/serenity,
serge-rgb/milton,561.79
sergiodxa/impresionante-javascript,8.73
sergiodxa/next-ga,8.73
sergiodxa/next-nprogress,8.73
sergiodxa/react-lazy-image,8.73
sergiodxa/now-storage,8.73
sergiodxa/react-lazy-memo,8.73
contentz-tech/contentz,8.73
sergiodxa/react-course-project,8.73
sergiodxa/personal-site,8.73
sergiodxa/micro-next,8.73
sergiodxa/now-ab,8.73
sergiodxa/now-parcel,8.73
sergiodxa/personal-slides,8.73
sergiodxa/react-use-permissions,8.73
sergiodxa/next-analytics,8.73
sergiodxa/markdown-it-mentions,8.73
sergiodxa/react-use-quicklink,8.73
sergiodxa/next-babel-minify,8.73
sergiodxa/dataset,8.73
sergiodxa/markdown-it-codesandbox,8.73
sergiodxa/personal-cli,8.73
sergiodxa/device-info,8.73
sergiodxa/personal-shortening,8.73
sergiodxa/dice-roller,8.73
sergiodxa/personal-redirect,8.73
sergiodxa/wizard-vs-kraken,8.73
sergiodxa/subscribe,8.73
serhii-londar/open-source-mac-os-apps,
serprex/luwa,198.80000000000004
AnomalyInnovations/serverless-stack-com,474.01
gaao/design-resource,
settysantu/mintleaf,
sh-akira/VirtualMotionCapture,
sdawood/json-tots,
jfoenixadmin/JFoenix,
shadowhand/latitude,
northwoods/broker,
northwoods/container,
shadowhand/highlander,
northwoods/entity-proxy,
shadowhand/cairon,
misterdanb/shady,
shahriar0247/messenger-packed-exe-app,
neutralinojs/neutralinojs,27.14
shalithasuranga/runn,27.14
shalvah/DownloadThisVideo,
LucasFazzi/bichometrico_memoria_game,94.98
colgreen/sharpneat,
shd101wyy/markdown-preview-enhanced,98.59
shd101wyy/vscode-markdown-preview-enhanced,98.59
JBdAmiens/ROLL20TheAaron,1459.16
shellscape/koa-webpack,90.78999999999999
shellscape/gmail-classic,90.78999999999999
shellscape/webpack-plugin-serve,90.78999999999999
shellscape/webpack-nano,90.78999999999999
shellscape/postcss-less,90.78999999999999
shellscape/postcss-values-parser,90.78999999999999
shellscape/webpack-serve,90.78999999999999
shellscape/bundler-serve,90.78999999999999
Sebobo/Shel.Neos.Hyphens,4.21
Sebobo/Shel.AssetNames,4.21
Sebobo/Shel.Neos.TransferContent,4.21
ShepherdJerred-minecraft/sthorses,
shirosaidev/diskover,3916.15
shirosaidev/stocksight,3916.15
shirosaidev/saisoku,3916.15
shirosaidev/airbnbbot,3916.15
j0rdanit0/api-swgoh-help,2856.09
laravelista/Bard,
Grim-es/material-combiner-addon,75.36
shubhamgulati91/archify-effortlessly,
shuchkin/simplexlsx,
shuchkin/simplexls,
shuchkin/react-smtp-client,
shuchkin/simplecsv,
shuchkin/react-http-client,
shuchkin/simplemail,
Shurgent/TFCTech,
sibelius/relay-modern-course,26.4
Slevinski/SuttonSignWriting,1103.5
Slevinski/apitxt,1103.5
jooorooo/image-optimizer,
simoncropparchived/EfCore.InMemoryHelpers,
Simonwep/pickr,17.490000000000002
Simonwep/selection,17.490000000000002
Simonwep/candy,17.490000000000002
ovanta/vue-cloudfront,17.490000000000002
Simonwep/java-express,17.490000000000002
Simonwep/presentr,17.490000000000002
Simonwep/sassyfication,17.490000000000002
Simonwep/vue-thread-loader,17.490000000000002
Simperfit/symfony-router-error,48.36
SimCoderYoutube/UberClone,
SimCoderYoutube/WhatsAppClone,
SimCoderYoutube/SnapchatClone,
SimCoderYoutube/NovaLauncherClone,
SahrJo/https-github.com-SimCoderYoutube-Uber_android_app_clone,
walteranyika/CombinedTaxiApp,
schealex/ama,
schealex/schealex.github.io,
simcolony/TS4THDEMO,
lemonpaul/simulide,196.60000000000002
sindresorhus/awesome-electron,55279.93
sindresorhus/pageres,55279.93
sindresorhus/ora,55279.93
sindresorhus/np,55279.93
sindresorhus/electron-config,55279.93
sindresorhus/electron-store,55279.93
sindresorhus/fast-cli,55279.93
sindresorhus/cli-spinners,55279.93
sindresorhus/pageres-cli,55279.93
sindresorhus/ama,55279.93
sindresorhus/grunt-sass,55279.93
sindresorhus/load-grunt-tasks,55279.93
sindresorhus/grunt-shell,55279.93
sindresorhus/gulp-autoprefixer,55279.93
sindresorhus/electron-context-menu,55279.93
sindresorhus/electron-debug,55279.93
sindresorhus/conf,55279.93
sindresorhus/grunt-eslint,55279.93
CraryPrimitiveMan/awesome-with-star,55279.93
AiPacino/Best,55279.93
chinanf-boy/awesome-electron-zh,55279.93
sinkillerj/ProjectE,364.59000000000003
sinkillerj/ProjectE-Aether-Addon,364.59000000000003
arximboldi/ewig,198.31
sippy/b2bua,3613.2899999999995
l74ndro/legacy-ml-python,9372.35
SirSkaro/Pokedex,834.5
six-of-one/Quake-documentation,
sizzlorox/Idle-RPG-Bot,34.81
eddoww/modded-schematics,514.18
sketchpunk/FunWithWebGL2,166.01
sketchpunk/NEditorJS,166.01
sketchpunk/ShaderBlocks,166.01
sketchpunk/openkeyboard,166.01
sketchpunk/SpeechCMD,166.01
sketchpunk/NoiseUI,166.01
sketchpunk/OpenXortex,166.01
sketchpunk/mkRebuild,166.01
skyarkhangel/Hardcore-SK,53.519999999999996
skypjack/entt,416.34
skypjack/uvw,416.34
skypjack/meta,416.34
BareRose/atomix,71.56
BareRose/swrap,71.56
BareRose/dvector,71.56
BareRose/nibrans,71.56
BareRose/ranxoshi256,71.56
BareRose/lonesha256,71.56
BareRose/lconfig,71.56
BareRose/dynarr,71.56
BareRose/parray,71.56
BumpBotDiscord/bump,
ixm-one/ixm,187.82
Siilwyn/awesome-pixel-art,1262.28
smakosh/unnamed-css-framework,
smakosh/gatsby-portfolio-dev,
smakosh/smakosh.com,
smakosh/gatsby-starter-i18n,
smakosh/personal-react-app-boilerplate,
smakosh/gatsby-source-dribbble,
smakosh/gatsby-app-starter-rest-api,
smakosh/CRA-Airtable,
smakosh/gatsby-airtable-starter,
tripflex/wp-login-flow,
Superjo149/auryo,6.99
iBlatant/mineman1,
sobri909/LocoKit,3211.69
soroushchehresa/vue-soundcloud,
soroushchehresa/unsplash-wallpapers,
soroushchehresa/react-ignore-rerender,
soroushchehresa/map-nearest-location,
soroushchehresa/axios-react,
sorskoot/a-frame-tutorial,
soruly/trace.moe,966.81
soruly/trace.moe-telegram-bot,966.81
soruly/sola,966.81
soruly/trace.moe-WebExtension,966.81
soruly/trace.moe-media,966.81
sourcewars/linkedin-awesome-tools,
wiltonlazary/korlibs,
spacehuhn/wifi_ducky,541.67
spacehuhn/DeauthDetector,541.67
spacehuhn/PacketMonitor,541.67
spacehuhn/ArduinoPcap,541.67
spacehuhn/ArduinoARPspoof,541.67
spacehuhn/wifi_keylogger,541.67
wi-fi-analyzer/esp8266_deauther,541.67
awesome-pentest-gadgets/wifi-ducky-samdenty99-,541.67
s-panferov/tygen,
gamesoflightllc/spark-community,
spatie/laravel-permission,2328.5899999999997
spatie/laravel-activitylog,2328.5899999999997
spatie/laravel-query-builder,2328.5899999999997
spatie/laravel-fractal,2328.5899999999997
spatie/image-optimizer,2328.5899999999997
spatie/laravel-responsecache,2328.5899999999997
spatie/crawler,2328.5899999999997
spatie/async,2328.5899999999997
spatie/laravel-translatable,2328.5899999999997
spatie/regex,2328.5899999999997
spatie/laravel-sitemap,2328.5899999999997
spatie/opening-hours,2328.5899999999997
spatie/laravel-tags,2328.5899999999997
spatie/form-backend-validation,2328.5899999999997
spatie/laravel-uptime-monitor,2328.5899999999997
spatie/laravel-image-optimizer,2328.5899999999997
spatie/laravel-event-projector,2328.5899999999997
spatie/pdf-to-image,2328.5899999999997
spatie/period,2328.5899999999997
spatie/image,2328.5899999999997
spatie/laravel-cookie-consent,2328.5899999999997
spatie/schema-org,2328.5899999999997
spatie/vue-table-component,2328.5899999999997
spatie/vue-tabs-component,2328.5899999999997
spatie/laravel-google-calendar,2328.5899999999997
spatie/laravel-url-signer,2328.5899999999997
spatie/once,2328.5899999999997
spatie/phpunit-watcher,2328.5899999999997
spatie/laravel-menu,2328.5899999999997
spatie/laravel-db-snapshots,2328.5899999999997
spatie/laravel-binary-uuid,2328.5899999999997
spatie/db-dumper,2328.5899999999997
spatie/laravel-mix-purgecss,2328.5899999999997
spatie/laravel-failed-job-monitor,2328.5899999999997
spatie/menu,2328.5899999999997
spatie/laravel-pjax,2328.5899999999997
spatie/laravel-server-monitor,2328.5899999999997
spatie/data-transfer-object,2328.5899999999997
spatie/http-status-check,2328.5899999999997
spatie/laravel-blade-x,2328.5899999999997
spatie/temporary-directory,2328.5899999999997
spatie/laravel-cors,2328.5899999999997
spatie/laravel-feed,2328.5899999999997
spatie/laravel-view-models,2328.5899999999997
spatie/laravel-blade-javascript,2328.5899999999997
spatie/laravel-schemaless-attributes,2328.5899999999997
spatie/valuestore,2328.5899999999997
spatie/ssl-certificate,2328.5899999999997
spatie/laravel-model-status,2328.5899999999997
spatie/laravel-searchable,2328.5899999999997
spatie/laravel-translation-loader,2328.5899999999997
spatie/laravel-missing-page-redirector,2328.5899999999997
spatie/macroable,2328.5899999999997
spatie/typed,2328.5899999999997
spatie/laravel-server-side-rendering,2328.5899999999997
spatie/calendar-links,2328.5899999999997
spatie/phpunit-snapshot-assertions,2328.5899999999997
spatie/laravel-honeypot,2328.5899999999997
spatie/laravel-csp,2328.5899999999997
spatie/laravel-http-logger,2328.5899999999997
spatie/laravel-personal-data-export,2328.5899999999997
spatie/fractalistic,2328.5899999999997
spatie/server-side-rendering,2328.5899999999997
spatie/url,2328.5899999999997
spatie/freek.dev,2328.5899999999997
spatie/laravel-link-checker,2328.5899999999997
spatie/dnsrecords.io,2328.5899999999997
spatie/laravel-flash,2328.5899999999997
spatie/enum,2328.5899999999997
spatie/laravel-web-tinker,2328.5899999999997
spatie/laravel-varnish,2328.5899999999997
spatie/skeleton-php,2328.5899999999997
spatie/laravel-json-api-paginate,2328.5899999999997
spatie/laravel-model-cleanup,2328.5899999999997
spatie/laravel-demo-mode,2328.5899999999997
spatie/laravel-referer,2328.5899999999997
spatie/laravel-validation-rules,2328.5899999999997
spatie/laravel-stripe-webhooks,2328.5899999999997
spatie/laravel-partialcache,2328.5899999999997
spatie/laravel-view-components,2328.5899999999997
spatie/laravel-googletagmanager,2328.5899999999997
spatie/dns,2328.5899999999997
spatie/laravel-slack-slash-command,2328.5899999999997
spatie/flysystem-dropbox,2328.5899999999997
spatie/nova-backup-tool,2328.5899999999997
spatie/skeleton-nova-tool,2328.5899999999997
spatie/7to5,2328.5899999999997
spatie/laravel-directory-cleanup,2328.5899999999997
spatie/laravel-tinker-tools,2328.5899999999997
spatie/laravel-twitter-streaming-api,2328.5899999999997
spatie/nova-tags-field,2328.5899999999997
spatie/laravel-queueable-action,2328.5899999999997
spatie/laravel-mailable-test,2328.5899999999997
spatie/laravel-export,2328.5899999999997
spatie/laravel-artisan-dd,2328.5899999999997
spatie/dropbox-api,2328.5899999999997
spatie/laravel-endpoint-resources,2328.5899999999997
spatie/laravel-database-mail-templates,2328.5899999999997
spatie/sheets,2328.5899999999997
spatie/yaml-front-matter,2328.5899999999997
spatie/laravel-blink,2328.5899999999997
spatie/nova-tail-tool,2328.5899999999997
spatie/laravel-eventsauce,2328.5899999999997
spatie/query-string,2328.5899999999997
spatie/vue-data-component,2328.5899999999997
spatie/code-outliner,2328.5899999999997
spatie/robots-txt,2328.5899999999997
spatie/nova-translatable,2328.5899999999997
spatie/mixed-content-scanner-cli,2328.5899999999997
spatie/laravel-server-side-rendering-examples,2328.5899999999997
spatie/commonmark-highlighter,2328.5899999999997
spatie/skeleton-vue,2328.5899999999997
spatie/guzzle-rate-limiter-middleware,2328.5899999999997
spatie/laravel-mix-preload,2328.5899999999997
spatie/larabank-event-projector-aggregates,2328.5899999999997
spatie/last-fm-now-playing,2328.5899999999997
spatie/google-time-zone,2328.5899999999997
spatie/font-awesome-filetypes,2328.5899999999997
spatie/selenium-client,2328.5899999999997
spatie/larabank-event-projector,2328.5899999999997
spatie/skeleton-js,2328.5899999999997
spatie/laravel-enum,2328.5899999999997
spatie/sitesearch,2328.5899999999997
spatie/bpost-address-webservice,2328.5899999999997
spatie/larabank-traditional,2328.5899999999997
spatie/icalendar-generator,2328.5899999999997
barisbora/laravel-query-builder,2328.5899999999997
ajdunn2/crawler,2328.5899999999997
DigitalCloud/laravel-rebound,2328.5899999999997
spatie/laravel-medialibrary-v6-to-v7-filesystem-upgrade,2328.5899999999997
spatie/laravel-development-dashboard,2328.5899999999997
spatie/dashboard.spatie.be-external-sensors,2328.5899999999997
DIGImend/digimend-kernel-drivers,1220.0
oas/spectre,63.0
springtype-org/springtype,
sqall01/alertR,
sqall01/lightweight-push-pip,
sqall01/lightweight-push,
sqall01/alertR-Push-Android,
sqall01/alertR-Push-Server,
sqall01/chasr-android-logger,
sqall01/chasr-android-map,
sqall01/MMM-alertRsensors,
sqall01/banking_monitoring,
sqall01/MMM-alertRsensoralerts,
mymoomin/YNA-for-VSCode,495.65000000000003
SRC-technology/SRC,
Games-and-Simulations/sc-docker,1692.98
stackblitz/core,24944.329999999998
alajfit/vuex-apollo,
alajfit/vue-run,
hemerajs/hemera,
tylersloeper/Starreign-Indie-Game,
thomasthesecond/a11y-resources,
ScarletsFiction/SFMediaStream,
ScarletsFiction/LittleYoutube-PHP,
ScarletsFiction/Scarlets,
ScarletsFiction/SFIntercom,
ScarletsFiction/ScarletsFrame,
ScarletsFiction/Serberries,
ScarletsFiction/SFDatabase-js,
ScarletsFiction/SFDynamicHTML,
ScarletsFiction/ScarletsQuery,
ScarletsFiction/SFFileSystem,
memiah/ansible-role-centos-security-updates,
stevenschmatz/deep-rl-book,9.0
AznStevy/Maybe-Useful-Cogs,438.51
Stichoza/google-translate-php,
hgehlhausen/palladium-polished,1169.3899999999999
stormearthandlava/stormearthandlava.github.io,
StormFX/Masque,
StormFX/Masque_Apathy,
StormFX/Masque_Cirque,
StormFX/Masque_Caith,
mmcguill/Strongbox,95.66000000000001
stuartcryan/advanced-google-maps-alfred-workflow,
studiostry/UE4MBLabCharacterStudy,
fblah/ShapeKeyTransferBlender,
fblah/AnimNode,
fblah/AnimNodeProject,
fblah/UE4-AI-Jumper,
Stvad/CrowdAnki,7.83
jia1994/ai-,
pannal/Kitana,
SXRWahrheit/Denizen-Scripts,709.25
SXRWahrheit/MythicMobs-Files,709.25
SXRWahrheit/MagicSpells-Spells,709.25
Fuyukai/OWAPI,138.27
butlerallenj/osa,138.27
snowball-dev-group/snowball-bot,138.27
superblaubeere27/ClientBase,6.49
sustained/the-pond-web,141.08
svanimpe/swift-blog,
svanimpe/sss18-workshop,
svanimpe/icapps-tech-talk,
svrooij/sonos2mqtt,
svrooij/node-xiaomi2mqtt,
svrooij/ipcam2mqtt,
svrooij/evohome2mqtt,
swapagarwal/swag-for-dev,43.47
swapagarwal/JARVIS-on-Messenger,43.47
swapagarwal/awesome-eli5,43.47
swapagarwal/mediumship,43.47
swapagarwal/awesome-inspiration,43.47
SWBFSpy/SWBFSpy,
devops-my/meetup,67.07
jmiln/SWGoHBot,41.32
Symbiotech-LLC/Canary,
Symbiotech-LLC/pyHash,
syntek-lang/syntek,
slicer69/sysvinit,190.07999999999998
syuilo/misskey,2304.9799999999996
szekelydata/blog,168.3
szekelydata/medveterkep,168.3
t3easy/docker-surf,
TheMinds3t/tModloader,3685.46
tacacsgui/tacacsgui,2616.87
tacacsgui/tgui_install,2616.87
tacticalDevC/PanicTrigger,
ta1H3n/Namiko,60.57000000000001
TamaatStudio/EverglowCardstomp,167.55999999999997
vueComponent/ant-design-vue,
TangRufus/jwt-auth_zero,
magit/magit,2375.6600000000003
tasdikrahman/spaceShooter,
tasdikrahman/tnote,
tasdikrahman/plino,
tasdikrahman/pyCalc,
tasdikrahman/easyrbac,
tasdikrahman/ansible-bootstrap-server,
tasdikrahman/margo,
tasdikrahman/trumporate,
tasdikrahman/opencv3-ansible-vagrant-playbook,
tasdikrahman/RandomMACGen,
tasket/Qubes-vpn-support,
Ignitus/Ignitus-Client-Side-Development,
Ignitus/Ignitus-rest-api,
jacqueline-homan/Tracer,
BenTearzz/AdequateStudying,
Tebs-Lab/intro-to-deep-learning,616.63
Tebs-Lab/intro-to-datastructures-algorithms,616.63
TechnitiumSoftware/DnsServer,2.52
TechnitiumSoftware/DNS-over-HTTPS,2.52
TechnitiumSoftware/net.dnsclient,2.52
techqueria/website,549.29
CodyPellom/State-and-Props-Broken-Down-Practice,120.83
techtacoriginal/offlinebay,
disks86/VK9,
teejee2008/timeshift,256.36
teejee2008/battery-monitor,256.36
tekmunkey/bashScriptBase,
tekmunkey/keyFu,
tekmunkey/mushCompiler,
tekmunkey/dotNetExtensions,
tekmunkey/ubuntuMUSH,
tekmunkey/pyMuClient,
teknotus/bitcorder,
tekulvw/Squid-Plugins,61.15
tiaguinho/material-community-components,
tiaguinho/gosoap,
Temtaime/aesir,277.23
tenka491/unit-xchange,
teocci/JSONViewer-for-Chrome,
teocci/YouTube-In-Background,
termix-io/zh,
termix-io/base,
vietnam-devs/coolstore-microservices,2.52
pirate/ArchiveBox,201.8
The-Evil-Pickle/Replay-the-Spire,
pixiesky/the-magento-2-lectures,
rajsahae/thecherno_opengl,2233.23
lauriharpf/thecocktaildb-downloader,245.04000000000002
the-friendzone-app/client,
the-friendzone-app/server,
decentralisedkev/CryptoResources,
markadrake/web-ui-sequenced-content,
markadrake/web-ui-css-grids,
buckyroberts/React-Redux-Boilerplate,733.27
buckyroberts/Spider,733.27
buckyroberts/Ella,733.27
buckyroberts/Vataxia,733.27
buckyroberts/Vataxia-Frontend,733.27
buckyroberts/React-Boilerplate,733.27
buckyroberts/angular-2-template,733.27
buckyroberts/JavaScript-Lessons,733.27
buckyroberts/Falcon,733.27
buckyroberts/React-Webpack,733.27
buckyroberts/React-Router-Lessons,733.27
buckyroberts/React-Stock-Analyzer,733.27
CrissGarcia/AppPHP,
jshlw/Five-Nights-at-Freddy-s---The-Silver-Eyes,
svdo/CLJSReactNativeNavigation,
keithsharp/Metal-Tutorial,11586.079999999998
thirtybees/thirtybees,3103.15
thlorenz/doctoc,2087.3199999999997
thlorenz/proxyquire,2087.3199999999997
thlorenz/v8-perf,2087.3199999999997
thlorenz/brace,2087.3199999999997
thlorenz/learnuv,2087.3199999999997
thlorenz/deoptigate,2087.3199999999997
thlorenz/exorcist,2087.3199999999997
thlorenz/replpad,2087.3199999999997
thlorenz/libuv-dox,2087.3199999999997
thlorenz/browserify-ftw,2087.3199999999997
thlorenz/cardinal,2087.3199999999997
thlorenz/convert-source-map,2087.3199999999997
thlorenz/redeyed,2087.3199999999997
thlorenz/peacock,2087.3199999999997
thlorenz/hhp,2087.3199999999997
thlorenz/async-await-box,2087.3199999999997
thlorenz/ispawn,2087.3199999999997
thlorenz/ntz,2087.3199999999997
nimit95/learnuv-solutions,2087.3199999999997
thlorenz/files-provider,2087.3199999999997
thomasbnt/Night_PiHole,22.85
thomasbnt/Bord-Pi,22.85
hugomodo/hugomodo-best-motherfucking-website,
hugomodo/hugomodo-shortcode-partials,
hugomodo/hugomodo-fusejs,
hugomodo/hugomodo,
hugomodo/hugomodo-docs,
hugomodo/hugomodo-cookie-consent,
hugomodo/hugomodo-picnic,
hugomodo/hugomodo-milligram,
hugomodo/hugomodo-image-processing,
thomdabeast/java-checkstyle-vscode,
ThorstenHans/ngx-electron,
ThorstenHans/electron-memento,
realthunder/FreeCAD_assembly3,
Cytoid/Cytoid,483.56000000000006
timabell/ef-enum-to-lookup,
timetocode/nengi,
VBA-tools/vba-test,212.69
VBA-tools/VBA-UTC,212.69
Timofffee/GodotIRC,
timoschwarzer/gitlab-monitor,
GLAM-Workbench/ozglam-workbench,2925.84
GLAM-Workbench/digitalnz,2925.84
GLAM-Workbench/trove-newspaper-harvester,2925.84
GLAM-Workbench/trove-maps,2925.84
GLAM-Workbench/archway-harvesting,2925.84
GLAM-Workbench/te-papa-api,2925.84
GLAM-Workbench/trove-newspapers,2925.84
GLAM-Workbench/trove-books,2925.84
GLAM-Workbench/trove-lists,2925.84
GLAM-Workbench/trove-api-intro,2925.84
GLAM-Workbench/queensland-state-archives,2925.84
GLAM-Workbench/library-archives-canada,2925.84
GLAM-Workbench/trove-journals,2925.84
GLAM-Workbench/australian-commonwealth-hansard,2925.84
GLAM-Workbench/recordsearch,2925.84
lafiosca/fourheadlines,6635.73
gtk-themes/adapta-midnight,
tjhrulz/WebNowPlaying,
tjhrulz/GPMDP-Plugin,
tjhrulz/WebNowPlaying-BrowserExtension,
tjventurini/CrudImage,
Tk-Glitch/PKGBUILDS,229.08
TNovalis/FiveM-ServerManager,
TobiahZ/DanceTogether,
toby3d/smashcast,48.09
toby3d/va,48.09
toby3d/diaspora,48.09
rust-windowing/android-rs-glue,4148.15
Smoothieware/Smoothie-video-tutorials,24634.04
tonsky/persistent-sorted-set,6844.209999999999
tonycpsu/streamglob,10.4
Tonymac32/Board-Geometries,
TonyMaster21/BungeeMaster,
TorchAPI/Torch,1982.1000000000001
Torvast/T-CORE.FR_3D-Printing-Profiles,
Torvast/ARK-Server-Gnu-Linux,
toshi0383/Bitrise-iOS,
toshi0383/xcconfig-extractor,
mkbreuer/ToolPlus,
mkbreuer/TP-Courier,
trapexit/mergerfs,
trapexit/mergerfs-tools,
trapexit/scorch,
trapexit/bbf,
JayWaddy/JS-DOM,121.61
tridactyl/tridactyl,
trietptm/trietptm.github.io,
supertriodo/Arena-Tracker,2543.71
tripl3dogdare/magicka,
simcolony/BecomeASorcerer__Traditional_THAI,56.27
RobertWHurst/Tritium,
tryhtml/themes.tryhtml,
tryhtml/atom-syntax,
tryhtml/atom-ui,
tryhtml/vs-code,
tsoding/nothing,98.34
tsoding/snitch,98.34
tsoding/HyperNerd,98.34
tsoding/multik,98.34
tsoding/mazarusha,98.34
tsoding/nnaskell,98.34
tsoding/poutro,98.34
Thizzer/jtouchbar,
xentriq/xentriq,
Thizzer/jtouchbar-swt,
Thizzer/jtouchbar-javafx,
tulvit/AllMyDrawings,
standard-release/app,
tunnckoCoreLabs/execa,
tunnckoCoreLabs/detect-next-version,
tunnckoCoreLabs/scripts,
tunnckoCoreLabs/charlike,
tunnckoCore/esmc,
tunnckoCoreLabs/new-release,
tunnckoCoreLabs/git-commits-since,
tunnckoCore/flow-reporter-codeframe,
olstenlarck/eslint-config-esmc,
tunnckoCoreLabs/recommended-bump,
olstenlarck/babel-preset-esmc,
standard-release/cli,
hperrin/tunnelgram,21.980000000000004
intelligo-systems/intelligo,
intelligo-systems/memorize,
intelligo-systems/memorize-bot,
happypandax/happypandax,
happypandax/desktop,
twoBirds/twobirds-core,
typescene/typescene,
typicode/jsonplaceholder,869.1099999999999
typicode/tlapse,869.1099999999999
typicode/react-fake-props,869.1099999999999
typicode/react-lodash,869.1099999999999
typicode/please-upgrade-node,869.1099999999999
typicode/pkg-ok,869.1099999999999
typicode/pinst,869.1099999999999
lskjs/ux,869.1099999999999
vdorchan/pc-mock,869.1099999999999
ingeniumdesign/indexed_search_autocomplete,
ingeniumdesign/auto_sync_files,
hirocueki/talks-with-polly,
vuejs/vuepress,28.04
ultimape/magic-cubby,
underr-ua/ocmod3-option-equals-sign,
underr-ua/ocmod3-order-invoice-images,
underr-ua/ocmod3-nomail,
underr-ua/ocmod3-filter-by-category,
underr-ua/ocmod3-sort-by-newest,
undiagnosed/p2pdx,
UnexpectedMaker/ReflowMaster,1299.9299999999998
UnexpectedMaker/ESP32-WROOM32-Dev-Board,1299.9299999999998
UnexpectedMaker/Neo7Segment,1299.9299999999998
UnexpectedMaker/TinyDev,1299.9299999999998
UnexpectedMaker/LaserWifiClock,1299.9299999999998
UnexpectedMaker/HotWheels,1299.9299999999998
UnexpectedMaker/Segliment-Display-Example,1299.9299999999998
UnexpectedMaker/LaserXSegment,1299.9299999999998
UnexpectedMaker/Laser7Segment,1299.9299999999998
dynomite567/Uniqulem,
unix121/gmail-generator,
unix121/am-i-pwned,
unix121/polybar-animations,
unix121/sysinfo-minimal,
unix121/clueweb-url-export,
truecrimereview/truecrimepodcasts,
Identihub/Identihub,857.1100000000001
NeverSinkDev/NeverSink-Filter,
XanderHorn/autoML,
natewatson999/node-virustotal,
kdbanman/reportify,
HedleyPty/UsandoRmd-Git,
quorum12/floridamen_v2,
quorum12/floridamen,
paulpach/ummorpg_mysql,
Map-A-Droid/MAD,
ZabojczyBuldog56/zabojczy-bot,
mmatyas/pegasus-frontend,
j3k0/cordova-plugin-purchase,0.95
pixelwhipped/SuperGameSystemBasic,
darkalchemy/Pu-239,
darkalchemy/Pu-239-Installer,
nathanwoulfe/Plumber,
zakariaGatter/Gatter_Linux,
emanuelen5/Word-highlighter,
codesandbox/codesandbox-client,17.89
ericmann/wp-session-manager,
50Death/Spider-Tools,
50Death/Spider-SlimAPP,
50Death/Security-Tools,
nimaid/LPHK,5.25
OpenZWave/Zwave2Mqtt,
robertsLando/Mqtt2Mqtt,
petazeta/youronlineshop,
petazeta/dbmanager,
PhantomOwl404/Desktop-Awoo,
iohzrd/follow,
VBA-Libraries/common-utilities,
BigThonkers/LaTeX-Mitschriebe-Semester-4,
fernastereo/curaduria,
zz5840/pixijs-doc-chinese,4234.34
shahramkazi/ShahRep,
Just-Some-Bots/ModTools,
DaizNaew/discordJSBot,
os-js/os-js.org,
andersevenrud/osjs-debian,
os-js/osjs-wireless-tools-provider,
os-js/osjs-installers,
os-js/osjs-vnc-application,
os-js/osjs-freedesktop-sounds,
os-js/osjs-webodf-application,
os-js/OS.js-games,
os-js/osjs-example-provider,
os-js/osjs-epub-application,
os-js/builds.os-js.org,
os-js/osjs-example-vue-application,
os-js/manual.os-js.org,
os-js/osjs-ftp-adapter,
os-js/osjs-json-config-cli,
os-js/osjs-event-emitter,
os-js/osjs-gdrive-adapter,
os-js/osjs-proc-provider,
os-js/osjs-webdav-adapter,
os-js/osjs-writer-application,
os-js/osjs-example-react-application,
os-js/osjs-windows8-theme,
os-js/osjs-settings-application,
bvaughn/react-virtualized-select,
AlmuraDev/Swappa,
daveozoalor/framework7-Hackathon-Starter,
abdullaBest/COSMOS,
emacs-elsa/Elsa,
Fuco1/smartparens,
Fuco1/dired-hacks,
Fuco1/litable,
marcus-campos/Devyzi-Framework,
tjg1/nori,
WarriorUnit/Dimensional-Tales,
AeonGames/AeonEngine,
geekgirljoy/OCR_Neural_Network,
joequant/bitquant,15.5
joequant/bitquant-local,15.5
TylerGubala/blenderpy,
jasonknight/gobay,
jasonknight/woo2ebay,
Irrelon/ForerunnerDB,
irrelon/ForerunnerDB,
hackforthesea/resources,
ArtemGr/pg_async.rs,
ArtemGr/vtd_xml.rs,
PopGoesTheWza/swgoh-help-api,
DevOnTheRocks/StickyChunk,
AlexandreBonneau/devSnaps-back,
AlexandreBonneau/devSnaps,
nextcloud/passman-webextension,
thereactivestack-legacy/meteor-react-router-ssr,
copleykj/meteor-socialize-demo,
Meteor-Community-Packages/react-router-ssr,
copleykj/socialize-server-presence,
eezstreet/SWATEliteForce,
phreaknation/system.plugin,
phreaknation/phaserwebcomponents,
phreaknation/generator.sprite,
phreaknation/phreaknation.utilities,
phreaknation/plugin.localemanager,
phreaknation/generator.tilemap,
Impulse87/ATLAS-CustomItemStacks,149.34
Impulse87/ATLAS-RawTravelDataCleaner,149.34
gerfra/GuetzliBG,
be5invis/Iosevka,607.3499999999999
mdeguzis/SteamOS-Tools,
haleyashleypraesent/ProjectPrionosuchus,
Syncleus/qoto,
kaniini/mastodon-hardened,
nem0/lent,
aalmiray/markdown-gradle-plugin,
jvm-graphics-labs/modern-jogl-examples,76.34
streamaserver/streama,
funo-bot/Funo,
still-dreaming-1/PurposefulPhp,
amareharuno/KP-Android,
amareharuno/4k7s-POMS-KP,
fkavum/NetworkSolution,476.42
fkavum/Kay-Net,476.42
Mxrck/laravel-dboptions,
JonnyBoy2000/Kira-Public,
JonnyBoy2000/Kira-Example,
BenBrostoff/draftfast,
cdorst/Project.Index,
cdorst/App.Prototype,
tullamods/Combuctor,
bourgesl/marlin-renderer,93.46
Tryllemann/ViksUI,75.07
rhittm/rhittm,
JouzaLoL/express-json-validator-middleware,
valasek/timesheet,
nrgribeiro/react-redux-saga,
Vampyr7878/HelmHide,
Vampyr7878/JunkRemover,
Vampyr7878/TransmogOutfits,
Vampyr7878/ChooseMount,
Vampyr7878/CharacterFavoriteMounts,
Vampyr7878/StatPriority,
vanyasem/Unity8-Arch,552.63
PapirusDevelopmentTeam/papirus-icon-theme,97.82
vbilopav/vbjs,
vbilopav/vbjs-todo,
vdrhtc/InLaTeXbot,
VeeThree/Yuki,
TomGrobbe/vMenu,
danger/design,211.2
gapadana/esx_supermarket,
VidYen/VidYen-Kremlin-Blocks,48.3
VidYen/VYPS-Video-Poker,48.3
viktorgino/headunit-desktop,
vinhnx/Ciapre-Xcode-theme,
vinhnx/iOS-Toolbox,
vinhnx/Ciapre.tmTheme,
gabrielavmattos/tech-books,4740.63
virtuallynaked/virtually-naked,3891.96
onyxframework/http,337.88
onyxframework/sql,337.88
onyxframework/onyx,337.88
vladfaust/unity-wakatime,337.88
vladfaust/migrate.cr,337.88
vladfaust/http-multiserver.cr,337.88
vladfaust/i18n.cr,337.88
vladfaust/http-params-serializable,337.88
vladfaust/tarantool.cr,337.88
vladfaust/validations.cr,337.88
vladfaust/callbacks.cr,337.88
vladfaust/mini_redis,337.88
onyxframework/eda,337.88
vladfaust/cake-bake,337.88
vladfaust/timer.cr,337.88
vladfaust/time_format.cr,337.88
framework7io/framework7,7464.420000000001
nolimits4web/Framework7,7464.420000000001
framework7io/framework7-vue,7464.420000000001
nolimits4web/template7,7464.420000000001
nolimits4web/Template7,7464.420000000001
framework7io/framework7-icons,7464.420000000001
nolimits4web/Framework7-Icons,7464.420000000001
nolimits4web/dom7,7464.420000000001
nolimits4web/Dom7,7464.420000000001
nolimits4web/Framework7-Keypad,7464.420000000001
framework7io/framework7-plugin-keypad,7464.420000000001
framework7io/framework7-plugin-3d-panels,7464.420000000001
framework7io/framework7-plugin-feeds,7464.420000000001
framework7io/framework7-recipes,7464.420000000001
nulllogic/aws-shopify-serverless-go-app,
voku/anti-xss,
voku/portable-utf8,
voku/Arrayy,
voku/HtmlMin,
voku/simple-cache,
voku/email-check,
voku/simple-active-record,
voku/HtmlFormValidator,
voldemortensen/auto-tab-close,27.329999999999995
volundmush/mushcode,2256.97
volundmush/athanor,2256.97
vorburger/MariaDB4j,
Vouk/voukoder,436.43
Reality-Virtually-Hackathon/Proxemix,15125.34
pierreee1/VSC_RL,
vuetifyjs/vuetify,37502.350000000006
itemsets/vue2,1580.8200000000004
DextApp/dext,
vutran/dext,
vutran/omnibar,
vutran/vzl,
vutran/preact-codemod,
vutran/react-jsonschema,
vykhodsily/VS001,832.0
vykhodsily/VS002,832.0
vykhodsily/VSR003,832.0
w3develops/w3develops,
ncorbuk/Python-Keylogger,
ncorbuk/Google-Chrome-Browser-Database-Hack,
ncorbuk/Python---Email-Bomber,
ncorbuk/SubZone,
ncorbuk/CSub-subdomain-scanner,
ncorbuk/Python-Tutorial---Locate-users-address-from-IP-Code-Walk-through-Hacking-Info-Sec-,
ncorbuk/Python-LRU-Cache,
ncorbuk/Python-Tutorial---Looking-Glass-v1.00-Create-a-SIMPLE-username-DOXer-Hacking-Info-Sec-,
ncorbuk/Python-Motion-Detection-system,
ncorbuk/Python-Tutorial---Rock-Paper-Scissors---Text-Based-Game--,
ncorbuk/Python-Tutorial-Zip-Cracker-Bruteforce-Hacking-Info-Sec,
ncorbuk/Python-tutorial---Selenium-setup---Code-Walk-through,
ncorbuk/Python-Tutorial---Dictionaries-Hash-Table-Hash-Map-Code-Walk-through-,
ncorbuk/Python-Simple-port-scanner-Tutorial-Code-Walk-through-,
Racker96/-Google-Chrome-Browser-Database-Hack,
MrLast98/WakeBlock,26.35
War3Evo/War3Source-EVO,
Zenrac/watora-translations,303.17
AniTrend/anitrend-app,61.589999999999996
AniTrend/anitrend-v2,61.589999999999996
wbotelhos/raty,
wbotelhos/rating,
wbotelhos/normalizy,
wbotelhos/complety,
wbotelhos/modaly,
wbotelhos/inplace,
wbotelhos/voting,
wbotelhos/chef-ruby,
wbotelhos/chef-rsyslog,
wbotelhos/flipy,
wbotelhos/chef-imagemagick,
wbotelhos/chef-unicorn,
WeakAuras/WeakAuras-Companion,1980.98
Webendorg/CloudUp,
fredsted/webhook.site,273.54999999999995
Zemanzo/web-marbles,
wessberg/Polyfiller,
wessberg/polyfiller,
wessberg/rollup-plugin-ts,
wessberg/ts-evaluator,
wessberg/scroll-behavior-polyfill,
wessberg/color,
wessberg/cjs-to-esm-transformer,
wessberg/browserslist-generator,
fovea-org/fovea,
wessberg/DI,
wessberg/intl-list-format,
wessberg/intl-relative-time-format,
wessberg/connection-observer,
wessberg/pointer-events,
wessberg/marshaller,
wessberg/scaffold,
wessberg/stringutil,
wessberg/sass-extended-import-resolve,
wessberg/arrayutil,
wessberg/DI-compiler,
PassTheWessel/kirbe,
PassTheWessel/lumah,
PassTheWessel/nabbit,
olundin/surviving-it,697.01
simcolony/WickedWhims_Traditional_THAI,68782.91
willbchang/donation,
OpenAPITools/openapi-generator,
AbdelfattahRadwan/Random-Weapon-Generator-For-Unity,
withfatpanda/bamboo,
withfatpanda/bugsnag-mini-php,
WithoutHaste/WithoutHaste.DataFiles,
WithoutHaste/EarlyDocs,
WithoutHaste/TamarinTaskManager,
WithoutHaste/AllProjects,
WithoutHaste/WithoutHaste.Drawing.Colors,
WithoutHaste/PerpetualPaint,
WithoutHaste/WithoutHaste.Drawing.Shapes,
WithoutHaste/WithoutHaste.Windows.GUI,
wiwasolvet/wiwasolvet,
bjdlbg/Qt-Group6ChatRoom,26803.06
woelper/smartplug,
jadonwolffs/jadonwolffs.github.io,
wordbots/wordbots-core,10.290000000000001
wordbots/wordbots-parser,10.290000000000001
PKISharp/win-acme,247.63
wowstack/docker-classic-server,
wowstack/classic-server,
wowstack/php-dbc-parser,
wowstack/containers,
wpscanteam/wpscan,222.76999999999998
Topener/titanium-modules,
Topener/authenticatedImageView,
writeas/Read.as,45.739999999999995
wspr/unicode-math,
ErikBjare/KnowTree,366.18
xAranaktu/FIFA-19---Career-Mode-Cheat-Table,8429.650000000001
xAranaktu/FIFA-18---Career-Mode-Cheat-Table,8429.650000000001
xCONFLiCTiONx/GHelper,
xCONFLiCTiONx/MenuTools,
xCONFLiCTiONx/Steam-Launcher,
xCONFLiCTiONx/ShadowEx,
xCONFLiCTiONx/TransLucency,
xCONFLiCTiONx/GClient,
xCONFLiCTiONx/StickyPad,
xCONFLiCTiONx/NightMode,
redsolution/xabber-android,1311.3
redsolution/xabber-web,1311.3
xahlee/xah-fly-keys,833.5
pedohorse/educational-hips,420.52
xenia-project/xenia,3432.1
IceTDrinker/xenia-canary,3432.1
xenko3d/xenko,11459.19
Beefr/xenko-wd,11459.19
LiteOnE/Steam-Scripts,
qusly/qusly,
Xonshiz/comic-dl,48.6
Xonshiz/anime-dl,48.6
Xonshiz/CoManga,48.6
Xonshiz/SolidFiles-Downloader,48.6
Xonshiz/ComicPub,48.6
XorTroll/Goldleaf,
xrpinnovations/node-red-contrib-xrpl,
XuaTheGrate/Adventure,
jonas747/yagpdb-docs,826.59
yairm210/UnCiv,
yajra/laravel-oci8,17.86
yajra/laravel-datatables-buttons,17.86
yajra/laravel-datatables-html,17.86
yajra/laravel-datatables-fractal,17.86
yajra/laravel-datatables-editor,17.86
yajra/datatables,17.86
yajra/laravel-disqus,17.86
yajra/laravel-auditable,17.86
yajra/laravel-address,17.86
universal-word/universal-word,
yedhrab/IstanbulUniversity-CE,
yedhrab/YBilgiler,
melling/design_inspiration_2018,2816.27
Yilber/readme-boilerplate,
huyingjie/Checklist-Checklist,
huyingjie/Awesome-shiny-apps-for-statistics,
huyingjie/must-watch-must-watch,
huyingjie/awesome-lifehack-calculators,
huyingjie/gumroad-plan-calculator,
huyingjie/notebook,
huyingjie/algorithm,
huyingjie/theLocalWeather,
huyingjie/randomquotemachine,
huyingjie/projects-page,
huyingjie/tribute-zhugeliang,
joaopedrodcf/yokaidex,
yorikvanhavre/BIM_Workbench,4613.75
chulman444/my_clip_my_money,
snafuPop/yshtola,
yuhr/langue,
yuhr/langue.link,
yusufshakeel/dyIcons,
yusufshakeel/reactjs-project,
yusufshakeel/dyYouTubeLazyLoadJS,
Yuudaari/fabricate,
uta-org/jekyll-patreon,
uta-org/uzLib.Lite,
uta-org/jekyll-scheduler,
uta-org/GitUtils,
uta-org/artwork,
zacanger/styled-reset,
zacanger/profane-words,
zacanger/koa-modern-router,
zacanger/md2conf,
zacanger/path-normalize,
zacanger/fetchenv,
zacanger/is-program-installed,
zacanger/send-tweet,
zacanger/lnx,
zacanger/is-module-installed,
zacanger/sortpack,
zacanger/some.audio,
zacanger/cracklibjs,
zacanger/react-router-path-normalize,
zacanger/boring-cluster,
zacanger/get-open-pull-requests,
zacanger/angrplayr,
zapalm/prestashopSecurityVulnerabilityChecker,
zapalm/zivosite,
zapalm/blockcounterz,
zapalm/curlHelper,
zapalm/psdiag,
zapalm/requestProxy,
zapalm/fileUploadHelper,
zapalm/yobitApi,
ZeeCoder/container-query,
Zeks/flipper,15.22
NecropolisModding/AbraxisToolset,
NecropolisModding/AbraxisToolsetInstaller,
zero1five/gate-watcher,
zerobias/effector,238.92000000000002
zet23t/td2play,503.99999999999994
ZeusAFK/webverify2,
Zeeex/XTR-Toolbox,
miaoqihu/hello-code,
zloirock/core-js,
julianrubisch/maxy-gen,255.97000000000003
Hadrianxx/DFS-Analytics-Toolbox,
saleina/SaleinaCMS,
rubyreferences/rubyref,11.09
rubyreferences/rubychanges,11.09
zverok/my-ruby-contributions,11.09
RyanBayne/TwitchPress,101.07000000000001
RyanBayne/TwitchPress-DeepBot-Extension,101.07000000000001
RyanBayne/TwitchPress-Streamtip-Extension,101.07000000000001
RyanBayne/TwitchPress-Patreon-Extension,101.07000000000001
RyanBayne/TwitchPress-Commands-Manager,101.07000000000001
RyanBayne/TwitchPress-Xbox-API,101.07000000000001
RyanBayne/TwitchPress-Steam-API,101.07000000000001
RyanBayne/TwitchPress-Team-Extension,101.07000000000001
RyanBayne/TwitchPress-PayPal-Extension,101.07000000000001
RyanBayne/TwitchPress-YouTube-Extension,101.07000000000001
RyanBayne/TwitchPress-Streamlabs-Extension,101.07000000000001
RyanBayne/WordPress-Twitch-Bot,101.07000000000001
RyanBayne/TwitchPress-Login-Extension,101.07000000000001
RyanBayne/TwitchPress-Moderator-Tools,101.07000000000001
RyanBayne/TwitchPress-Ultimate-Member-Extension,101.07000000000001
RyanBayne/TwitchPress-for-BuddyPress,101.07000000000001
RyanBayne/TwitchPress-Reddit-API,101.07000000000001
RyanBayne/TwitchPress-Discord-Extension,101.07000000000001
RyanBayne/TwitchPress-Embed-Everything,101.07000000000001
protolabs/libcarbon,
KonradIT/CamControl,
AbtzLabs/vue-start-kit,
andersevenrud/osjs-ldap-auth,
jDevxyz/boilerplate-webserver,
JarbasAl/station-fall-game-skill,
lee-yunseok/Lee-Yunseok.github.io,
fruithost/Panel,
macmade/XEOS-boot,
teejee2008/polo,
teejee2008/aptik,
teejee2008/selene,
teejee2008/groot,
teejee2008/aptik-legacy,
teejee2008/aptik-gtk,
Fae/fae,
divyanshujain12/sqlite-nativescript,440.52
abozanona/nativescript-zxing,440.52
KronicDeth/intellij-elixir,
bkimminich/juice-shop,
wzhaomail/testjupyter,54.0
DongCai008/redux-form,91.73
reddec/monexec,
seraphinush-gaming/fps-utils-lite,
StormFX/Masque_Entropy,
YunoGasaiBot/selfbot,4.53
caronc/pynzbget,
smile-xhm/autoNumeric_reimbs,
aceraven777/laracasts-learn-vue2,20561.079999999998
svrooij/smartmeter2mqtt,
doowb/ansi-colors,
chillerlan/php-oauth,
chillerlan/php-oauth-patreon,
Favna/Dexa,4.53
braytonstafford/google-assistant-relay,
pollyzoid/Bagnon_Garbage,
aboodman/dot-donate,
bevry-archive/goopen,
60devs/awesome-crowdfunding-services,
Franklonchas/OMDb-WebServiceFilms,2256.96
goxr3plus/JavaFX-Chromium-Browser-Basic-Tutorial,
pichillilorenzo/JavaScriptEnhancements,
pichillilorenzo/flutter_inappbrowser,
ReckTy/Steam-Quick-Switch,
alexeiaccio/foliobot,
agoldcheidt/Universal-Image-Generator-for-Berryboot,
CasjaysDev/rpm-devel,
CasjaysDev/bash-podcast-downloader,
eamodio/vscode-gitlens,
czproject/git-php,
czproject/phpdepend,
czproject/phpcli,
inteve/simple-image-storage,
czproject/pdf-rotate,
czproject/configuration,
czproject/sql-generator,
czproject/sql-schema,
czproject/csv-iterator,
czproject/runner,
czproject/plsgenerator,
czproject/dependency-php,
czproject/arrays,
czproject/events,
czproject/assert,
czproject/logger,
webgen-org/webgen,
kkthnx-wow/KkthnxUI,126.25000000000001
Toxblh/MTMR,
cohradoesr/noob,3741.17
i-w-e-e-d/pihole,10847.929999999998
Vue-cd/vue,178192.29999999996
rocksolid-china/vuetify,37502.350000000006
Miloudi-Imad/moyen,
casbin/casbin,
FriendsOfFlarum/byobu,
DevOpsTerminal/frontend,291.39
dimitri-a/fieldarray_sample,91.73
dimitri-a/redux-form-dispatch-error,91.73
xiehuiyue/hass,
LibbyJax/dsUltra,68.09
awesome-emacs/cider,818.9
nopphasinara/sweet-alerts,
