slug,first_date
porunov/acme_client,
tobimensch/aqemu,
Vexiux/bastionbot,2017-04-01 00:00:00
clojure-emacs/cider,2017-12-01 00:00:00
mahmoud/awesome-python-applications,
uraimo/awesome-software-patreons,2019-01-01 00:00:00
NaturalIntelligence/imglab,
VarCI/inspiring-github-templates,2016-11-01 00:00:00
joshtronic/donate,2016-09-01 00:00:00
bbatsov/projectile,2017-12-01 00:00:00
tareefdev/lets-support-emacs,
rubocop-hq/rubocop,2017-12-01 00:00:00
droboports/openssh,2016-01-01 00:00:00
droboports/sudo,2016-01-01 00:00:00
droboports/coreutils,2016-01-01 00:00:00
droboports/imagemagick,2016-01-01 00:00:00
droboports/crond,2016-01-01 00:00:00
droboports/e2fsprogs,2016-01-01 00:00:00
droboports/mongoose,2016-01-01 00:00:00
droboports/fsx,2016-01-01 00:00:00
droboports/fuse,2016-01-01 00:00:00
BeRo1985/besen,
EtchDroid/EtchDroid,
WebReflection/donate,2017-06-01 00:00:00
GameServerManagers/LinuxGSM,2017-03-01 00:00:00
GameServerManagers/LinuxGSM-Docs,2017-03-01 00:00:00
felixkoch/TheDialer,
mchiasson/gal,
mchiasson/gal-examples,
nextcloud/passman,
phayes/sidefuzz,
phayes/permbits,
phayes/tallystick,
phayes/fdh-rs,
phayes/rsa-fdh,
phayes/benaloh-challenge,
zemd/sylius-bootstrap-docker,
zapalm/prestashop-password-recovery-tool,
zapalm/homecategoriez,
zapalm/prestashopHelpers,
zapalm/autoIndexer,
bevry/feedr,6/1/2016 0:00
bevry/kava,6/1/2016 0:00
balupton/website,6/1/2016 0:00
docpad/docpad-plugin-feedr,6/1/2016 0:00
docpad/website,6/1/2016 0:00
docpad/docpad-plugin-consolidate,6/1/2016 0:00
bevry/website,6/1/2016 0:00
bevry/hooks,6/1/2016 0:00
bevry/jordanbpeterson.community,6/1/2016 0:00
bevry/eslint-config-bevry,6/1/2016 0:00
bevry/daet,6/1/2016 0:00
docpad/docpad-plugin-assets,6/1/2016 0:00
bevry/billing,6/1/2016 0:00
bevry/valid-directory,6/1/2016 0:00
bevry/meet,6/1/2016 0:00
bevry/memo,6/1/2016 0:00
bevry/githubauthquerystring,6/1/2016 0:00
bevry/start-of-week,6/1/2016 0:00
bevry/pluginloader,6/1/2016 0:00
bevry/native-promise-pool,6/1/2016 0:00
FGRibreau/jq.node,
FGRibreau/stripe-update-card,
FGRibreau/rss-to-lametric,
LuisAlejandro/dockershelf,
pasupulaphani/node-cache-redis,
pasupulaphani/node-redis-connection-pool,
pasupulaphani/spacy-nlp-node-native,
pasupulaphani/node-redis-store,
zemd/symfony-menu,
zemd/micro,
Torann/laravel-currency,
Torann/json-ld,
Torann/laravel-repository,
Torann/laravel-asana,
Torann/laravel-cloudsearch,
Torann/mediasort,
Torann/device-view,
Torann/localization-helpers,
Torann/laravel-moderate,
Torann/meta-tags,
Torann/api-client,
Torann/laravel-hunt,
Torann/address-format,
Torann/database-backup,
Torann/localization,
Torann/embedder,
chrishannah/CH-Uploads,
chrishannah/WeatherByEmoji,
WohlSoft/PGE-Project,2016-01-01 00:00:00
Adonai/Man-Man,
adnanh/webhook,
allista/hangar,2016-05-01 00:00:00
baedert/corebird,2017-04-01 00:00:00
bk138/Multicast-Client-Server-Example,
JacobEvelyn/friends,
jprjr/multistreamer,
FreezingMoon/AncientBeast-Website,2016-12-01 00:00:00
phingofficial/phing,
endes123321/nagora,2017-12-01 00:00:00
TYPO3-extensions/gridelements,
rocket-league-replays/rocket-league-replays,
CorporateEntity/Contraceptive,2018-01-01 00:00:00
RHE24/ArmA_Anti-PvP,
MickMake/Project-LoRaSMS,2017-04-01 00:00:00
MickMake/Project-mmClock,2017-04-01 00:00:00
MickMake/ATtiny416-I2Clib,2017-04-01 00:00:00
RodrigoMoOr/TaskDaily,
TurtleP/Turtle-Tale,2018-05-01 00:00:00
WorldBrain/Legacy-Research-Engine,2016-11-01 00:00:00
adangert/SpyTag-Wifi-game,
alswnet/ProyectoStreaming,
alswnet/NocheProgramacion,
anacierdem/LIME,
anacierdem/svg-wrapper,
devmatcha/aoba,
villares/py.processing-play,2016-12-01 00:00:00
arteprog/Processando-Processing,2016-12-01 00:00:00
villares/processing-play,2016-12-01 00:00:00
villares/p5js-play,2016-12-01 00:00:00
SleepyBandit/RedditRecap,2017-07-01 00:00:00
SleepyBandit/TodayInHistory,2017-07-01 00:00:00
elegant-talk/foreach-elegant,6/1/2016 0:00
hayate891/isleward,2016-03-01 00:00:00
BigBlueHat/markdown.pdf,2016-07-01 00:00:00
brussell98/Mirai,11/1/2016 0:00
brussell98/Ayaka,11/1/2016 0:00
Cheeseness/tiny-chopper-raceway,2015-03-01 00:00:00
Cheeseness/robins-rescue,2015-03-01 00:00:00
electricessence/TypeScript.NET,
electricessence/TypeScript.NET-Core,
CodingTrain/website,2017-11-01 00:00:00
dantarion/umvc3.js,
emmawinston/tell-me-i-can-fix-this-on-my-own,2018-04-01 00:00:00
RenderedPix/dynocc-docs,2018-12-01 00:00:00
fluffy-critter/Refactor-Game,2016-03-01 00:00:00
fluffy-critter/ggj2018-music,2016-03-01 00:00:00
gecko0307/dlib,2018-05-01 00:00:00
gecko0307/dagon,2018-05-01 00:00:00
gibbed/DemonsSoulsDebug,2015-09-01 00:00:00
gibbed/Gibbed.Yakuza0,2015-09-01 00:00:00
McGRiMTV/GRiM,
analistasan/MaterialStyledDialogs-master,
venliong/gorm-doc,2018-11-01 00:00:00
BowlerHatLLC/vscode-as3mxml,5/1/2016 0:00
BowlerHatLLC/asconfigc,5/1/2016 0:00
Lykit01/learn-from-kidscancode,2016-04-01 00:00:00
kuletxcore/Neptunia_BR,
Lexas/Crystal-fs,
libgdx/libgdx,2015-08-01 00:00:00
ihorner/axehand,2015-02-01 00:00:00
lstep/2fanginx,
martincarrera/clashapi,
mattbornski/Arduino-Watchdog-Circuit,
mattbornski/NeedMorseCowbell,
mattbornski/quick-and-dirty-proxy,
mattbornski/techshop-google-calendar,
Maxlab/stacker,
underscoreio/scala-with-cats,2015-08-01 00:00:00
Rinxin/MPMB_modified,2016-12-01 00:00:00
mustafakhaleddev/laravel-atomic,
ncase/door,2015-03-01 00:00:00
ncase/matrix,2015-03-01 00:00:00
ncase/attractors,2015-03-01 00:00:00
Patreon/patreon-ruby,
owlboy/greatpug-public,
CITGuru/express-ip,
spale75/piranhaUI,
JSwift34/igoschool_button_automation,
pretzelhands/tempura,
metafetish/metafetish-typescript-project-template,2018-05-01 00:00:00
R3DST0RM/MediaDownloader2,
artificery/kilvin,
crazyjingling/relax-admin,
ilovefuud/ProtocolSupport,
snwh/paper-icon-theme,2017-03-01 00:00:00
snwh/moka-icon-theme,2017-03-01 00:00:00
snwh/faba-icon-theme,2017-03-01 00:00:00
pop-os/icon-theme,2017-03-01 00:00:00
W3bSafe-Team/Wemos_esp8266_deauther,2017-09-01 00:00:00
suisea/NaNoGenMo-2k15,2017-05-01 00:00:00
superblaubeere27/obfuscator,2019-02-01 00:00:00
summerblue/laravel-tutorial-sample,2018-07-01 00:00:00
fsvwd/vuebnb,2018-07-01 00:00:00
Hardeepcoder/larashop55,2018-07-01 00:00:00
vincentchacha/e-wallet,2018-07-01 00:00:00
spatie/medialibrary-demo-laracon,2018-07-01 00:00:00
spatie/radiorarefish.be,2018-07-01 00:00:00
purjayadi/spavuejs,2018-07-01 00:00:00
hpbyte/edms,2018-07-01 00:00:00
avosalmon/laravel-vue-scrum,2018-07-01 00:00:00
rimorsoft/Componentes-VUEjs-en-Laravel-5.5,2018-07-01 00:00:00
p-jacobo2012240/Laravel-5-6-MsM-App,2018-07-01 00:00:00
dyktek/project-crm,2018-07-01 00:00:00
vanliem/forum,2018-07-01 00:00:00
darkwebside/vuebnb,2018-07-01 00:00:00
weeework/restfulapi,2018-07-01 00:00:00
janaka531/mini-social-network-site,2018-07-01 00:00:00
mehedi-iitdu/graduate-verification,2018-07-01 00:00:00
Traged/managerDota,2018-07-01 00:00:00
saedyousef/kotlincommunity,2018-07-01 00:00:00
laravel-id/vue-router,2018-07-01 00:00:00
waitaamon/loan-app,2018-07-01 00:00:00
juanvictor/triton,2018-07-01 00:00:00
hoangtuyb96/my_fitness,2018-07-01 00:00:00
haidarafif0809/toko-laravel,2018-07-01 00:00:00
L2jBrasil/L2jBrasilWeb,2018-07-01 00:00:00
iamelking/laravel_crud,2018-07-01 00:00:00
adrianosilvavianna/bonjour,2018-07-01 00:00:00
felixbvf/laravel5.4-and-Vuejs2.0--SPA,2018-07-01 00:00:00
sh-ogawa/line-bot-laravel-template,2018-07-01 00:00:00
octopus110/shareshop,2018-07-01 00:00:00
malyk2/api-dereban,2018-07-01 00:00:00
gcamrit/laravel-capistrano,2018-07-01 00:00:00
MargoTavares/hair-salon,2018-07-01 00:00:00
kaqfa/lara_uang,2018-07-01 00:00:00
ShiviAgrawal113114/Inventory-Management-System,2018-07-01 00:00:00
miss201/laravel-cms,2018-07-01 00:00:00
waitatlee/familybook,2018-07-01 00:00:00
ecmascriptguru/merchfox_backend,2018-07-01 00:00:00
winar-jin/studentEvaluateSystem,2018-07-01 00:00:00
Tech-49/event-management-system,2018-07-01 00:00:00
bienpx224/dathangchina,2018-07-01 00:00:00
haidarafif0809/lara-simklinik,2018-07-01 00:00:00
laravel-id/search-pagination,2018-07-01 00:00:00
edwardlorilla/__inventory_vue__,2018-07-01 00:00:00
imranrbx/Laravel-5.5-Multiple-Table-Auth-Mini-Project,2018-07-01 00:00:00
drecken/twitchsubscribers.com,2018-07-01 00:00:00
laracademy/landing-page,2018-07-01 00:00:00
eagle7410/laravel-bank,2018-07-01 00:00:00
frankgue/sale-by-GKFC,2018-07-01 00:00:00
zerojuls/laravel-angular-admin,2018-07-01 00:00:00
weeework/laravel-blog,2018-07-01 00:00:00
prodhan/laravel_smacc,2018-07-01 00:00:00
samanthamichele7/laravel-react,2018-07-01 00:00:00
Rmalnoult/Laravel-Boilerplate,2018-07-01 00:00:00
ggvunh/laravel19-team1,2018-07-01 00:00:00
Bstaru/MyK-World,2018-07-01 00:00:00
hinaskye/ConnectLaravel,2018-07-01 00:00:00
janaka531/PHP-API,2018-07-01 00:00:00
almono/hobby_website,2018-07-01 00:00:00
AhedAwwad/Autism,2018-07-01 00:00:00
tad0616/exam,2018-07-01 00:00:00
jeffreyliim/laravel-ibm-watson,2018-07-01 00:00:00
khamsany/MagnificientDashboardX,2018-07-01 00:00:00
TahmidFarzan/Bus-ticket-management,2018-07-01 00:00:00
najibahmad/sipajak,2018-07-01 00:00:00
Ahmedfci2018/commerce,2018-07-01 00:00:00
TahmidFarzan/Ultimate-bus-ticket-management,2018-07-01 00:00:00
gkimpson/Udemy---RESTful-API-with-Laravel-5.4,2018-07-01 00:00:00
Messhias/ProductCatalog,2018-07-01 00:00:00
jiezi19971225/societycms,2018-07-01 00:00:00
Rmalnoult/Horizon,2018-07-01 00:00:00
161710132/laravel1,2018-07-01 00:00:00
f0ntana/Laravel-DDD,2018-07-01 00:00:00
hljubic/switcher,2018-07-01 00:00:00
arianebrandao/laravel-basico,2018-07-01 00:00:00
alshahen/o6ucontainer,2018-07-01 00:00:00
GiorgiJangveladze/PixelsEmpire,2018-07-01 00:00:00
webdevmatics/SocialAuth,2018-07-01 00:00:00
xfriends99/inmobiliaria-argentina,2018-07-01 00:00:00
edu-spot/CMIS,2018-07-01 00:00:00
purjayadi/vuejs,2018-07-01 00:00:00
amitkolloldey/laravel-quickstart-admin-panel,2018-07-01 00:00:00
dheoprasetyo/php-laravel-todo,2018-07-01 00:00:00
nmfzone/car-rent-system,2018-07-01 00:00:00
leanfeats/job,2018-07-01 00:00:00
AungThuraWin92/courseApp,2018-07-01 00:00:00
yyl0828/POS-laraval_vue,2018-07-01 00:00:00
masterwebla/barbernet,2018-07-01 00:00:00
zc269105964/sample,2018-07-01 00:00:00
shsma/EventSurfer,2018-07-01 00:00:00
mercuryseries/laracarte-tdn,2018-07-01 00:00:00
maheshkareeya/laravel-admin,2018-07-01 00:00:00
Liinkiing/laravel-blog,2018-07-01 00:00:00
bpineda/landon_app,2018-07-01 00:00:00
jiimooweb/jiimoo,2018-07-01 00:00:00
manuelgeek/mpesa-testC2B,2018-07-01 00:00:00
loyalself/xiaohu,2018-07-01 00:00:00
purjayadi/laravelspavue,2018-07-01 00:00:00
AhmetManga/laravel_alisveris,2018-07-01 00:00:00
hyperqing/Silver-Bullet,2018-07-01 00:00:00
mouyong/baiduwaimai,2018-07-01 00:00:00
co0lsky/photo-management-with-laravel,2018-07-01 00:00:00
bangadam/SIMANIK,2018-07-01 00:00:00
alfredosebastiao/minisocial-network-with-laravel,2018-07-01 00:00:00
janaka531/Daily-Task-App-Laravel,2018-07-01 00:00:00
bowmansir/laravel-acl,2018-07-01 00:00:00
AruldassD/Laravel-ACT-Admin,2018-07-01 00:00:00
ashrafshovo/mamaskitchen,2018-07-01 00:00:00
w3aewander/RestauranteNossaCasaWeb,2018-07-01 00:00:00
MiSTer-devel/Arcade-1943_MiSTer,2019-05-01 00:00:00
EgeBalci/EGESPLOIT,
EgeBalci/ARCANUS,
EgeBalci/Cminer,
EgeBalci/The-Eye,
d1tzl/bot,
yxeri/roleTerminal-vinterland,2016-01-01 00:00:00
z25/neude,
7thFACTOR/horus_ui,
BrassGoggledCoders/Steamcraft2,
BrassGoggledCoders/Boilerplate,
BrassGoggledCoders/RobotPlayer,
Railcraft/Railcraft,2015-08-01 00:00:00
Railcraft/Railcraft-3D,2015-08-01 00:00:00
Railcraft/SpongeOnRails,2015-08-01 00:00:00
CYBERHIPPIECO/cyberhippie-notes-transfer,
nurfitriyanto/Simple-SoundCloud-API,2016-10-01 00:00:00
Limeoats/Lime2D,
MrL1605/LastNerds,2015-02-01 00:00:00
Mrbrutal/MeanCore,
Chekote/minecraft_modpack2,2015-08-01 00:00:00
StephanieValis/hello-world,2017-07-01 00:00:00
thecodechef/gulp-install-tools,
ZipCPU/wb2axip,
Afenar/AfenarUI,
Apricity-OS/apricity-build,2015-11-01 00:00:00
assimp/assimp,2017-04-01 00:00:00
JonathanGerlach/DwarfFortress-on-Docker,2015-03-01 00:00:00
Techcable/Cauldron-Old,2015-08-01 00:00:00
linkinkov/Cauldron-Reloaded,2015-08-01 00:00:00
alexandrage/CauldronGit,2015-08-01 00:00:00
OctoAwesome/octoawesome,
AntMeNet/AntMeCore,
AntMeNet/AntMeClassic,
OctoAwesome/Administration,
BuiltBrokenModding/Universal-Electricity,
BuiltBrokenModding/Resonant-Induction,
Codefeed-Org/RadonCMakeFramework,
bit101/CodingMath,2015-08-01 00:00:00
ray-cast/ray-mmd,
CYBERHIPPIECO/BOK,2016-03-01 00:00:00
HELVE/THEPINECONE,
VoltzEngine-Project/Engine,
db0/octgn-supercharges,2015-09-01 00:00:00
PauloGasparSv/NinjaTime,2016-08-01 00:00:00
nashville-lispers/resources,
retrospirit/dosspirit,
dries007/HoloInventory,
CCM-Modding/Pay2Spawn,
EloiStree/HelloVirtualReality,
StudioErrilhl/HSS,
mrofi/video-info,2016-09-01 00:00:00
freebsdgirl/ggautoblocker,2015-06-01 00:00:00
nathanielolin/FatT,2017-05-01 00:00:00
jmanplaysgames/SnackWorldTextTranslation-Dead-,2017-05-01 00:00:00
hero887/Zoids,
hero887/MateriaCraft-1_7_10,
simongeilfus/Cinder-ImGui,2015-08-01 00:00:00
mnmly/Swift-imgui,2015-08-01 00:00:00
san1a/Karma-CS-GO-Hack,2015-08-01 00:00:00
criptych/gamelibs,2015-08-01 00:00:00
inkle/ink,2018-03-01 00:00:00
jerrimus/IdleMine,
joekaiser/QuantumFlux,
kotlin-graphics/imgui,2017-09-01 00:00:00
KelvinShadewing/pixels,2016-03-01 00:00:00
KelvinShadewing/XYG-Studio,2016-03-01 00:00:00
kosson/Node-invat-eu-inveti-tu,
kosson/python-invat-eu-inveti-si-tu,
com9/blackbox,
TUTOUNITYFR/liquide-shader,2017-01-01 00:00:00
mrvux/dx11-vvvv,
onqtam/doctest,2016-09-01 00:00:00
plexus/syna.esth.etic,8/1/2016 0:00
DavisDevelopment/pman,
brucelane/reymenta-mixnmap,
brucelane/BatchassApp,
flehrad/Big-Switch-PCB,2017-10-01 00:00:00
flehrad/Snagpad,2017-10-01 00:00:00
LadoEsquerdo/awesome-left,2016-02-01 00:00:00
Thefre/ValkyrianQuest,
jotego/jt12,2019-05-01 00:00:00
mikizdr/simple-electron-app,2019-03-01 00:00:00
gheja/gheja.github.io,
SMVampire/VEMF,
TheRipperJhon/WiFi-Pumpkin,
graceshare/casbin,2018-05-01 00:00:00
compujosh/patreon-pledge-calc,
kav2k/patreon_letter,
duyetdev/bruteforce-database,
duyetdev/awesome-web-scraper,
stopwords/vietnamese-stopwords,
duyetdev/realtime-dashboard,
duyetdev/vietnamese-namedb,
duyetdev/pricetrack,
Patreon/patreon-php,
NecoHorne/SocialManager,
aspnet-contrib/AspNet.Security.OAuth.Providers,
hundredrabbits/Orca,2016-08-01 00:00:00
hundredrabbits/Left,2016-08-01 00:00:00
hundredrabbits/Dotgrid,2016-08-01 00:00:00
hundredrabbits/Ronin,2016-08-01 00:00:00
hundredrabbits/Pilot,2016-08-01 00:00:00
hundredrabbits/Orca-c,2016-08-01 00:00:00
hundredrabbits/Donsol,2016-08-01 00:00:00
hundredrabbits/Paradise,2016-08-01 00:00:00
XXIIVV/Clock,2016-08-01 00:00:00
shinyorg/shiny,2018-12-01 00:00:00
bisqwit/password_codecs,2018-02-01 00:00:00
4Kaylum/RedditPostNotifier,
ChALkeR/fundraising,2018-02-01 00:00:00
DeemoHarlos/pianoroll,
codepupper/code-dis-mas,
DuncteBot/SkyBot,2018-06-01 00:00:00
Better-Aether/Better-Aether,2016-10-01 00:00:00
GonePearShape/Sol2222,
ThunderHorse/ApiXKCDDemo,2018-03-01 00:00:00
IainIsCreative/electron-music-box,2017-05-01 00:00:00
IainIsCreative/react-johnny-five-traffic-lights,2017-05-01 00:00:00
IainIsCreative/today-i-learned,2017-05-01 00:00:00
RodrigoLeiteF/WeebBot-v2,
kichihua/Curso-de-Programacion,2018-06-01 00:00:00
BenjaminJRDeveloper/RealisticArma3HUD,
LucaFulchir/libRaptorQ,
mmckegg/nodepdx-talk-2016,2016-04-01 00:00:00
NocturnalSolutions/Configuration-INIDeserializer,
PHLAK/Twine,2018-08-01 00:00:00
PHLAK/SemVer,2018-08-01 00:00:00
PHLAK/docker-mumble,2018-08-01 00:00:00
PHLAK/Colorizer,2018-08-01 00:00:00
PHLAK/laravelcollective-html-form-snippets,2018-08-01 00:00:00
PHLAK/lifx-client,2018-08-01 00:00:00
PHLAK/docker-openvpn,2018-08-01 00:00:00
PHLAK/docker-minecraft,2018-08-01 00:00:00
PHLAK/Stash,2018-08-01 00:00:00
PHLAK/laravelcollective-html-form-snippets-atom,2018-08-01 00:00:00
PHLAK/Chronometer,2018-08-01 00:00:00
PHLAK/docker-syncthing,2018-08-01 00:00:00
PHLAK/Cafelias,2018-08-01 00:00:00
PHLAK/docker-soxy,2018-08-01 00:00:00
PHLAK/docker-ssh-tunnel,2018-08-01 00:00:00
PHLAK/docker-youtube-dl,2018-08-01 00:00:00
PHLAK/docker-transmission,2018-08-01 00:00:00
PHLAK/docker-iperf,2018-08-01 00:00:00
pip/Octology,
RayzrDev/SharpBot,5/1/2017 0:00
Rayzr522/cashr,5/1/2017 0:00
RayzrDev/cashr,5/1/2017 0:00
Rayzr522/MinecraftServerManager,5/1/2017 0:00
MLG-Fortress/AbsorptionShields,
pebble-rust/pebble-rust,
hnhdigital-os/mysql-helper,
hnhdigital-os/laravel-console-self-update,
hnhdigital-os/php-linode-api,
hnhdigital-os/laravel-model-schema,
hnhdigital-os/laravel-emogrifier,
hnhdigital-os/laravel-number-converter,
hnhdigital-os/laravel-model-search,
hnhdigital-os/fs-watcher,
hnhdigital-os/laravel-navigation-builder,
hnhdigital-os/laravel-html-builder,
Roxxers/roxbot,
JGriffin34432/Skywarn,
Jorch72/CS-TrueCraft,2017-04-01 00:00:00
MobileTipsters/Swift-Daily-Tips,
Tyrrrz/LightBulb,
XaafCode/MyBlog-REWRITTEN,
XaafCode/MyBlog,
Xaymar/PropHuntExtended,2017-06-01 00:00:00
PoGoZbot/Zbot,
rauenzi/BetterDiscordAddons,2018-10-01 00:00:00
rauenzi/BDPluginLibrary,2018-10-01 00:00:00
pjf/future-is-awesome,2016-01-01 00:00:00
AllAlgorithms/c,
AllAlgorithms/cpp,
AllAlgorithms/algorithms,
abranhe/openup,
abranhe/topdf,
abranhe/binary,
abranhe/wtii,
abranhe/cs50,
abranhe/todarkmode,
abranhe/mergesort.c,
abranhe/os,
abranhe/open-on-npm,
abranhe/os.c,
abranhe/binary.c,
abranhe/redirect-traffic,
abranhe/clib-docker,
abranhe/varadero,
abranhe/a-while-ago,
abranhe/minutes-to-read,
abranhe/react-redirector,
adaliszk/ionize-core,
statistiku/statistiku,
ech2/airwindows-ports,2016-05-01 00:00:00
leopardus-net/leopardus,
queer/singyeong,2019-01-01 00:00:00
anacierdem/vscode-requirejs,
anacierdem/ed64,
anacierdem/ROM-reader,
anteriovieira/nuxt-sass-resources-loader,
anteriovieira/vue-swal,
anteriovieira/vue-raven,
Patreon/nion,
apkrieg/foovm,
Sushiemaster/selfbot,
Sushiemaster/sushitdiscordselfbot,
Sushiemaster/self123,
SkryptKiddie/Arc,
clojure-grimoire/grimoire,2017-05-01 00:00:00
jaunt-lang/jaunt,2017-05-01 00:00:00
villares/villares.github.io,2016-12-01 00:00:00
ashkitten/g933-utils,2017-12-01 00:00:00
ashkitten/yotredash,2017-12-01 00:00:00
TheBastionBot/BastionGitHubBot,2017-04-01 00:00:00
graphile/postgraphile,1/1/2018 0:00
graphile/graphile-build,1/1/2018 0:00
graphile/graphile-engine,1/1/2018 0:00
benjie/prettier-plugin-pg,1/1/2018 0:00
benjie/prettier-plugin-pg-sql,1/1/2018 0:00
graphile/worker,1/1/2018 0:00
benjie/mehserve,1/1/2018 0:00
graphile/migrate,1/1/2018 0:00
benjie/eslint-plugin-pg-sql,1/1/2018 0:00
markology/Dragula-System,2015-11-01 00:00:00
docpad/docpad,6/1/2016 0:00
bevry/cson,6/1/2016 0:00
bevry/watchr,6/1/2016 0:00
bevry/caterpillar,6/1/2016 0:00
bevry/projectz,6/1/2016 0:00
bevry/getmac,6/1/2016 0:00
bevry/badges,6/1/2016 0:00
bevry/istextorbinary,6/1/2016 0:00
bevry/taskgroup,6/1/2016 0:00
bevry/joe,6/1/2016 0:00
bevry/domain-browser,6/1/2016 0:00
bevry/typechecker,6/1/2016 0:00
docpad/docpad-plugin-jade,6/1/2016 0:00
bevry/safeps,6/1/2016 0:00
bevry/lazy-require,6/1/2016 0:00
balupton/bal-util,6/1/2016 0:00
bevry/ambi,6/1/2016 0:00
docpad/docpad-plugin-livereload,6/1/2016 0:00
bevry/event-emitter-grouped,6/1/2016 0:00
bevry/extract-opts,6/1/2016 0:00
bevry/extendr,6/1/2016 0:00
bevry/safefs,6/1/2016 0:00
bevry/pluginclerk,6/1/2016 0:00
bevry/textextensions,6/1/2016 0:00
bevry/eachr,6/1/2016 0:00
bevry/cachely,6/1/2016 0:00
bevry/hostenv,6/1/2016 0:00
bevry/docpad-helper,6/1/2016 0:00
bevry/scandirectory,6/1/2016 0:00
mkeathley/bible-bot,2019-04-01 00:00:00
bilelmnasser/Unity-3D-Xmpp-Protocol-,
bilelmnasser/Infinite-Contact-List-ScrollRect-Unity3D,
bitluni/ESP32Lib,2017-01-01 00:00:00
bitluni/ESP32VGA,2017-01-01 00:00:00
bloxlink/docs,2018-05-01 00:00:00
jcsumlin/Peribot,
jcsumlin/Hilda-Bot,
oa495/art-connoisseur,2016-02-01 00:00:00
brianluna/timelysheets,
bryanlarsen/mobilling,
bsquidwrd/Live-Bot,2019-05-01 00:00:00
cameronjonesweb/facebook-page-feed-graph-api,2018-11-01 00:00:00
apheleia/Amethyst,2016-11-01 00:00:00
WillowChat/Warren,
WillowChat/Thump,
WillowChat/Hopper,
WillowChat/Sage,
WillowChat/Squeak,
catalyst-app/Catalyst,2017-12-01 00:00:00
ChatterBoxGames/ChatterBot,
Gramps/GodotSteam,
Coding-Coach/find-a-mentor,
JSforBreakfast/The-Coding-Train-p5.js,2017-11-01 00:00:00
cogdog/flickr-cc-helper,2018-01-01 00:00:00
cogdog/wp-dimension,2018-01-01 00:00:00
cogdog/ds106bank,2018-01-01 00:00:00
cogdog/wp-bigpicture,2018-01-01 00:00:00
cogdog/truwriter,2018-01-01 00:00:00
cogdog/tru-collector,2018-01-01 00:00:00
cogdog/wp-posted-today,2018-01-01 00:00:00
cogdog/splotpoint,2018-01-01 00:00:00
cogdog/wp-highlights,2018-01-01 00:00:00
cogdog/dailyblank,2018-01-01 00:00:00
cogdog/font-awesome-5-menus,2018-01-01 00:00:00
cogdog/wp-lens,2018-01-01 00:00:00
cogdog/wp-posts2csv,2018-01-01 00:00:00
cogdog/splotbox,2018-01-01 00:00:00
cogdog/storify-extractor,2018-01-01 00:00:00
cogdog/pechaflickr,2018-01-01 00:00:00
cogdog/simple-ipsum,2018-01-01 00:00:00
cogdog/wp-bootstrap,2018-01-01 00:00:00
cogdog/constellection,2018-01-01 00:00:00
cogdog/oath-twitter-splot,2018-01-01 00:00:00
cogdog/kid-hamilton,2018-01-01 00:00:00
cogdog/kid-hitchcock,2018-01-01 00:00:00
cogdog/find-in-tags,2018-01-01 00:00:00
cogdog/permutator,2018-01-01 00:00:00
bostontrader/crypto-docker,
MrColdbird/aemu,2016-01-01 00:00:00
coreybutler/nvm-windows,2017-01-01 00:00:00
coreybutler/fenix,2017-01-01 00:00:00
connorhudson/crossorigin.me,
techmandan/kamaradi,
FriendsOfFlarum/socialprofile,
dave/jennifer,
dave/dst,
dave/jsgo,
dave/wasmgo,
dave/play,
dave/libify,
daveozoalor/laravel-qrcode-ecommerce,
dcollinsn/judge-announcements,
dcollinsn/django-magic-cards,
react-native-kit/react-native-track-player,
denysdovhan/spaceship-prompt,2018-12-01 00:00:00
derhuerst/tcp-over-websockets,3/1/2018 0:00
derhuerst/svg-patterns,3/1/2018 0:00
derhuerst/vbb-cli,3/1/2018 0:00
public-transport/hafas-client,3/1/2018 0:00
derhuerst/vbb-modules,3/1/2018 0:00
derhuerst/svg-radar-chart,3/1/2018 0:00
derhuerst/db-hafas,3/1/2018 0:00
derhuerst/time-tracking,3/1/2018 0:00
deg0nz/MMM-PublicTransportBerlin,3/1/2018 0:00
derhuerst/build-wikipedia-feed,3/1/2018 0:00
derhuerst/bvg-rest,3/1/2018 0:00
derhuerst/html-vault,3/1/2018 0:00
derhuerst/flightradar24-client,3/1/2018 0:00
derhuerst/flickr-photo-url,3/1/2018 0:00
derhuerst/db-rest,3/1/2018 0:00
derhuerst/asciicast-to-svg,3/1/2018 0:00
derhuerst/self-decrypting-html-page,3/1/2018 0:00
derhuerst/geojson-to-svg-cli,3/1/2018 0:00
derhuerst/vbb-telegram,3/1/2018 0:00
derhuerst/svg-world-map,3/1/2018 0:00
derhuerst/bvg-topological-map,3/1/2018 0:00
derhuerst/scroll-animation,3/1/2018 0:00
derhuerst/node-spotlight,3/1/2018 0:00
derhuerst/db-stations,3/1/2018 0:00
derhuerst/casket,3/1/2018 0:00
derhuerst/svg-partial-circle,3/1/2018 0:00
derhuerst/synchronous-autocomplete,3/1/2018 0:00
derhuerst/listen-to-youtube-cli,3/1/2018 0:00
derhuerst/hifo,3/1/2018 0:00
derhuerst/vbb-journey-ui,3/1/2018 0:00
derhuerst/query-overpass,3/1/2018 0:00
derhuerst/websocket-pool,3/1/2018 0:00
derhuerst/berlin-wall-shape,3/1/2018 0:00
derhuerst/generate-vbb-graph,3/1/2018 0:00
derhuerst/cli-styles,3/1/2018 0:00
derhuerst/email-providers,3/1/2018 0:00
derhuerst/vbb-stations,3/1/2018 0:00
derhuerst/vbb-stations-autocomplete,3/1/2018 0:00
derhuerst/vbb-station-photos,3/1/2018 0:00
derhuerst/generate-db-shop-urls,3/1/2018 0:00
derhuerst/local-network-chat,3/1/2018 0:00
derhuerst/parse-gml-polygon,3/1/2018 0:00
derhuerst/parse-jsonp,3/1/2018 0:00
derhuerst/avion,3/1/2018 0:00
derhuerst/hafas-find-trips,3/1/2018 0:00
derhuerst/wifi-on-ice-portal-client,3/1/2018 0:00
derhuerst/chutney,3/1/2018 0:00
derhuerst/current-ice-speed,3/1/2018 0:00
derhuerst/vbb-client,3/1/2018 0:00
derhuerst/isomorphic-location,3/1/2018 0:00
derhuerst/berlin-subway-guide,3/1/2018 0:00
derhuerst/transport.rest,3/1/2018 0:00
derhuerst/flatten-overlapping-ranges,3/1/2018 0:00
derhuerst/read-audio-tags,3/1/2018 0:00
derhuerst/bvg-hafas,3/1/2018 0:00
derhuerst/print-gtfs-rt-cli,3/1/2018 0:00
derhuerst/db-stations-autocomplete,3/1/2018 0:00
derhuerst/german-postal-codes,3/1/2018 0:00
derhuerst/alkis-berlin-client,3/1/2018 0:00
derhuerst/gulp-scale-images,3/1/2018 0:00
derhuerst/coup-map,3/1/2018 0:00
derhuerst/parse-url-cli,3/1/2018 0:00
derhuerst/search-meinfernbus-locations,3/1/2018 0:00
derhuerst/level-tree,3/1/2018 0:00
derhuerst/live-moving-average,3/1/2018 0:00
derhuerst/vbb-stations-cli,3/1/2018 0:00
derhuerst/search-flix-locations,3/1/2018 0:00
derhuerst/record-vbb-delays,3/1/2018 0:00
derhuerst/tiny-cli-editor,3/1/2018 0:00
derhuerst/epsg-index,3/1/2018 0:00
derhuerst/public-transport-ui,3/1/2018 0:00
derhuerst/hafas-rest-api,3/1/2018 0:00
derhuerst/os-x-contacts,3/1/2018 0:00
derhuerst/german-public-transport-wifis,3/1/2018 0:00
derhuerst/vbb-map-routing,3/1/2018 0:00
derhuerst/cli-on-key,3/1/2018 0:00
derhuerst/hafas-discover-stations,3/1/2018 0:00
derhuerst/generate-vbb-transit-map,3/1/2018 0:00
derhuerst/commons-photo-url,3/1/2018 0:00
derhuerst/db-hafas-stations,3/1/2018 0:00
derhuerst/cd-wifi-client,3/1/2018 0:00
derhuerst/vbb-station-operators,3/1/2018 0:00
derhuerst/discover-db-stations,3/1/2018 0:00
derhuerst/algorithmic-vomit,3/1/2018 0:00
derhuerst/vbb-fare-zones,3/1/2018 0:00
derhuerst/vbb-get-off-bot,3/1/2018 0:00
derhuerst/vbb-lines,3/1/2018 0:00
derhuerst/sepa-payment-qr-code,3/1/2018 0:00
derhuerst/hafas-cli,3/1/2018 0:00
derhuerst/browser-location,3/1/2018 0:00
derhuerst/hafas-collect-departures-at,3/1/2018 0:00
derhuerst/merge-vbb-stations,3/1/2018 0:00
derhuerst/dyndns-server,3/1/2018 0:00
derhuerst/combine-tiles,3/1/2018 0:00
derhuerst/fasp-server-cli,3/1/2018 0:00
derhuerst/observe-hafas-client,3/1/2018 0:00
derhuerst/vbb-lines-at,3/1/2018 0:00
derhuerst/locomore,3/1/2018 0:00
derhuerst/hafas-record-delays,3/1/2018 0:00
derhuerst/merged-vbb-stations,3/1/2018 0:00
derhuerst/naive-gtfs-routing,3/1/2018 0:00
derhuerst/generate-node-policy-file,3/1/2018 0:00
derhuerst/db-cli,3/1/2018 0:00
derhuerst/authenticated-pipe,3/1/2018 0:00
derhuerst/fasp-client-cli,3/1/2018 0:00
derhuerst/window-on-print,3/1/2018 0:00
derhuerst/db-zugradar-client,3/1/2018 0:00
derhuerst/redis-stream,3/1/2018 0:00
derhuerst/vbb-stations-with-wifi,3/1/2018 0:00
derhuerst/boilerplate,3/1/2018 0:00
derhuerst/wikipedia-feed-ui,3/1/2018 0:00
derhuerst/hafas-monitor-departures-ws-server,3/1/2018 0:00
derhuerst/micro-i18n,3/1/2018 0:00
derhuerst/simple-wasm-example,3/1/2018 0:00
derhuerst/db-prices-viz,3/1/2018 0:00
derhuerst/vbb-graph-computation-server,3/1/2018 0:00
derhuerst/hafas-client-rpc,3/1/2018 0:00
derhuerst/german-license-plate-prefixes,3/1/2018 0:00
derhuerst/next-critical-mass-berlin-dates,3/1/2018 0:00
derhuerst/osm-flatten-relation,3/1/2018 0:00
derhuerst/hafas-monitor-journeys,3/1/2018 0:00
derhuerst/hafas-monitor-trips,3/1/2018 0:00
derhuerst/leveldb-editor,3/1/2018 0:00
derhuerst/sox-static,3/1/2018 0:00
derhuerst/bbox-stream,3/1/2018 0:00
derhuerst/fasp-client,3/1/2018 0:00
derhuerst/mplayer-wrapper,3/1/2018 0:00
derhuerst/fasp-audio-receiver,3/1/2018 0:00
derhuerst/compute-db-station-weight,3/1/2018 0:00
derhuerst/record-ice-movement,3/1/2018 0:00
derhuerst/location-cli,3/1/2018 0:00
derhuerst/vbb-short-station-name,3/1/2018 0:00
derhuerst/fasp-receiver,3/1/2018 0:00
derhuerst/db-monitor,3/1/2018 0:00
derhuerst/vbb-line-colors,3/1/2018 0:00
derhuerst/remix-bvg-map-frontend,3/1/2018 0:00
derhuerst/vbb-hafas-rpc-server,3/1/2018 0:00
derhuerst/dino-reader,3/1/2018 0:00
derhuerst/gtfs-rt-bindings,3/1/2018 0:00
derhuerst/mpv-wrapper,3/1/2018 0:00
derhuerst/vbb-routing,3/1/2018 0:00
derhuerst/insa-hafas,3/1/2018 0:00
derhuerst/hls-play-next-queue,3/1/2018 0:00
derhuerst/discover-vbb-stations,3/1/2018 0:00
derhuerst/fetch-commute-from-hafas,3/1/2018 0:00
derhuerst/another-headless-terminal,3/1/2018 0:00
derhuerst/db-netz-hafas,3/1/2018 0:00
derhuerst/db-hafas-rpc-server,3/1/2018 0:00
derhuerst/asciicast-read-stream,3/1/2018 0:00
derhuerst/hafas-client-health-check,3/1/2018 0:00
derhuerst/bvg-hafas-rpc-server,3/1/2018 0:00
derhuerst/remix-bvg-map-backend,3/1/2018 0:00
derhuerst/boilerplate-rs,3/1/2018 0:00
derhuerst/fasp-web-client,3/1/2018 0:00
derhuerst/hyper-chat-cli,3/1/2018 0:00
derhuerst/audio-conversion-queue,3/1/2018 0:00
derhuerst/vbb-monitor,3/1/2018 0:00
derhuerst/bvg-shuttle-prediction,3/1/2018 0:00
derhuerst/vbb-web,3/1/2018 0:00
derhuerst/dyndns,3/1/2018 0:00
derhuerst/wikipedia-edits-stream,3/1/2018 0:00
derhuerst/db-stations-cli,3/1/2018 0:00
derhuerst/fasp-server,3/1/2018 0:00
derhuerst/hafas-estimate-station-weight,3/1/2018 0:00
derhuerst/round-robin-scheduler,3/1/2018 0:00
derhuerst/vbb-trips,3/1/2018 0:00
derhuerst/buffer-ponyfill,3/1/2018 0:00
derhuerst/vbb-positions-stream,3/1/2018 0:00
derhuerst/db-main-station-of,3/1/2018 0:00
derhuerst/query-fis-broker-wfs,3/1/2018 0:00
derhuerst/really-basic-chat-ui,3/1/2018 0:00
derhuerst/search-fasp-receivers,3/1/2018 0:00
derhuerst/vbb-shapes,3/1/2018 0:00
derhuerst/sort-array-by-another,3/1/2018 0:00
derhuerst/download-chakracore,3/1/2018 0:00
derhuerst/hafas-fetch-track-slice,3/1/2018 0:00
derhuerst/svgcleaner-static,3/1/2018 0:00
derhuerst/bvg-shuttle-gtfs-rt-feed,3/1/2018 0:00
derhuerst/keep-sequences-stream,3/1/2018 0:00
derhuerst/wifi-on-ice-position-stream,3/1/2018 0:00
derhuerst/parse-ffplay-output,3/1/2018 0:00
derhuerst/fetch-db-operating-status,3/1/2018 0:00
derhuerst/db-hafas-stations-autocomplete,3/1/2018 0:00
derhuerst/vbb-stations-html,3/1/2018 0:00
derhuerst/synchronous-autocomplete-rs,3/1/2018 0:00
derhuerst/path-depth,3/1/2018 0:00
derhuerst/identify-bvg-shuttle-stops,3/1/2018 0:00
derhuerst/br2nl,3/1/2018 0:00
derhuerst/vbb-line-variant-score,3/1/2018 0:00
derhuerst/tokenize-db-station-name,3/1/2018 0:00
derhuerst/vbb-parse-line,3/1/2018 0:00
derhuerst/vbb-stations-connected-to,3/1/2018 0:00
derhuerst/vbb-stations-with-bicycle-parking,3/1/2018 0:00
derhuerst/callbag-keep-sequences,3/1/2018 0:00
derhuerst/fn-call-streak,3/1/2018 0:00
derhuerst/hafas-find-alternative-legs,3/1/2018 0:00
derhuerst/hafas-monitor-departures,3/1/2018 0:00
derhuerst/vbb-station-shapes,3/1/2018 0:00
derhuerst/vbb-anybar,3/1/2018 0:00
derhuerst/vbb-osm-relations,3/1/2018 0:00
dmitry-ivanov/laravel-db-profiler,
dmitry-ivanov/laravel-helper-functions,
dmitry-ivanov/laravel-console-mutex,
dmitry-ivanov/laravel-console-logger,
dmitry-ivanov/dark-sky-api,
dmitry-ivanov/laravel-testing-tools,
dmitry-ivanov/laravel-wikipedia-grabber,
uncomplicate/neanderthal,
uncomplicate/fluokitten,
uncomplicate/bayadera,
uncomplicate/clojurecl,
uncomplicate/clojurecuda,
dragoscirjan/aurelia-content-loader,
dragoscirjan/frameworks,
dragoscirjan/aurelia-google-recaptcha,
Crainbows/dungeon-mapper,2017-12-01 00:00:00
dustinblackman/Championify,2016-11-01 00:00:00
jknack/handlebars.java,2019-03-01 00:00:00
jooby-project/jooby,2019-03-01 00:00:00
egoist/poi,2017-05-01 00:00:00
egoist/docute,2017-05-01 00:00:00
egoist/import-http,2017-05-01 00:00:00
ream/ream,2017-05-01 00:00:00
danilowoz/create-content-loader,2017-05-01 00:00:00
egoist/styled-vue,2017-05-01 00:00:00
egoist/lit-vue,2017-05-01 00:00:00
egoist/svg-to-vue-component,2017-05-01 00:00:00
egoist/snackbar,2017-05-01 00:00:00
saberland/create-portfolio,2017-05-01 00:00:00
egoist/objql,2017-05-01 00:00:00
egoist/routes-generator,2017-05-01 00:00:00
egoist/parse-graphql,2017-05-01 00:00:00
egoist/style-module,2017-05-01 00:00:00
saojs/kopy,2017-05-01 00:00:00
egoist/donate,2017-05-01 00:00:00
egoist/saber-plugin-critical,2017-05-01 00:00:00
IngeniousApplications/Discord-Modmail,
IngeniousCoder/CPU-Monitor,
DSharpPlus/DSharpPlus,
colyseus/colyseus,10/1/2017 0:00
gamestdio/colyseus,10/1/2017 0:00
colyseus/colyseus.js,10/1/2017 0:00
gamestdio/colyseus.js,10/1/2017 0:00
colyseus/colyseus-unity3d,10/1/2017 0:00
colyseus/colyseus-examples,10/1/2017 0:00
colyseus/colyseus-hx,10/1/2017 0:00
endel/babylonjs-multiplayer-boilerplate,10/1/2017 0:00
colyseus/colyseus-defold,10/1/2017 0:00
colyseus/schema,10/1/2017 0:00
colyseus/colyseus-loadtest,10/1/2017 0:00
gamestdio/scorm,10/1/2017 0:00
endel/colyseus-pixijs-boilerplate,10/1/2017 0:00
colyseus/colyseus-construct3,10/1/2017 0:00
colyseus/colyseus-cocos2d-x,10/1/2017 0:00
endel/shieldsio-patreon,10/1/2017 0:00
colyseus/colyseus-social,10/1/2017 0:00
colyseus/colyseus-gml,10/1/2017 0:00
endoli/javascriptcore.rs,
endoli/lldb.rs,
endoli/usrsctp-sys.rs,
soasme/nim-markdown,2018-08-01 00:00:00
EpicSquid/Roots,2018-07-01 00:00:00
EpicSquid/MysticalLib,2018-07-01 00:00:00
EpicSquid/MysticalWorld,2018-07-01 00:00:00
ernest-bruce/human-internet,
philbowles/esparto,
etherniti/etherniti,
evillt/loading-screen,
evillt/docute-demo-code,
evillt/poi-plugin-loading-screen,
evillt/vue-auto-routes,
evillt/parse-to-dotenv,
evillt/form-render,
evillt/docute-custom-container,
evillt/juh,
evillt/nm,
evillt/elv-form,
extcode/cart,2017-06-01 00:00:00
extcode/contacts,2017-06-01 00:00:00
extcode/cart_products,2017-06-01 00:00:00
extcode/cart_events,2017-06-01 00:00:00
extcode/cart_books,2017-06-01 00:00:00
extcode/cart_paypal,2017-06-01 00:00:00
extcode/cart_saferpay,2017-06-01 00:00:00
extcode/cart_nexi,2017-06-01 00:00:00
extcode/cart_mpay24,2017-06-01 00:00:00
markserv/markserv,
f1lt3r/markserv,
FHGDev/Hulkbot,
NovalFuzzy/hulkbot-website-ftw,
relasine/pitch-battles-frontend,2017-03-01 00:00:00
finchMFG/openGuild-CMS,
finchMFG/easy-blog,
finchMFG/yt-feeder,
finwo/js-simple-ee,
flagrow/toolbelt,
foonathan/cppast,2017-11-01 00:00:00
foonathan/type_safe,2017-11-01 00:00:00
foonathan/memory,2017-11-01 00:00:00
foonathan/standardese,2017-11-01 00:00:00
foonathan/array,2017-11-01 00:00:00
foonathan/lex,2017-11-01 00:00:00
foonathan/tiny,2017-11-01 00:00:00
froggey/Mezzano,
funkypenguin/docker-mwlib,2017-10-01 00:00:00
funkypenguin/embyserver-nvenc,2017-10-01 00:00:00
funkypenguin/monero,2017-10-01 00:00:00
funkypenguin/heimdall-traefik,2017-10-01 00:00:00
funkypenguin/docker-mqtt-certbot-dns-alpine,2017-10-01 00:00:00
funkypenguin/ffmpeg-static,2017-10-01 00:00:00
funkypenguin/temasek,2017-10-01 00:00:00
funkypenguin/aeon,2017-10-01 00:00:00
funkypenguin/loki,2017-10-01 00:00:00
funkypenguin/ryo-currency,2017-10-01 00:00:00
funkypenguin/htpc-cron,2017-10-01 00:00:00
funkypenguin/monkeytips,2017-10-01 00:00:00
funkypenguin/oauth2_proxy,2017-10-01 00:00:00
funkypenguin/athena,2017-10-01 00:00:00
funkypenguin/nbx,2017-10-01 00:00:00
funkypenguin/arqma,2017-10-01 00:00:00
funkypenguin/bittube,2017-10-01 00:00:00
funkypenguin/x-cash,2017-10-01 00:00:00
funkypenguin/kepl,2017-10-01 00:00:00
funkypenguin/rtorrent,2017-10-01 00:00:00
funkypenguin/conceal-core,2017-10-01 00:00:00
funkypenguin/koson,2017-10-01 00:00:00
funkypenguin/poor-mans-k8s-lb,2017-10-01 00:00:00
Gadgetoid/wallpaper,2016-01-01 00:00:00
mathmare/TheoreticalMinimum,
geigi/cozy,2017-11-01 00:00:00
gibbed/Gibbed.Borderlands2,2015-09-01 00:00:00
gibbed/Gibbed.BorderlandsOz,2015-09-01 00:00:00
gibbed/Gibbed.JustCause4,2015-09-01 00:00:00
gibbed/JC4AnticrashHook,2015-09-01 00:00:00
gleeny/voicr,
gleeny/nevrevr,
arschles/go-in-5-minutes,2018-02-01 00:00:00
abdulhannanali/passport-medium,
abdulhannanali/patrons,
HRZNStudio/Expanse,2018-11-01 00:00:00
Nightwatch/nightwatch,
in3mo/platformer-godot-game,2018-03-01 00:00:00
ingeniasoftware/luthier-ci,
ingeniasoftware/luthier-framework,
ingeniasoftware/simpledocs,
insanj/insane.pink,
Intelguasoft/college-api,
interlucid/web-audio-api,2018-04-01 00:00:00
InventivetalentDev/DonationPopup,
jonschlinkert/fill-range,
pumpcoin/irccex,2018-05-01 00:00:00
MagicCap/MagicCap,
jamiepine/pulse,2015-08-01 00:00:00
jarektkaczyk/eloquence,
jarektkaczyk/eloquence-base,
jarektkaczyk/eloquence-mappable,
jarektkaczyk/eloquence-metable,
jarektkaczyk/eloquence-mutable,
jarektkaczyk/eloquence-validable,
jarektkaczyk/laravel-kahlan,
jsninja-demos/vue-sofia-meetup,2018-11-01 00:00:00
CachetHQ/Cachet,2016-04-01 00:00:00
CachetHQ/Docker,2016-04-01 00:00:00
jeromeetienne/ar.js,
jeromeetienne/AR.js,2018-01-01 00:00:00
jikan-me/jikan,2019-05-01 00:00:00
jikan-me/jikan-rest,2019-05-01 00:00:00
jorgebucaran/hyperapp,
juliangruber/sponsors,2018-03-01 00:00:00
apexcharts/apexcharts.js,2018-10-01 00:00:00
apexcharts/vue-apexcharts,2018-10-01 00:00:00
k00ni/semicon,
ilestis/miscellany,2017-10-01 00:00:00
kayteh/shaders,2017-12-01 00:00:00
kbrsh/moon,
KingPixil/moon,
KingPixil/wade,
kbrsh/wade,
kbrsh/slash,
keel-hq/keel,
guan-jing-ren/native-2-web,
code-helix/slatekit,
code-helix/slatekit-common,
klembot/chapbook,2015-10-01 00:00:00
mlabouardy/komiser,
kreezxil/world-of-aether,2017-12-01 00:00:00
kubenow/KubeNow,
chinchang/web-maker,2018-01-01 00:00:00
kyb3r/modmail,2019-01-01 00:00:00
kyb3r/logviewer,2019-01-01 00:00:00
M4Yt/Tough-Name-Generator,2016-03-01 00:00:00
TensorMonkey/browsehandsfree,
leonekmi/scrobbly,
authlib/loginpass,2018-05-01 00:00:00
lewislepton/openFrameworksTutorialSeries,2016-05-01 00:00:00
lolibrary/lolibrary,2018-05-01 00:00:00
BillyAddlers/Lucia-Websocket,
watkinsr/mutt-wizard,2018-06-01 00:00:00
Lynnesbian/OCRbot,2019-01-01 00:00:00
Lynnesbian/FediBooks,2019-01-01 00:00:00
Lynnesbian/mastodon-bot-template,2019-01-01 00:00:00
Th3Shadowbroker/DiscHook,
macmade/KeychainCracker,
macmade/OpenCV-iOS,
macmade/GitHubUpdates,
macmade/ClangKit,
macmade/Console,
macmade/FileVaultCracker,
macmade/FileSystem,
macmade/dyld_cache_extract,
macmade/Macintosh-ROMs,
macmade/Diagnostics,
macmade/ShellKit,
macmade/FaceDetect,
macmade/user-defaults,
macmade/AtomicKit,
macmade/SeriousCode,
macmade/Codeine,
macmade/OBJCXX,
macmade/Notarize,
macmade/XEOS,
macmade/MP4Parse,
macmade/CFPP,
macmade/Objective-CPP,
macmade/Obfuscate,
macmade/EOSFTPServer,
macmade/trash,
macmade/ccache-gui,
macmade/Manual,
macmade/GameOfLife,
macmade/XSFoundation,
macmade/xcode-coveralls,
macmade/host-manager,
macmade/CoreFoundation,
macmade/CPP-ARC,
macmade/xrun,
macmade/gmock-xcode,
macmade/XS-Labs-Style-Guide,
macmade/dlib,
macmade/UIKit-CXX,
macmade/ULog,
macmade/ELFDump,
macmade/ICNS2ICO,
macmade/StringsDuplicates,
macmade/XSDocgen,
macmade/MachOKit,
macmade/PIMPL,
macmade/STDThreadKit,
macmade/objc-uti,
macmade/makelib,
macmade/LibC-String-Optimisations,
macmade/FlashPro,
macmade/Magic-MakeFile,
macmade/CoreFoundation-550.42,
macmade/CrashGuard,
macmade/STDC,
macmade/CPPAtomic,
macmade/HexPrint,
macmade/DeviceMonitor,
macmade/NutShell,
macmade/Code-Tests,
macmade/XS-Computer-One,
macmade/OBJC4-437.1-Runtime,
macmade/MEMDebug,
macmade/XcodeCleaner,
macmade/dotfiles,
macmade/PropEdit,
macmade/CPPNotifications,
macmade/Obj-C-Extended-Log,
macmade/gnu-iso-c11,
macmade/XSTest,
macmade/Bin-Build,
macmade/eos_extbase,
macmade/fatdump,
macmade/ProcessRenicer,
macmade/Notes,
macmade/Boom,
macmade/LZWM-Old,
macmade/xcconfig,
macmade/CPU-64Bits-Check,
macmade/SoftwareUpdate,
macmade/git-branch-status,
macmade/AppKit-CXX,
macmade/Objective-C-CLI-Arguments,
macmade/cpp-merkle-tree,
macmade/Patator,
macmade/BrainDead,
macmade/mkfat,
macmade/SVN-Util,
macmade/WOOPS,
macmade/EOS-SKL,
macmade/FIBRE,
macmade/NSLog,
macmade/objc-semaphore,
macmade/LZWM,
macmade/xcode-templates,
macmade/C-Inheritance,
macmade/CXX-DBAL,
macmade/gol,
macmade/XEOS-lib-c99,
macmade/Dashboard-Hash-Widget,
macmade/Nimbus,
macmade/CLibs,
macmade/XS-Font,
macmade/MBED-LPC1768,
macmade/Documentation,
macmade/EGZ,
macmade/Dictionary,
macmade/rdar-29208438,
macmade/SilentBurn,
macmade/XEOS-toolchain,
macmade/ID3v2,
macmade/4-bit,
macmade/XEOS-boot-bios,
macmade/EGPack,
macmade/xs-labs.com,
macmade/XEOS-Software-License,
macmade/make,
macmade/WebStart-Uninstaller,
macmade/XS-CPP,
macmade/CPPTraits,
macmade/Mano,
macmade/XEOS-core,
macmade/NSPair,
macmade/codeine-app.com,
macmade/homebrew-tap,
macmade/electronics,
macmade/XEOS-lib-pthread,
macmade/buddy,
macmade/WebStart-CLI,
macmade/XEOS-lib-objc,
macmade/PWR,
macmade/XEOS-core-xeos,
macmade/Application-State-Cleaner,
macmade/XEOS-lib-c11,
macmade/v1.xs-labs.com,
macmade/macmade.net,
macmade/noxeos.com,
macmade/XEOS-lib,
macmade/game-of-life.io,
macmade/TYPO3-TS,
macmade/XEOS-lib-dispatch,
macmade/Noxeos-WP-Theme,
macmade/TYPO3-T3X,
macmade/XEOS-tools-localedef,
macmade/TestBindings,
macmade/XEOS-modules,
macmade/TestMediaLibrary,
macmade/CPPThreads,
macmade/SOStatus,
macmade/XEOS-makefile,
macmade/XEOS-tools-mkinitrd,
macmade/XEOS-lib-iconv,
macmade/XEOS-boot-uefi,
macmade/drupal-modules,
macmade/XEOS-lib-system,
macmade/WebStart-Light-Installer,
macmade/doc.xs-labs.com,
macmade/XSKit,
macmade/xs-atom-syntax,
macmade/WebStart-Updater,
macmade/macmade.me,
macmade/WebStart-Light,
macmade/XEOS-lib-elf,
macmade/eosgarden.com,
macmade/XS.pretty,
macmade/Host-Manager-GUI,
macmade/SDK,
macmade/XEOS-lib-posix,
macmade/XEOS-lib-blocks,
macmade/ValueTransformers,
macmade/Codeine-Old,
macmade/AutoPurge,
macmade/XEOS-tools,
macmade/PHP-FileParsers,
mafintosh/sponsors,
makyo/snuffler,2018-07-01 00:00:00
makyo/tv2,2018-07-01 00:00:00
makyo/patrons.drab-makyo.com,2018-07-01 00:00:00
makyo/stimmtausch,2018-07-01 00:00:00
makyo/ansigo,2018-07-01 00:00:00
clrcamplify/mangekyo-v2-bot,
marketplace-xenforo/xenforo-l10n-core-russian,
marketplace-xenforo/xenforo-l10n-rm-russian,
marketplace-xenforo/xenforo-l10n-mg-russian,
marketplace-xenforo/xenforo-l10n-es-russian,
hyperspacedev/hyperspace-classic,
hyperspacedev/hyperspace,
Masami45/nova-bot,
ananace/ruby-matrix-sdk,2017-06-01 00:00:00
mattgodbolt/compiler-explorer,1/1/2017 0:00
mattgodbolt/gcc-explorer,1/1/2017 0:00
OverlordAkise/jquery-viewer,
factory-02/fedora-zstd,
factory-02/fedora-sscg,
factory-02/fedora-httpd,
factory-02/fedora-meta-redis,
factory-02/fedora-icecast,
factory-02/fedora-server-web,
factory-02/fedora-meta-nginx,
factory-02/fedora-meta-httpd,
factory-02/fedora-meta-mariadb,
factory-02/fedora-nginx,
factory-02/fedora-meta-php,
factory-02/fedora-freetype,
factory-02/fedora-mc,
factory-02/fedora-meta-ices,
factory-02/fedora-vsftpd,
factory-02/fedora-server-radio,
factory-02/fedora-meta-icecast,
factory-02/fedora-brotli,
factory-02/fedora-meta-radio,
factory-02/fedora-meta-system,
factory-02/fedora-ices,
mirth-lang/mirth,
MoochMcGee/PCBox,
MoosheTV/HyperFive,
morepurplemorebetter/MPMBs-Character-Record-Sheet,2016-12-01 00:00:00
mrmakeit/OCJS,
yuukidesu9/keiri-gen,2016-01-01 00:00:00
mtgjson/mtgjson,
mubaidr/bulma-fluent,6/1/2018 0:00
mubaidr/Javascript-Barcode-Reader,6/1/2018 0:00
mubaidr/vue-fluent,6/1/2018 0:00
mubaidr/bulma-addons,6/1/2018 0:00
mubaidr/bulma-pro,6/1/2018 0:00
Brramble/Brramble.github.io,2018-06-01 00:00:00
therewillbefun/cosmicblocks,2016-08-01 00:00:00
n-dimensiones/the_city_lost,
najs-framework/najs-eloquent,
najs-framework/najs-eloquent-example,
najs-framework/najs-eloquent-mongodb,
najs-framework/najs-eloquent-mongoose,
niftylettuce/email-templates,10/1/2018 0:00
ladjs/lad,10/1/2018 0:00
niftylettuce/forward-email,10/1/2018 0:00
niftylettuce/frisbee,10/1/2018 0:00
lassjs/lass,10/1/2018 0:00
cabinjs/cabin,10/1/2018 0:00
nikitavoloboev/my-mac-os,2017-09-01 00:00:00
nikitavoloboev/my-ios,2017-09-01 00:00:00
nikitavoloboev/dotfiles,2017-09-01 00:00:00
nikitavoloboev/alfred-my-mind,2017-09-01 00:00:00
nikitavoloboev/small-workflows,2017-09-01 00:00:00
nikitavoloboev/alfred-learn-anything,2017-09-01 00:00:00
nikitavoloboev/alfred-web-searches,2017-09-01 00:00:00
nikitavoloboev/alfred-awesome-lists,2017-09-01 00:00:00
nikitavoloboev/license-up,2017-09-01 00:00:00
nikitavoloboev/alfred-ask-create-share,2017-09-01 00:00:00
nikitavoloboev/build-to-learn,2017-09-01 00:00:00
nikitavoloboev/markdown-parser,2017-09-01 00:00:00
nikitavoloboev/vegan-recipes,2017-09-01 00:00:00
nikitavoloboev/alfred-trello,2017-09-01 00:00:00
nikitavoloboev/alfred-github,2017-09-01 00:00:00
nikitavoloboev/shell-search,2017-09-01 00:00:00
nikitavoloboev/euler,2017-09-01 00:00:00
nikitavoloboev/leetcode,2017-09-01 00:00:00
nzakas/understandinges6,2016-01-01 00:00:00
LambdaBooks/understandinges6ua,2016-01-01 00:00:00
ohlookitsderpy/Mue,
ohlookitsderpy/MediaRPC,
OJ/clr-meterpreter,
justincolangelo/AudioPluginBase,2018-02-01 00:00:00
omarroth/invidious,
aasimsani/openedme,
orels1/landing-discord-red,2017-01-01 00:00:00
orels1/statusreport,2017-01-01 00:00:00
orels1/Red-Portal,2017-01-01 00:00:00
orels1/Red-Portal-Status,2017-01-01 00:00:00
ortus-docs/Modern-ColdFusion-CFML-In-100-Minutes,
oskikiboy/AwesomeTemplate,
owsas/parse-cloud-class,10/1/2018 0:00
owsas/parse-offline,10/1/2018 0:00
owsas/nominatim,10/1/2018 0:00
owsas/open-categories,10/1/2018 0:00
owsas/parse-server-addon-cloud-algolia,10/1/2018 0:00
owsas/parse-query-gen,10/1/2018 0:00
owsas/react-module-template,10/1/2018 0:00
owsas/imageboss,10/1/2018 0:00
owsas/imageboss-js,10/1/2018 0:00
owsas/parse-loader,10/1/2018 0:00
owsas/react-image-lightbox-fit,10/1/2018 0:00
owsas/detect-link-type,10/1/2018 0:00
owsas/text-trimmer,10/1/2018 0:00
owsas/pubsub-replay,10/1/2018 0:00
owsas/typescript-module-template,10/1/2018 0:00
owsas/pubnub-react-counter,10/1/2018 0:00
owsas/responsive,10/1/2018 0:00
owsas/parse-query-map,10/1/2018 0:00
owsas/parse-text-search,10/1/2018 0:00
owsas/image-to-b64,10/1/2018 0:00
owsas/parse-service,10/1/2018 0:00
bderiso/pCleaner-server,
bderiso/pCleaner,
pi-hole/FTL,2018-05-01 00:00:00
protolabs/jsongen,
plexus/chestnut,2016-07-01 00:00:00
andkret/Cookbook,2018-11-01 00:00:00
pomber/git-history,2019-02-01 00:00:00
pomber/code-surfer,2019-02-01 00:00:00
pomber/didact,2019-02-01 00:00:00
pomber/hitchcock,2019-02-01 00:00:00
pomber/write-code-online,2019-02-01 00:00:00
Bogdanp/dramatiq,2019-02-01 00:00:00
Bogdanp/molten,2019-02-01 00:00:00
potato4d/nuxt-maintenance-mode,2018-12-01 00:00:00
emacs-helm/helm,
goxr3plus/XR3Player,
goxr3plus/FX-BorderlessScene,
goxr3plus/Java-Speech-Recognizer-Tutorial--Calculator,
goxr3plus/java-stream-player,
goxr3plus/JavaFX-Ikonli-Font-Icons-Tutorials,
qdot/millionbounce-js,2018-05-01 00:00:00
forestguild/theme,
Rayzr522/DecoHeads,2017-04-01 00:00:00
maroianenasrellah/remifr,2018-07-01 00:00:00
renepickhardt/The-Lightning-Network-Book,2018-12-01 00:00:00
retke/Laggrons-Dumb-Cogs,
RobinKuiper/Roll20APIScripts,2018-05-01 00:00:00
roccomuso/iot-433mhz,12/1/2017 0:00
roccomuso/netcat,12/1/2017 0:00
roccomuso/kickthemout,12/1/2017 0:00
roccomuso/node-webhooks,12/1/2017 0:00
roccomuso/no-ip,12/1/2017 0:00
roccomuso/transfer-sh,12/1/2017 0:00
roccomuso/seashells,12/1/2017 0:00
roccomuso/pv,12/1/2017 0:00
roccomuso/nc,12/1/2017 0:00
roccomuso/WhereIsMyPi,12/1/2017 0:00
roccomuso/netrat,12/1/2017 0:00
roccomuso/gtranslate,12/1/2017 0:00
roccomuso/rtc-web-term,12/1/2017 0:00
roccomuso/rtc-shell,12/1/2017 0:00
roccomuso/react-web-terminal,12/1/2017 0:00
ryanatkn/cosmicplayground,
safebash/opencrypto,
samdenty/Wi-PWN,
samdenty/injectify,
BluestNight/BluestNight,
shalvah/oldtweets.today,
shirshak55/Bee-Connect,
simonfrey/mastodon_wordpress_autopost,
Ind3xOnGitHub/vrchat-world-tracking,2019-04-01 00:00:00
swaywm/sway,2017-04-01 00:00:00
ddevault/pass-rotate,2017-04-01 00:00:00
ddevault/aerc,2017-04-01 00:00:00
onurmutlu/lastik,
onurmutlu/kaave,
onurmutlu/app,
onurmutlu/siyahkare,
SplitPixl/snekbot,
nhattran134/Pudu-4.0,
soatok/faq-off,2019-04-01 00:00:00
soatok/fursona-sticker-switcher,2019-04-01 00:00:00
soatok/dholecrypto-js,2019-04-01 00:00:00
soatok/dhole-cryptography,2019-04-01 00:00:00
reyesvicente/Soul-Heist-Music,
spacehuhn/esp8266_deauther,2017-09-01 00:00:00
spacehuhn/esp8266_beaconSpam,2017-09-01 00:00:00
spacehuhn/SimpleCLI,2017-09-01 00:00:00
spacehuhn/WiFiSatellite,2017-09-01 00:00:00
DhiyaneshGeek/NodeMCU-ESP8266,2017-09-01 00:00:00
Pa1kumar1997/Wifijammer-Deauther,2017-09-01 00:00:00
twdsje/AdvancedCryptoOrderTape,2017-12-01 00:00:00
SpeechlessVoice/SpeechlessVoiceAPI,
JingTang97/Steam-Exploring-Project,2016-01-01 00:00:00
stormdragon2976/bashtuner,
sudtanj/gas-InstagramApp,
skullface/design-resources,2018-05-01 00:00:00
messydesign/design-resources,2018-05-01 00:00:00
tallero/PGPgram,2018-10-01 00:00:00
tallero/Daty,2018-10-01 00:00:00
tallero/connotati,2018-10-01 00:00:00
tallero/alsangue,2018-10-01 00:00:00
tallero/trovotutto,2018-10-01 00:00:00
tamiat/tamiat,
tannerlinsley/react-table,
zxz054321/laravel4china,2018-07-01 00:00:00
nothing628/ai-cms2,2018-07-01 00:00:00
LaraShout/laravel-ecommerce-application,2018-07-01 00:00:00
exula/Proxmox-Dashboard,2018-07-01 00:00:00
itarafath/lm,2018-07-01 00:00:00
dongdonggo/laravel_socket,2018-07-01 00:00:00
gazben/mediumfigyelo.hu,2018-07-01 00:00:00
Verseghy/website_backend,2018-07-01 00:00:00
jhuhandha/api-rest-jwt-laravel-5.7,2018-07-01 00:00:00
firstmeet/laravel-admin-blog,2018-07-01 00:00:00
yallagroup/webDownloadFree,2018-07-01 00:00:00
ypshe/school,2018-07-01 00:00:00
pyc2238/NEITTER,2018-07-01 00:00:00
KrunalLathiya/Laravel5.5MultipleImagesUpload,2018-07-01 00:00:00
javedbaloch4/laravel-ecommerce,2018-07-01 00:00:00
AppSynergy/killteams.com,2018-07-01 00:00:00
windii-legend/laravel-docker-compose-example,2018-07-01 00:00:00
MouadZIANI/posts,2018-07-01 00:00:00
vishnusharmax/Laravel-5.7-materialize-theme,2018-07-01 00:00:00
playahk/laravel-kubernetes,2018-07-01 00:00:00
tomoyamachi/docker-laravel-fpm-7.3,2018-07-01 00:00:00
davis67/merrylandProject,2018-07-01 00:00:00
XiaoMengaa/panda,2018-07-01 00:00:00
MVNino/pipms,2018-07-01 00:00:00
LittleMat/AffordableFood,2018-07-01 00:00:00
edwardlorilla/jquery-datatable,2018-07-01 00:00:00
radiowarwick/digiplay-laravel,2018-07-01 00:00:00
deyvsonaguiar/agenciaturismo,2018-07-01 00:00:00
nsosi/openhelpdesk,2018-07-01 00:00:00
srvaudit/srvAudit,2018-07-01 00:00:00
sangnguyenplus/laravel-package-demo,2018-07-01 00:00:00
JuanDMeGon/API-RESTful-Laravel-5.5,2018-07-01 00:00:00
Alexits93/alexitspatrik,2018-07-01 00:00:00
Collbook/rest-api,2018-07-01 00:00:00
nhatquan160697/quanlyvanban,2018-07-01 00:00:00
dheoprasetyo/PHP-LaPer-Laravel-Perpustakaan-,2018-07-01 00:00:00
Collbook/restfuls,2018-07-01 00:00:00
emris97/asuctf,2018-07-01 00:00:00
rafiffavian/masjidku2,2018-07-01 00:00:00
javierortegon/sistemaPagosArriendos,2018-07-01 00:00:00
byCedric/Laravel-Now-Example,2018-07-01 00:00:00
Webhero9297/Invest-Website-CryptoCurrency,2018-07-01 00:00:00
edwardlorilla/rest-api,2018-07-01 00:00:00
shishir75/Laravel-Inventory-Management-System-Project,2018-07-01 00:00:00
Shilza/Rodger,2018-07-01 00:00:00
NaraSurya/Simpel,2018-07-01 00:00:00
nafiesl/simple-crud-generator-example,2018-07-01 00:00:00
JesBrian/Music-House-Backstage-Laravel,2018-07-01 00:00:00
Collbook/pgsql-bookmark,2018-07-01 00:00:00
ibrahimW/Todo,2018-07-01 00:00:00
blackbrs/sistema-bibliotecario,2018-07-01 00:00:00
ththth0303/laravel-vue-coreui,2018-07-01 00:00:00
aanazim/Blog,2018-07-01 00:00:00
khirulnizam/start1,2018-07-01 00:00:00
zawyehtet/rainbow,2018-07-01 00:00:00
sahandMg/etrix,2018-07-01 00:00:00
tilakpoudel/NepathyaCms,2018-07-01 00:00:00
jwwb681232/w-api,2018-07-01 00:00:00
Goodluckhf/vk-poster-v2,2018-07-01 00:00:00
m-antoni/login_qrcode,2018-07-01 00:00:00
LIQRGV/lara-example-api,2018-07-01 00:00:00
olekturbo/laravel-shop,2018-07-01 00:00:00
Oswaldgerald/oswald-crud-Laravel-5.6-Admin-Lte,2018-07-01 00:00:00
munza/laravel-ddl,2018-07-01 00:00:00
ignacio977/hotel1,2018-07-01 00:00:00
hajidalakhtar/hubin-starbhak-v2,2018-07-01 00:00:00
A-Marzouk/resume-manager,2018-07-01 00:00:00
ShakilAhmmed/human_resource_management,2018-07-01 00:00:00
KlasArmando/laravel2b-sharvan-wishal-lorenzo,2018-07-01 00:00:00
NahianAhmed/laravel_custom_link-email-verification-reset-password-,2018-07-01 00:00:00
Susmitabhusal/crud,2018-07-01 00:00:00
MasahiroHarada/laravel-tutorial,2018-07-01 00:00:00
AdinoWayne/phone,2018-07-01 00:00:00
Collbook/sqllite-vuejs,2018-07-01 00:00:00
Hacivat/student-social-network,2018-07-01 00:00:00
tsuthesan/myshop,2018-07-01 00:00:00
raselpy/indexing,2018-07-01 00:00:00
shengtaolee/laravel-api,2018-07-01 00:00:00
yud14n4/surat_masuk_2,2018-07-01 00:00:00
akshaywaghmare/Laravel-Vue-Admin-with-ALC,2018-07-01 00:00:00
JonahKlimack/ProgrammingPolice,2018-07-01 00:00:00
janaka531/TwoFA-Karix,2018-07-01 00:00:00
ugurakyol/Customer-Registration,2018-07-01 00:00:00
JaFex/DAD-Project,2018-07-01 00:00:00
Medshotone/laravel-blog,2018-07-01 00:00:00
kamrultouhids/laravel-ACL-with-vuejs,2018-07-01 00:00:00
Collbook/photos,2018-07-01 00:00:00
edwardlorilla/adveritising_online,2018-07-01 00:00:00
shishir75/Laravel-Helpers,2018-07-01 00:00:00
chuayta93/Proyecto-latiGO,2018-07-01 00:00:00
deepaksabat/JobFair,2018-07-01 00:00:00
franklinmatos/laravel55-saldo,2018-07-01 00:00:00
rafiudd/simple-api-laravel,2018-07-01 00:00:00
benoitrongeard/laravel-tp-facebook,2018-07-01 00:00:00
dtlucho/proyecto-integrador-laravel,2018-07-01 00:00:00
vanijor/SGAAM1,2018-07-01 00:00:00
ajigaFelix/careerpro,2018-07-01 00:00:00
Sneijder21/WEB-Dropbox,2018-07-01 00:00:00
quanghung97/SPA-laravel-vuejs,2018-07-01 00:00:00
nthieu98/book-shop-laravel,2018-07-01 00:00:00
SimplonCahors/EyeTracking_Laravel,2018-07-01 00:00:00
qit0510/larvel_moer_back_end,2018-07-01 00:00:00
thearyanahmed/hashnode-educational-platform-with-forum,2018-07-01 00:00:00
AshutoshChoubey/laravelGst,2018-07-01 00:00:00
ELATTARIYassine/cattle-manager,2018-07-01 00:00:00
spottyladybug/ForSalvation,2018-07-01 00:00:00
mohsen340/highschool,2018-07-01 00:00:00
shishir75/Laravel-Socialite-Social-Login,2018-07-01 00:00:00
emrullahshn/laravel_blog,2018-07-01 00:00:00
JuanDMeGon/HTTP-Client-with-Laravel-Definitive-Guide,2018-07-01 00:00:00
shishir75/Google-Charts-in-Laravel-5.8,2018-07-01 00:00:00
faridoonyousafi123/e-learning-laravel-5.6-vue.js-2.0,2018-07-01 00:00:00
Arkanius/trello-watcher,2018-07-01 00:00:00
tosite0345/nicocale.php,2018-07-01 00:00:00
mariam-egm/laravel-course-intake39,2018-07-01 00:00:00
KevinLovgren/hestochpony,2018-07-01 00:00:00
schoolofnetcom/watson-iniciante-laravel,2018-07-01 00:00:00
Sjk-Lacoste/octs,2018-07-01 00:00:00
alejandrocepeda/git-superfuds,2018-07-01 00:00:00
amritms/inventory-management-system,2018-07-01 00:00:00
rasrobin/laravel-demo,2018-07-01 00:00:00
mateusKoppe/laravel-notes-example,2018-07-01 00:00:00
Luana-Oliveira/esII-coaching,2018-07-01 00:00:00
keytouniverse/projektas,2018-07-01 00:00:00
Armen96/Laravel-Lamp-AWS-EC2,2018-07-01 00:00:00
wangyi-laravel/laravel-wangyi,2018-07-01 00:00:00
lucasbache/SupFile,2018-07-01 00:00:00
olakehinde/voting-app,2018-07-01 00:00:00
marvelperseus/Laravel-Vue,2018-07-01 00:00:00
tanh123678/prode,2018-07-01 00:00:00
happyphper/laravel-course,2018-07-01 00:00:00
Cperbony/code-shopping,2018-07-01 00:00:00
bricehartmann/laravel-task-app,2018-07-01 00:00:00
Kyerloh/Graphic-Store-Ecommerce,2018-07-01 00:00:00
damarp2017/premio,2018-07-01 00:00:00
FahadShahid143/EatOrganic,2018-07-01 00:00:00
0x15f/printmytweets.coffee,2018-07-01 00:00:00
iamprazol/Blood,2018-07-01 00:00:00
teja42/Rigel.pro-FileBrowser,
obudget/core,
obudget/web,
obudget/about,
theaudioprogrammer/juceParameterTutorial,2019-05-01 00:00:00
theaudioprogrammer/flexboxTutorial,2019-05-01 00:00:00
theweavrs/BreadPlayer,2017-07-01 00:00:00
TotwiseAnubis/UnrealClassRenamer,
dijitlalchemy/LWTC,
TheOuterLinux/Contact-or-Follow,
ThePhD/sol2,2018-08-01 00:00:00
teamisotope/OpenMechanics,
ttimbers/datascience_twitter_starterpack,2017-06-01 00:00:00
tidusjar/Ombi,2018-02-01 00:00:00
tkkntkkn/natures-pretty-sweet,2018-09-01 00:00:00
tonsky/FiraCode,2018-08-01 00:00:00
tonsky/AnyBar,2018-08-01 00:00:00
tonsky/datascript,2018-08-01 00:00:00
tonsky/rum,2018-08-01 00:00:00
tonsky/Universal-Layout,2018-08-01 00:00:00
jotego/jt51,2019-05-01 00:00:00
jotego/jt49,2019-05-01 00:00:00
jotego/jt89,2019-05-01 00:00:00
jotego/jtframe,2019-05-01 00:00:00
GabLeRoux/unity3d-ci-example,2017-06-01 00:00:00
qwertyuu/unity-ci-example,2017-06-01 00:00:00
tryhtml/tryhtml,
tylercubell/billing,
typicode/json-server,5/1/2017 0:00
typicode/hotel,5/1/2017 0:00
Tyrrrz/YoutubeExplode,
Tyrrrz/DiscordChatExporter,
Tyrrrz/CliWrap,
Tyrrrz/YoutubeDownloader,
Tyrrrz/Onova,
Tyrrrz/OsuHelper,
Tyrrrz/YoutubeExplode.Converter,
Tyrrrz/Extensions,
Tyrrrz/Gress,
Tyrrrz/Failsafe,
Tyrrrz/LockFile,
Tyrrrz/Hashsum,
ulivz/donate,2019-05-01 00:00:00
nextsigner/yosoy,
nextsigner/unik,
unix121/i3wm-themer,
unix121/VortexCrawler,
urosjarc/gitbook-plugin-build,
urosjarc/generator-generator2,
urosjarc/jsdoc-plugin-testSpec,
urosjarc/maestro,
apachano/rimworld-sw-race-wookie,2018-08-01 00:00:00
krgamestudios/Tortuga,
krgamestudios/Dungeon,
harvy2004/ChestLabelSystem,
mojs/mojs,2018-12-01 00:00:00
farmer-dean/farmer-dean.github.io,
euforia/ladon,
timdang/tech49_theme,
crypto49er/Gekko-DCA,
destrodevianne/L2jEventEngine,
destrodevianne/AllVsAll,
destrodevianne/TeamVsTeam,
destrodevianne/CaptureTheFlag,
aurgiyalgo/SlimefunNukes,
trikko/vasaro,
nataliasulkama/todo-tutorial,2016-10-01 00:00:00
ghys/openhab-ui-f7,2016-10-01 00:00:00
nataliasulkama/todo,2016-10-01 00:00:00
emmanuel39hanks/WeatherApp,
watzon/cadmium,
watzon/tourmaline,
waylonflinn/webnn,12/1/2016 0:00
PassTheWessel/ArrayUtil,
withfatpanda/auth-plugin-wordpress,
wnielson/Plex-Remote-Transcoder,
wookay/journal,
Xeltica/DotFeather,
XorTroll/Plutonium,
chinanf-boy/live-need-money,
chinanf-boy/pkg-scripts,
chinanf-boy/node-modules-size,
chinanf-boy/dirs-list,
chinanf-boy/clean-set-explain,
chinanf-boy/template-electron-vue-yobrave,
chinanf-boy/devdocs-egoist-explain,
yumtee/yum-boilerplate,
yumtee/beauty-page,
yuya373/emacs-slack,
yamdbf/core,6/1/2017 0:00
zajrik/yamdbf,6/1/2017 0:00
pgrn/mami-the-spoiler-bot,
pgrn/discord-soundmoji,
Miserlou/Zappa,2017-02-01 00:00:00
Miserlou/NoDB,2017-02-01 00:00:00
Miserlou/zappa-django-utils,2017-02-01 00:00:00
zyndor/xrhodes,
Roll20/roll20-character-sheets,
Roll20/roll20-api-scripts,
oxguy3/patreon-api,
0x0ade/DuckGame-Linux,2016-10-01 00:00:00
0x0ade/rotonde-tonne,2016-10-01 00:00:00
0x0ade/ImGuiCS,2016-10-01 00:00:00
0xafbf/blender-datasmith-export,
drcmda/immer-wieder,
drcmda/react-higher-order,
nhanb/com.nerdyweekly.animated,2016-09-01 00:00:00
1click-extensions/1click-webpage-screenshot,2018-03-01 00:00:00
1click-extensions/1click-webcam-to-gif,2018-03-01 00:00:00
1click-extensions/1click-resize,2018-03-01 00:00:00
1click-extensions/1click-merge-windows,2018-03-01 00:00:00
1click-extensions/1click-edit-web-image,2018-03-01 00:00:00
1click-extensions/1click-25-minutes-notify,2018-03-01 00:00:00
1click-extensions/1click-edit-image,2018-03-01 00:00:00
1click-extensions/1click-short-link,2018-03-01 00:00:00
1click-extensions/1click-resize-to-half,2018-03-01 00:00:00
1click-extensions/1click-about-us,2018-03-01 00:00:00
1click-extensions/1click-pick-color,2018-03-01 00:00:00
1click-extensions/1click-selfie-meme,2018-03-01 00:00:00
1click-extensions/1click-is-site-down,2018-03-01 00:00:00
1click-extensions/1click-webcam-capture-and-share,2018-03-01 00:00:00
1click-extensions/1click-edit-page-content,2018-03-01 00:00:00
1click-extensions/1click-faster-browser,2018-03-01 00:00:00
1click-extensions/1click-webcam-capture-and-save-as-png,2018-03-01 00:00:00
1click-extensions/1click-stream-webcam,2018-03-01 00:00:00
1click-extensions/1click-pause-history,2018-03-01 00:00:00
1click-extensions/1click-share-screenshot,2018-03-01 00:00:00
1click-extensions/1click-stream-desktop,2018-03-01 00:00:00
1click-extensions/1click-clipboard-history,2018-03-01 00:00:00
1click-extensions/1click-history-screenshots,2018-03-01 00:00:00
1click-extensions/1click-notepad,2018-03-01 00:00:00
1click-extensions/1click-session-saver,2018-03-01 00:00:00
1click-extensions/1click-share-clipboard-image,2018-03-01 00:00:00
1click-extensions/1click-screenshot-visible-to-png,2018-03-01 00:00:00
1click-extensions/1click-paint-brush,2018-03-01 00:00:00
1click-extensions/1click-calculator,2018-03-01 00:00:00
1click-extensions/1click-emoji-everywhere,2018-03-01 00:00:00
1click-extensions/1click-entire-page-save-as-png,2018-03-01 00:00:00
1click-extensions/1click-start-page-wikipedia-random,2018-03-01 00:00:00
1click-extensions/1click-bitcoin-balance,2018-03-01 00:00:00
1click-extensions/1click-entire-page-share,2018-03-01 00:00:00
1click-extensions/1click-bitcoin-cash-balance,2018-03-01 00:00:00
1click-extensions/1click-facebook-reader,2018-03-01 00:00:00
1click-extensions/1click-blockchain-balance,2018-03-01 00:00:00
1click-extensions/1click-time-converter,2018-03-01 00:00:00
1click-extensions/1click-history-stats,2018-03-01 00:00:00
1click-extensions/1click-start-page-random-facebook-friend,2018-03-01 00:00:00
1click-extensions/1click-ethereum-balance,2018-03-01 00:00:00
3lvis/Sync,
3raxton/ForeignIpsum,
3raxton/JobsOrgan,
3raxton/Homesick,
agbowlin/warframe-caddy,2016-01-01 00:00:00
McGuten/5DimsFactorioMods,
5TechCenter/ReactCMS,
7frank/vr-sandbox,
aa2g/AA2Unlimited,2019-03-01 00:00:00
ABTOMAT/ABTOTools3dsMax,
ABTOMAT/ReinforceIt-3dsMax,
AM-STUDIO/32-FUNCTION-BUTTON-BOX,
AM-STUDIO/LOGITECH_USB_ADAPTER,
The-AWATIM-Project/the-first-awatim,
adsau59/fishyboteso,
CEObrainz/Botw-AutoMipping,
CEObrainz/CEO-Cogs,
LordAkkarin/BaseDefense2,
Cippman/Unity-InterfaceReference,
Cippman/Unity-OneShotCoroutine,
aletheia-foundation/aletheia-admin,
AlexAltea/orbital,2018-02-01 00:00:00
autoNumeric/autoNumeric,
autoNumeric/vue-autoNumeric,
andreaskasper/docker-livestream-facebook,
andreaskasper/alexa-php-endpoint,
SouthernFriedScientist/DolphinView,2015-03-01 00:00:00
SouthernFriedScientist/IR-Scanner,2015-03-01 00:00:00
SouthernFriedScientist/reStepper,2015-03-01 00:00:00
TyrfingMjolnir/awesome-cliff-burton,2018-05-01 00:00:00
lilith645/Maat-Editor3D,
lilith645/Maat-Graphics,
Arcaratus/BloodArsenal,
Arcaratus/Sleep,
kris701/ArduLED,
AllenOliver/Unity-PlayerPrefsExtension,2018-03-01 00:00:00
AllenOliver/MatrixOperations,2018-03-01 00:00:00
artemanufrij/playmymusic,2019-03-01 00:00:00
artemanufrij/webpin,2019-03-01 00:00:00
artemanufrij/imageburner,2019-03-01 00:00:00
artemanufrij/playmyvideos,2019-03-01 00:00:00
artemanufrij/screencast,2019-03-01 00:00:00
artemanufrij/regextester,2019-03-01 00:00:00
artemanufrij/metronome,2019-03-01 00:00:00
artemanufrij/showmypictures,2019-03-01 00:00:00
artemanufrij/hashit,2019-03-01 00:00:00
artemanufrij/graphui,2019-03-01 00:00:00
artemanufrij/translit,2019-03-01 00:00:00
artemanufrij/findfileconflicts,2019-03-01 00:00:00
Arthur-Milchior/anki-enhance-main-window,
Arthur-Milchior/anki-copy-note,
Arthur-Milchior/anki-change-note-type,
Arthur-Milchior/anki-deck-prefix-edit,
Arthur-Milchior/anki-template-card-type,
Arthur-Milchior/anki-export-from-browser,
Arthur-Milchior/anki-tag-missing-medias,
Arthur-Milchior/anki-readable-addon-folders,
Arthur-Milchior/anki-empty-first-field,
Arthur-Milchior/anki-empty-new-cards,
Arthur-Milchior/anki-better-database,
Arthur-Milchior/anki-database-check-explained,
Arthur-Milchior/anki-fast-note-type-editor,
Arthur-Milchior/anki-compile-latex-early,
Arthur-Milchior/anki-restore-deleted-note,
Arthur-Milchior/anki-show-html,
Arthur-Milchior/anki-big-addon,
Arthur-Milchior/anki-correct-deck-name-in-note-type-editor,
Arthur-Milchior/anki-note-deletion,
Arthur-Milchior/anki-Multiple-Windows,
Arthur-Milchior/anki-change-options-recursively,
Arthur-Milchior/anki-better-card-generation,
Arthur-Milchior/anki-full-search,
Arthur-Milchior/anki-relation,
Arthur-Milchior/anki-time-in-browser,
Arthur-Milchior/anki-debug-json,
Arthur-Milchior/anki-clean-Default,
Arthur-Milchior/anki-style-around-fields,
Arthur-Milchior/anki-correct-due,
Arthur-Milchior/anki-keep-model-in-add-cards,
Arthur-Milchior/anki-keep-empty-note,
Arthur-Milchior/anki-json-new-line,
Arthur-Milchior/anki-clearer-empty-card,
AuraDevelopmentTeam/BungeeChat2,
AuraDevelopmentTeam/VersionLib,
AuraDevelopmentTeam/SerializableTemporalAmount,
AutoMcDonough/PocketGear,2018-07-01 00:00:00
AzeriteTeam/AzeriteUI,2016-03-01 00:00:00
AzeriteTeam/Masque_ArcaneStone,2016-03-01 00:00:00
AzeriteTeam/Bagnon_BoE,2016-03-01 00:00:00
AzeriteTeam/Bagnon_Garbage,2016-03-01 00:00:00
AzeriteTeam/Bagnon_Uncollected,2016-03-01 00:00:00
AzeriteTeam/Bagnon_ItemLevel,2016-03-01 00:00:00
AzeriteTeam/Masque_Azerite,2016-03-01 00:00:00
AzeriteTeam/Masque_Diabolic,2016-03-01 00:00:00
AzeriteTeam/Masque_Dragon,2016-03-01 00:00:00
AzeriteTeam/Masque_SpikyStone,2016-03-01 00:00:00
AzeriteTeam/Masque_BrassCogs,2016-03-01 00:00:00
AzeriteTeam/Masque_Goldpaw,2016-03-01 00:00:00
AzeriteTeam/Bagnon_ItemInfo,2016-03-01 00:00:00
AzeriteTeam/SimpleClassPower,2016-03-01 00:00:00
AzeriteTeam/GoldpawUI,2016-03-01 00:00:00
AzeriteTeam/DiabolicUI,2016-03-01 00:00:00
AzuraCast/AzuraCast,2018-06-01 00:00:00
Parallelcube/UE4_T-Spectrum,
Parallelcube/UE4_T-ThirdpartyLib,
Parallelcube/UE4_T-Outline,
Parallelcube/UE4_T-Canvas,
Parallelcube/UE4_Tutorial-Leaderboard,
Parallelcube/UE4_T-PostProcess,
backofficeshow/Commodore-1541-emulator-pi-Hat,2017-10-01 00:00:00
BayatGames/RedRunner,
BayatGames/SaveGameFree,
BayatGames/BinaryFormatter,
BayatGames/JsonFormatter,
BayatGames/SaveGamePro,
BayatGames/SerializerFree,
BayatGames/Support,
Kam3leoN/Kam3leoN_Discord,
tanakasama/GatchaEngine,
Believotron/Believotronics,2018-01-01 00:00:00
bernardomacedo/laravel-skuable,
Berserker66/omnitool,
Berserker66/FactorioManager,
Cscuile/BetaOne,2019-03-01 00:00:00
BigBlueHat/BlueInk,8/1/2016 0:00
BigBlueHat/clusers,8/1/2016 0:00
BigBlueHat/vue-pouchdb,8/1/2016 0:00
BigBlueHat/hypercouch,8/1/2016 0:00
BigBlueHat/testing-json-ld,8/1/2016 0:00
BigBlueHat/rel-edit-form,8/1/2016 0:00
BigBlueHat/blueink-template-blank,8/1/2016 0:00
Binaergewitter/serious-bg,2017-04-01 00:00:00
Bioblaze/Clanbot,
Bioblaze/Guildbot,
Bioblaze/Devbot,
WayofTime/BloodMagic,2015-08-01 00:00:00
WayofTime/Lux,2015-08-01 00:00:00
BlueHuskyStudios/Pixel-Art-Resizer,
BlueLightOS/bluelight,
Ben987/Bondage-College,
Borealisapp/Borealis,
BricoloDuDimanche/KotlinMemer,
BricoloDuDimanche/Granite,
BricoloDuDimanche/Basalt,
linchangjian/LibgdxMario,2015-09-01 00:00:00
ManzDev/codevember2017,2015-08-01 00:00:00
bzaPetey/Click-To-Move,2017-12-01 00:00:00
DominicMaas/Tango,
spiiin/CadEditor,2016-11-01 00:00:00
4Kaylum/MarriageBot,2017-12-01 00:00:00
CampbellCrowley/SpikeyBot-Discord,2018-11-01 00:00:00
teryror/4tld,
AntriKodSoft/ColorHub,
CheetaTech/ColorHub,
ChelseaStats/TheChels.co.uk-Data,
snakeMax/Animoue-Bot,
ChristopherA/self,
Cibbi/Toony-standard,
Coffee-fueled-deadlines/OSRS-JSON-Item-Information,
Colin03129/WeatherCal,
CorrM/Unreal-Finder-Tool,
DIYgod/RSSHub,6/1/2018 0:00
MoePlayer/DPlayer,6/1/2018 0:00
DIYgod/DPlayer,6/1/2018 0:00
cdnbye/P2P-DPlayer,6/1/2018 0:00
Dallas-Makerspace/vcc-grid-os-ui,
WeNeedCoffee/UBFunkeysRDF,2019-02-01 00:00:00
danhunsaker/calends,2016-08-01 00:00:00
RebornRider/ShaderInUnityWorkshop,2018-03-01 00:00:00
DanielAccorsi/drybonesvalley,
NNTmux/newznab-tmux,2018-12-01 00:00:00
DarkStarSword/StereoCropper,2016-03-01 00:00:00
DarkStarSword/3d-fixes-DreamfallChapters,2016-03-01 00:00:00
DarkStarSword/3d-fixes-WATCH_DOGS2,2016-03-01 00:00:00
DaveWoodCom/XCGLogger,
DavidXanatos/wumgr,2018-11-01 00:00:00
shadow-absorber/lore,2016-12-01 00:00:00
cage433/left-wing-podcasts,2019-01-01 00:00:00
Herd25/Pygame-Examples,
Herd25/GitStatusHUBInit,
Herd25/GitStatusHUBGedit,
Herd25/COMPILERGLOBALGEDIT,
Herd25/GlobalCompilerGEDIT,
martinfitzjerl/Election,
martinfitzjerl/Applications,
skydel0/Liquido,
dirtyredz/Regenerative-Asteroids,
dirtyredz/LogLevels,
dirtyredz/MoveUI,
Error998/Mod-Tutor,
DrRoach/DynamicImage,
DrWeeb/The-Ruins-of-Luxoria,2019-04-01 00:00:00
suppayami/yami-small-plugins,2015-11-01 00:00:00
Pavan77750/Dragonfire,
DuelMonster/MinersAdvantage,
DuelMonster/SuperMiner,
phranck/podlive-macos,
ebots/ebots.github.io,
EmperorOfTheInternet/DarkRPG,
Entomy/Offbase-theme,
Entomy/Spin-vscode,
maximenz/Kaku,
MKme/OpenCast,2017-10-01 00:00:00
cheke/MultiPacker-SourceCode,
EtiamNullam/Etiam-ONI-Modpack,
shirshak55/VeganFAQ,2015-08-01 00:00:00
llybin/TelegramExchangeRatesBot,
Fazendaaa/podsearch_bot,
Fazendaaa/AnilistBot,
Fazendaaa/I-m-a-Spoiler-Bot,
Fazendaaa/LanguageMotherfucker,
Fazendaaa/freepikScrapping,
Fazendaaa/MDNSearch,
Fazendaaa/MDNSearchBot,
Fazendaaa/FreepikBot,
FaztTech/Flexbox-nodejs,
FaztTech/Fazt_TwoCompany_webdesign,
FaztTech/react-tasks,
Filmos/FCU,
FlagBrew/Checkpoint,2018-10-01 00:00:00
FlagBrew/PKSM,2018-10-01 00:00:00
Spomky-Labs/otphp,
web-token/jwt-framework,
Spomky-Labs/base64url,
web-auth/webauthn-framework,
Spomky-Labs/php-aes-gcm,
Spomky-Labs/aes-key-wrap,
Spomky-Labs/u2f-php,
Spomky-Labs/lexik-jose-bridge,
web-auth/webauthn-lib,
Spomky-Labs/cbor-php,
web-auth/webauthn-symfony-bundle,
Spomky-Labs/cbor-bundle,
Cotya/magento-composer-installer,2017-11-01 00:00:00
ForLoveOfCats/SkyOfSteel,
FormerLurker/Octolapse,2018-04-01 00:00:00
FreezingMoon/AncientBeast,2016-12-01 00:00:00
FrogSquare/GodotFireBase,2017-10-01 00:00:00
FrogSquare/GodotAds,2017-10-01 00:00:00
FrogSquare/GodotGoogleService,2017-10-01 00:00:00
FrogSquare/HappyCrush,2017-10-01 00:00:00
FrogSquare/GodotUI,2017-10-01 00:00:00
FrogSquare/DodgeB,2017-10-01 00:00:00
FubarDevelopment/FtpServer,
FubarDevelopment/WebDavServer,
FubarDevelopment/PamSharp,
FutureMillennium/Screenshot-YouTube,
FutureMillennium/Gongfu-Tea-Timer,
FutureMillennium/Helmholtz-Pitch-Notation-Converter,
FutureMillennium/Download-Tumblr-raw,
MadDeCoDeR/Open_Platform,
teodorandrei/ChatCover,
mschot/mycroft-smartthings,2018-05-01 00:00:00
inib/minebot-scripts,2016-02-01 00:00:00
GingerLoaf/UnityEventDemonstration,
BaileyGingerTechnology/PackerSystems,
BaileyGingerTechnology/ScoringEngine,
guilds-plugin/Guilds,2017-09-01 00:00:00
Oribuin/BabyOri,
montsigur/youtube-cli,
rokrodic/USB-Keyboard,
rokrodic/uroflow,
rokrodic/router_rebooter_arduino,
InspireNXE/TimeWarp,
letscontrolit/ESPEasy,2018-08-01 00:00:00
GuillaumeGomez/rust-GSL,2017-12-01 00:00:00
jablonsk19/HTA,
vuese/vuese,
HcySunYang/sao-hcy-nm,
HectorPulido/Evolutionary-Neural-Networks-on-unity-for-bots,2018-05-01 00:00:00
HectorPulido/Unity-Battle-Royale-game-Made-With-Unity,2018-05-01 00:00:00
HectorPulido/Unity-MMO-Framework,2018-05-01 00:00:00
HectorPulido/Multi-layer-perceptron,2018-05-01 00:00:00
HectorPulido/UnityTurnBasedCombatSystem,2018-05-01 00:00:00
HectorPulido/UnitySimpleInventorySystem,2018-05-01 00:00:00
HectorPulido/Unity-Arpg-Online,2018-05-01 00:00:00
HectorPulido/Imitation-learning-in-unity,2018-05-01 00:00:00
HectorPulido/Unity-Rewind-Mechanic,2018-05-01 00:00:00
HectorPulido/Simple-RTS-Made-With-Unity,2018-05-01 00:00:00
HectorPulido/Contra-Like-game-made-with-unity,2018-05-01 00:00:00
HectorPulido/Beat-em-up-made-with-unity,2018-05-01 00:00:00
HectorPulido/Simple_Linear_Algebra,2018-05-01 00:00:00
HectorPulido/Chatbot-seq2seq-C-,2018-05-01 00:00:00
HectorPulido/Ridiculus-fishing-clone-made-with-unity,2018-05-01 00:00:00
HectorPulido/Evolutionary-Neural-Bots-On-Survival-Shooter,2018-05-01 00:00:00
HectorPulido/Mario-maker-like-game-made-with-unity,2018-05-01 00:00:00
HectorPulido/Decentralized-Twitter-with-blockchain-as-base,2018-05-01 00:00:00
HectorPulido/Angry-birds-like-game-made-with-UNITY-and-C-,2018-05-01 00:00:00
HectorPulido/Pacman-Online-made-with-unity,2018-05-01 00:00:00
HectorPulido/Survival-zombie-game-made-with-unity,2018-05-01 00:00:00
HectorPulido/Vectorized-multilayer-neural-network,2018-05-01 00:00:00
HectorPulido/Three-Genetics-Algorithm-Using-Unity,2018-05-01 00:00:00
HectorPulido/MINECRAFT-like-game-made-with-UNITY,2018-05-01 00:00:00
HectorPulido/Worms-like-game-made-with-unity,2018-05-01 00:00:00
HectorPulido/Draw-In-Unity-3D,2018-05-01 00:00:00
HectorPulido/Unity-First-Person-Shooter-Online,2018-05-01 00:00:00
HectorPulido/Punch-out-Like-game-made-with-unity,2018-05-01 00:00:00
HectorPulido/Convolutional-Neural-Network-From-Scratch,2018-05-01 00:00:00
HectorPulido/Simple-vectorized-mono-layer-perceptron,2018-05-01 00:00:00
HectorPulido/The-battle-cats-like-game-made-with-unity,2018-05-01 00:00:00
HectorPulido/UnityPlantsVsZombiesClone,2018-05-01 00:00:00
HectorPulido/Multipourpuse-third-person-shooter-unity,2018-05-01 00:00:00
HectorPulido/Unity-Floating-Damage-Number,2018-05-01 00:00:00
HectorPulido/UnitySimpleMatch3,2018-05-01 00:00:00
HectorPulido/Unity-Virtual-pet,2018-05-01 00:00:00
HectorPulido/Ballon-Fighter-clone-made-with-unity,2018-05-01 00:00:00
HectorPulido/Rc-pro-am-Game-made-with-unity,2018-05-01 00:00:00
HectorPulido/Unity-Minesweeper-clone,2018-05-01 00:00:00
HectorPulido/Procedural-Dungeon-Generation-Algorithm-Unity,2018-05-01 00:00:00
HectorPulido/UnityArkanoid,2018-05-01 00:00:00
HectorPulido/Unity-Unet-Chat,2018-05-01 00:00:00
HectorPulido/Unity-Simple-Tetris-Clone,2018-05-01 00:00:00
HectorPulido/UnitySimpleSnake,2018-05-01 00:00:00
HectorPulido/Unity-twitch-chat-link,2018-05-01 00:00:00
HiEv/UInv,2018-12-01 00:00:00
oohicksyoo/Youtube-Multiplayer_Game_With_Unity_And_NodeJS,2018-11-01 00:00:00
Skrifa/Skrifa,2017-03-01 00:00:00
Skrifa/Lite,2017-03-01 00:00:00
Skrifa/Chrome,2017-03-01 00:00:00
IainIsCreative/awesome-robot-combat,2017-05-01 00:00:00
IainIsCreative/smooth-js-rgb-led-transitions,2017-05-01 00:00:00
IainIsCreative/simple-nodebot,2017-05-01 00:00:00
Icecovery/Game-Data-Switcher,2017-12-01 00:00:00
ImCoolYeah105/Mechanization,
prcnet/tlstest,2017-07-01 00:00:00
Um-Mitternacht/Bewitchment,2018-09-01 00:00:00
tonci4/Instagram,
16ColorGames/Its-a-DND-PCGen-Dataset-Now,2018-06-01 00:00:00
IvanDragogear/Practicas_kivy_espanol,
JDsnyke/PS4-Cheat-List,
JRoy/InstagramLive-PHP,
JRoy/happybot,
JRoy/ghostFollowers-PHP,
JRoy/discord-themer,
Dorky106/NewColonyAPI,
MilaBot/Quick-SQLite,
JavaDevVictoria/Article-Status-Email-Notifications,
Pecon/RogueType,
karmachameleon/arcs,2015-06-01 00:00:00
karmachameleon/quests,2015-06-01 00:00:00
Jimmyee/Endless-Online-Awaken,
21Joakim/Jockie-Utils,
JshReaper/cs-testing,
JuanMTech/Home_Assistant_files,2018-06-01 00:00:00
TimelessModdingTeam/Unilib,
JustArchiNET/ArchiSteamFarm,2017-05-01 00:00:00
KageDesu/Alpha-ABS,2018-09-01 00:00:00
KageDesu/AlphaNET,2018-09-01 00:00:00
KannaDev/Kanna-Bot,
Godson777/KekBot,2018-06-01 00:00:00
Kpovoc/chat-steward,
MRTsvetkov25/Morrowind,2016-09-01 00:00:00
janixva/Kbet,
KurozeroPB/discotify,
KurozeroPB/RssEmitter,
ImKyle4815/cardconjurer,
AaronSoria/PAnalizer,
LakeYS/Discord-Trivia-Bot,
LakeYS/7DTD-Discord,
Lassemc475/fivem-scripts,
LeaPhant/pagkibot,
spilomac/spilomak,
LeoSaucedo/rikka-bot,
LethalMaus/StreamingYorkie,
ci010/ts-minecraft,2015-08-01 00:00:00
fanfoujs/xiaofan-wechat,
LitoMore/nofan,
LitoMore/fanfou-sdk-node,
LitoMore/alfred-fanfou,
LitoMore/x-fan,
LitoMore/kap-fanfou,
LitoMore/fanfou-sdk-weapp,
LitoMore/maofan-apn,
fanfoujs/electron-fanfou,
DariusMiu/Irbis,2018-03-01 00:00:00
DariusMiu/DariusMiu.github.io,2018-03-01 00:00:00
LotteMakesStuff/SimplePhysicsDemo,2017-09-01 00:00:00
devalexandre/oc-pagseguro,2018-03-01 00:00:00
devalexandre/oc-frontend-formbuilder,2018-03-01 00:00:00
guivanrv/cxbx-reloaded-compatibility-list,2017-03-01 00:00:00
Machine-Learning-Tokyo/MLT_starterkit,
vprime/twitch_arm,
ManlyMarco/RuntimeUnityEditor,2018-10-01 00:00:00
ManlyMarco/KK-HF_Patch,2018-10-01 00:00:00
ManlyMarco/KoikatuCheatTools,2018-10-01 00:00:00
ManlyMarco/KKABMX,2018-10-01 00:00:00
ManlyMarco/KK_SkinEffects,2018-10-01 00:00:00
ManlyMarco/KK_BrowserFolders,2018-10-01 00:00:00
ManlyMarco/KK_ImageSeriesRecorder,2018-10-01 00:00:00
ManlyMarco/EC-HF_Patch,2018-10-01 00:00:00
MarchWorks/AniTV,
MasterAscendent/The-Music-Machine,
mmckegg/ferment,5/1/2016 0:00
fermentation/ferment,5/1/2016 0:00
mmckegg/loop-drop-app,5/1/2016 0:00
mchorse/blockbuster,2018-07-01 00:00:00
mchorse/metamorph,2018-07-01 00:00:00
mchorse/aperture,2018-07-01 00:00:00
mchorse/commander,2018-07-01 00:00:00
emptyport/js-emass,
emptyport/molecular-formula,
emptyport/peptide-modifier,
emptyport/psm,
emptyport/js-mgf,
emptyport/tandem-parser,
emptyport/isotope-abundances,
emptyport/fasta-js,
emptyport/peptide-fragmenter,
emptyport/unimod,
emptyport/peptide-cutter,
emptyport/js_mzml,
emptyport/pepxml-parser,
Miouyouyou/MyyQi,2018-07-01 00:00:00
Miouyouyou/RockMyy,2018-07-01 00:00:00
Miouyouyou/Android-GoogleMap-Kotlin-Example,2018-07-01 00:00:00
Miouyouyou/rockchip-vcodec,2018-07-01 00:00:00
Miouyouyou/RockMyy-Build,2018-07-01 00:00:00
Miouyouyou/ARMv8a-Return-value-to-Java-Android,2018-07-01 00:00:00
Miouyouyou/Android-framebuffer-Direct-Example,2018-07-01 00:00:00
Miouyouyou/ARMv8a-Call-Java-method-from-Assembly,2018-07-01 00:00:00
Miouyouyou/ARM8-Android-FB-Tests,2018-07-01 00:00:00
vis2k/Mirror,2018-08-01 00:00:00
NotAWeebDev/Misaki,
MathieuAuclair/MoistyTheBot,
MorsMortium/Luajit-Game-Engine,
MrJDubYou/betterdiscord,
mrjackphil/draw.io-roll-plugin,
CHEF-KOCH/Donations,
WagashiLolicon/JackOb-MusicBot,
NathanaelA/nativescript-themes,2/1/2018 0:00
nathanaela/tns-template-plugin,2/1/2018 0:00
nathanaela/nativescript-master-technology,2/1/2018 0:00
NathanaelA/tns-template-plugin,2/1/2018 0:00
NathanaelA/nativescript-master-technology,2/1/2018 0:00
NathanaelA/nativescript-keyboardshowing,2/1/2018 0:00
NathanaelA/nativescript-dynamicloader,2/1/2018 0:00
nathanaela/nativescript-signalr,2/1/2018 0:00
NathanaelA/nativescript-signalr,2/1/2018 0:00
NathanaelA/nativescript-hidden,2/1/2018 0:00
nathanaela/nativescript-tracing,2/1/2018 0:00
NathanaelA/nativescript-tracing,2/1/2018 0:00
NathanaelA/nativescript-accessibility,2/1/2018 0:00
d4n0n-myself/InformaticsSpring2019-task2,
Nekos-life/neko-bot-jda,2018-07-01 00:00:00
RPCS3/rpcs3,2017-01-01 00:00:00
NeonOcean/Order,
NeonOcean/Debug,
NeonOcean/Main,
faradenza/filterpoe-3-4,2018-02-01 00:00:00
elytra/MatterLink,
DaemonicLabs/Voodoo,
NocturnalSolutions/KituraBook,
NorthernSec/CVE-Scan,2017-04-01 00:00:00
NosCoreIO/NosCore,2018-06-01 00:00:00
NosCoreIO/NosCoreBot,2018-06-01 00:00:00
HudsonGraeme/Tapp,
BoobBot/BoobBot,
BoobBot/Boo,
BoobBot/ThighBot,
BoobBot/db.BoobBot,
BoobBot/Example-bot,
BoobBot/bbapi-rust,
BoobBot/Yes-Daddy,
Tinymanhood/Rouge-Like-Expanded,2015-03-01 00:00:00
OpUs-Nebula/Arma-3-Operation-Unending-Storm-OpUs-,
WaveHack/OpenDominion,2018-01-01 00:00:00
OpenLabsHackerspace/nsa-monitored-device,2017-05-01 00:00:00
OpenLabsHackerspace/branding,2017-05-01 00:00:00
elamperti/OpenWebScrobbler,2018-08-01 00:00:00
PaironsTech/ApiHelper,
PasGl/ooblox,
dandesz198/pass,
PassthroughPOST/Hackintosh-KVM,2018-07-01 00:00:00
PassthroughPOST/VFIO-Tools,2018-07-01 00:00:00
PeterCxy/Shelter,2019-03-01 00:00:00
hexalang/hexa,2019-04-01 00:00:00
Phrohdoh/tsqlust,
Phrohdoh/CoreFire,
Phrohdoh/mission2waypoint,
Phrohdoh/arini-discovery,
Phrohdoh/ynab-rs,
Phrohdoh/asterisk-callfile,
Pragmatismo/Pigrow,2016-07-01 00:00:00
Pragmatismo/tempgraphcomp,2016-07-01 00:00:00
Devzstudio/BloodBank,
Devzstudio/Cloud-Backup,
tilkinsc/tilkinsc.github.io,
Poudingue/Vanilla-Normals-Renewed-1.12,
pterodactyl-app/Pterodactyl-app,2019-04-01 00:00:00
PycryptScripts/UnityScripts,
QFSW/SIIE,
QFSW/PerformanceLogger,
QFSW/QMath,
QORTEC/chapterize,
auQuiksilver/Apex-Framework,2017-11-01 00:00:00
Deivedux/Shiramine,
Amarde01/Cubestrike,
Frodo45127/rpfm,2018-03-01 00:00:00
Tehrible/RaidCDs,2017-08-01 00:00:00
RaiderIO/raiderio-addon,
RationalAnimal/vui-ad-hoc-alexa-recognizer,
DEgITx/rats-search,
ThingEngineer/ReactorForge,2018-01-01 00:00:00
Cog-Creators/Red-DiscordBot,2018-01-01 00:00:00
jacobaccio/SURPG,
POE-Addon-Launcher/PAL2,
OpenDyslexic/opendyslexic-chrome,
OpenDyslexic/firefox-extension,
alarouche/czrpc,
rumblefrog/source-chat-relay,2019-04-01 00:00:00
chrisjohnson/runelite-extended,2019-04-01 00:00:00
S64/android-sticky-recycler,
S64/moshi-kotlin-ignore,
SalmanShhh/Public-Construct-PatreonRewards,2018-07-01 00:00:00
SaltboxGames/patreon-lambda,2019-04-01 00:00:00
Sandrem/FlyCasual,
scalda/FoolCraft,2018-05-01 00:00:00
scalda/Foolcraft_3,2018-05-01 00:00:00
scalda/Hermitpack,2018-05-01 00:00:00
scalda/Code_Name_SS4,2018-05-01 00:00:00
scalda/Monsterpack,2018-05-01 00:00:00
scalda/Anet_A8_Info,2018-05-01 00:00:00
scalda/Iskall85_public_server_issues,2018-05-01 00:00:00
scalda/Survival-Stories-3,2018-05-01 00:00:00
scalda/Iskalls-Island,2018-05-01 00:00:00
scalda/Hermit_Quest,2018-05-01 00:00:00
scalda/pack-name-unkown,2018-05-01 00:00:00
scalda/Hermit-Wars,2018-05-01 00:00:00
scalda/Survival-Stories-2,2018-05-01 00:00:00
scalda/Hermit-Quest,2018-05-01 00:00:00
JessicaML/ScienceMotion-Static,
JessicaML/ScienceMotions-rails,
eclab/edisyn,2018-09-01 00:00:00
eclab/flow,2018-09-01 00:00:00
Seanitzel/Note-Art,
PixelPineapple/2DCharacterController,2015-08-01 00:00:00
LazySano/Zerotwobot,
ZILtoid1991/pixelperfectengine,2018-07-01 00:00:00
ZILtoid1991/vfile,2018-07-01 00:00:00
ZILtoid1991/bindbc-zstandard,2018-07-01 00:00:00
ZILtoid1991/datapak,2018-07-01 00:00:00
Nundir/System-bot,
Shinoow/AbyssalCraft,2016-04-01 00:00:00
Shinoow/AbyssalCraft-Heads,2016-04-01 00:00:00
Shinoow/AbyssalCraft-Integration,2016-04-01 00:00:00
Shinoow/AbyssalBlocks,2016-04-01 00:00:00
ArtemGr/Sidekick,
chaixshot/vrp_home_spawn,2017-11-01 00:00:00
chaixshot/vrp_hotkeys,2017-11-01 00:00:00
SightstoneOfficial/Sightstone.AspNet,
slavetrainermod/WT-Silver,
silviubogan/my-ubuntu-steps,2017-11-01 00:00:00
silviubogan/dotfiles,2017-11-01 00:00:00
SkyJedi/RPG-Web-Character-Creator,2018-07-01 00:00:00
SkyJedi/DRYH-Discord-Dice-Roller,2018-07-01 00:00:00
SkyJedi/STA-Discord-Dice-Roller,2018-07-01 00:00:00
SkyzohKey/node-raiblocks-rpc,1/1/2017 0:00
Tox-Client/shathui,1/1/2017 0:00
smkplus/ShaderInDepth,2018-03-01 00:00:00
jnadro/farm_jam,2015-11-01 00:00:00
OpenAddOnManager/OpenAddOnManager,
dotnetGame/MineCase,
AutumnWohlen/Space-Desktop,
AutumnWohlen/Space-Desktop-Docs,
AutumnWohlen/Space-Desktop-Theme-Standart,
hbons/SparkleShare,2017-07-01 00:00:00
sparklinlabs/superpowers-asset-packs,
Lylac88/SevaGameMaperBeta,
Wutname1/SpartanUI,2019-03-01 00:00:00
Wutname1/FunFact,2019-03-01 00:00:00
TinyModularThings/IC2Classic,2019-03-01 00:00:00
teampheenix/StarCraft-Casting-Tool,2018-05-01 00:00:00
StartPolymer/patrons,
StrikerX3/virt86,
StrikerX3/virt86-demos,
swifty-report-cards/swifty-bot,
ADoby/SimpleSprinkler,
NightlyRevenger/TataruHelper,
Team-IO/director,
Team-IO/teamioutils,
Team-IO/Familiars,
Tecnonucleous/Tecnonucleous-Bot,
tbtp-ev/tbtp-ev.github.io,2017-01-01 00:00:00
Szucs-A/WesternWorld,2016-04-01 00:00:00
game102/ShaderToy,
Jordan396/Audio-Transcriber-SPA,
TheCyaniteProject/exit_code_java,
TheCyaniteProject/exit_code_dev,
the-expanse/SideQuest,
TheOfficialFloW/h-encore,2018-06-01 00:00:00
TheOfficialFloW/Trinity,2018-06-01 00:00:00
TheOfficialFloW/modoru,2018-06-01 00:00:00
TheOfficialFloW/VitaTweaks,2018-06-01 00:00:00
TheOfficialFloW/RemasteredControls,2018-06-01 00:00:00
PreMiD/PreMiD,
Tomson124/HazardousResearch,
TonicArtos/SuperSLiM,2016-02-01 00:00:00
DarkForestBot/blackForestBot,
GarageGames/Torque2D,
jtheck/Treha,
TrueXPixels/quick.db,2019-02-01 00:00:00
TrustyJAID/Trusty-cogs,
Sno-House/BryBot,2017-06-01 00:00:00
Sno-House/HeatMapz,2017-06-01 00:00:00
Sno-House/Miyazono-bot,2017-06-01 00:00:00
typicalbot/typicalbot.com,2016-05-01 00:00:00
HDInnovations/UNIT3D,2019-02-01 00:00:00
poppabear8883/UNIT3D-INSTALLER,2019-02-01 00:00:00
unfurledboredom/Chip,
JohannesDeml/unity-ui-extensions,2017-12-01 00:00:00
jorik041/UnityUIExtensions,2017-12-01 00:00:00
SuperPenguin/unity-ui-extensions,2017-12-01 00:00:00
JJarvis89/unity-ui-extensions,2017-12-01 00:00:00
valentin2105/Kubernetes-Saltstack,2017-03-01 00:00:00
vaxkun/ReinhardtLike-Shield-ShaderForge,2019-03-01 00:00:00
Ritchie454/VertGreen-1,
Ritchie454/VertGreen,
VibezDevelopment/Projects,
Vita3K/Vita3K,2018-01-01 00:00:00
vladimir-vg/batiscaph,
alesta88/Notes,
Waterin/Coloured-Discord-Theme,
LambdaInnovation/AcademyCraft,2018-06-01 00:00:00
WeAthFoLD/MetaSprite,2018-06-01 00:00:00
Calamitizer/Crawler,2015-02-01 00:00:00
WillpowerStudios/ElektroMagnetix-of-The-Universe,
WillpowerStudios/WillpowerThereminArduino01,
X1Zeth2X/Hanabiv2,
X-PlaneEspanol/SimVimCockpit,2017-08-01 00:00:00
Xaymar/obs-stream-effects,2017-06-01 00:00:00
Xaymar/i18n-js,2017-06-01 00:00:00
Xerotherm1c/JailbreakTools,
XiaomiFirmwareUpdater/mi-firmware-updater,
XiaomiFirmwareUpdater/firmware_xiaomi_capricorn,
XiaomiFirmwareUpdater/firmware_xiaomi_gemini,
XiaomiFirmwareUpdater/firmware_xiaomi_sagit,
XiaomiFirmwareUpdater/firmware_xiaomi_mido,
XiaomiFirmwareUpdater/firmware_xiaomi_whyred,
XiaomiFirmwareUpdater/miui-updates-tracker,
XiaomiFirmwareUpdater/firmware_xiaomi_dipper,
XiaomiFirmwareUpdater/firmware_xiaomi_chiron,
XiaomiFirmwareUpdater/firmware_xiaomi_land,
XiaomiFirmwareUpdater/firmware_xiaomi_vince,
XiaomiFirmwareUpdater/firmware_xiaomi_polaris,
XiaomiFirmwareUpdater/firmware_xiaomi_santoni,
XiaomiFirmwareUpdater/firmware_xiaomi_beryllium,
XiaomiFirmwareUpdater/firmware_xiaomi_kenzo,
XiaomiFirmwareUpdater/firmware_xiaomi_natrium,
XiaomiFirmwareUpdater/firmware_xiaomi_jason,
XiaomiFirmwareUpdater/firmware_xiaomi_wayne,
XiaomiFirmwareUpdater/firmware_xiaomi_sirius,
XiaomiFirmwareUpdater/firmware_xiaomi_lithium,
XiaomiFirmwareUpdater/firmware_xiaomi_scorpio,
XiaomiFirmwareUpdater/firmware_xiaomi_rosy,
XiaomiFirmwareUpdater/firmware_xiaomi_cepheus,
XiaomiFirmwareUpdater/firmware_xiaomi_nitrogen,
XiaomiFirmwareUpdater/firmware_xiaomi_helium,
XiaomiFirmwareUpdater/firmware_xiaomi_rolex,
XiaomiFirmwareUpdater/firmware_xiaomi_lavender,
XiaomiFirmwareUpdater/firmware_xiaomi_markw,
XiaomiFirmwareUpdater/firmware_xiaomi_clover,
XiaomiFirmwareUpdater/firmware_xiaomi_tiffany,
XiaomiFirmwareUpdater/firmware_xiaomi_kate,
XiaomiFirmwareUpdater/firmware_xiaomi_ido,
XiaomiFirmwareUpdater/firmware_xiaomi_aqua,
XiaomiFirmwareUpdater/firmware_xiaomi_libra,
XiaomiFirmwareUpdater/firmware_xiaomi_oxygen,
XiaomiFirmwareUpdater/firmware_xiaomi_perseus,
XiaomiFirmwareUpdater/firmware_xiaomi_raphael,
XiaomiFirmwareUpdater/firmware_xiaomi_tulip,
XiaomiFirmwareUpdater/firmware_xiaomi_ysl,
XiaomiFirmwareUpdater/firmware_xiaomi_riva,
XiaomiFirmwareUpdater/firmware_xiaomi_prada,
XiaomiFirmwareUpdater/firmware_xiaomi_platina,
XiaomiFirmwareUpdater/firmware_xiaomi_ugg,
XiaomiFirmwareUpdater/firmware_xiaomi_cappu,
XiaomiFirmwareUpdater/firmware_xiaomi_grus,
XiaomiFirmwareUpdater/firmware_xiaomi_equuleus,
XiaomiFirmwareUpdater/firmware_xiaomi_sakura,
XiaomiFirmwareUpdater/firmware_xiaomi_ursa,
XiaomiFirmwareUpdater/firmware_xiaomi_davinci,
XiaomiFirmwareUpdater/firmware_xiaomi_ugglite,
XiaomiFirmwareUpdater/firmware_xiaomi_onc,
XiaomiFirmwareUpdater/firmware_xiaomi_hydrogen,
nekoyoubi/yep_util,2017-01-01 00:00:00
goldenpotato22/YappyGithub-Rewrite,2017-03-01 00:00:00
Brianino/YotsugiBot,
youre-perfect-studio/catherines-quest,2018-05-01 00:00:00
zabi94/Covens-reborn,2017-06-01 00:00:00
jealouscloud/lra-ffmpeg,
zorbathut/aworldwithouthat,2016-12-01 00:00:00
zorbathut/sillybuilder,2016-12-01 00:00:00
zorbathut/stepaway,2016-12-01 00:00:00
RHGDEV/Little-R,
huangyuan9/distributer,2016-12-01 00:00:00
huangyuan9/permission,2016-12-01 00:00:00
ory/hydra,2017-02-01 00:00:00
ory/oathkeeper,2017-02-01 00:00:00
ory/keto,2017-02-01 00:00:00
pjf/rickastley,2016-01-01 00:00:00
a161803398/PlexstormCapture,2018-04-01 00:00:00
a1ext/labeless,2018-10-01 00:00:00
aalok05/CodeHub,
abedputra/Dnato-system-login,
abedputra/Attendance-login-system,
abedputra/GoInstaller,
GoLavaCMS/GoLavaCMS,
abedputra/GigaCMS,
aberba/elementaryOS-devbook,
emoji-short/extension,
abr4xas/nuky,
AllAlgorithms/python,
AllAlgorithms/javascript,
AllAlgorithms/ruby,
AllAlgorithms/java,
AllAlgorithms/swift,
AllAlgorithms/csharp,
AllAlgorithms/rust,
AllAlgorithms/go,
abranhe/username,
AllAlgorithms/shell,
abranhe/bigdecimal,
AllAlgorithms/php,
AllAlgorithms/haskell,
abranhe/lupe,
AllAlgorithms/typescript,
AllAlgorithms/erlang,
abranhe/github-npm,
AllAlgorithms/assembly,
AllAlgorithms/perl,
AllAlgorithms/fortran,
abranhe/decamelize,
abranhe/tocamelcase,
AllAlgorithms/clojure,
abranhe/bible-male-names.py,
AllAlgorithms/R,
abranhe/username-cli,
abranhe/arg,
AllAlgorithms/apple-script,
AllAlgorithms/racket,
AllAlgorithms/brainfuck,
AllAlgorithms/kotlin,
AllAlgorithms/fsharp,
AllAlgorithms/scala,
abranhe/s-to-o,
abranhe/str-to-arr,
AllAlgorithms/objective-j,
AllAlgorithms/lua,
abranhe/cu,
abranhe/randn,
abranhe/instagram-followers,
abranhe/r4nd0mstr1ng,
AllAlgorithms/matlab,
AllAlgorithms/lisp,
abranhe/dtfe,
AllAlgorithms/lol,
abranhe/permutated,
abranhe/bible-female-names,
abranhe/consecutively-unique,
abranhe/abranhe.github.io,
abranhe/quick-srt-cli,
abranhe/abranhe,
AllAlgorithms/julia,
abranhe/marry-christmas,
abranhe/init-pkg-json,
abranhe/merge-srt,
abranhe/bible-male-names,
abranhe/merge-srt-cli,
abranhe/all-words,
abranhe/init-editorconfig-cli,
abranhe/abranhe-feedback,
AllAlgorithms/coffeescript,
abranhe/racefx,
abranhe/popular-repos,
abranhe/init-pkg-json-cli,
abranhe/sta,
abranhe/check-camelcase,
abranhe/ci-success,
abranhe/bubble-srt,
AllAlgorithms/jupyter,
AllAlgorithms/maxima,
absalomedia/tensile,
absalomedia/prestashop-12-factor,
absalomedia/minser,
CodeForPortland/access2justicePDX,
aceholecousins/acechase,2017-02-01 00:00:00
ackintosh/ganesha,2018-12-01 00:00:00
ackintosh/snidel,2018-12-01 00:00:00
genie-team/graphql-genie,
acrobotic/Ai_Docs,2018-03-01 00:00:00
acrobotic/Ai_Tips_ESP8266,2018-03-01 00:00:00
acrobotic/Ai_Ardulib_SSD1306,2018-03-01 00:00:00
acrobotic/Ai_Demos_WeMos,2018-03-01 00:00:00
catsarecoo/activstudio,
Adamslab/OpenSlider,
adangert/JoustMania,
waud/waud,
waud/waudbase64,
adireddy/waudbase64,
adireddy/haxe-howler,
adireddy/waudsprite,
waud/waudsprite,
adireddy/perf,
poppinss/youch,9/1/2016 0:00
adonisjs/adonis-cli,9/1/2016 0:00
dazulu/music,2016-11-01 00:00:00
Aegonian/ElithianAllianceStarboundMod,2018-04-01 00:00:00
openspace42/aenigma,2019-02-01 00:00:00
Aftnet/LibretroRT,
Aftnet/RetriX,
PhantomInsights/summarizer,
PhantomAppDevelopment/firebase-as3,
PhantomInsights/comments-generator,
PhantomAppDevelopment/icon-generator,
PhantomInsights/forhirehelper,
ScreepsMods/screepsmod-web-client,2017-09-01 00:00:00
angularfy/ng-autonumeric,
pipe-dream/laravel,
WT-Devs/WT-Silver,2015-03-01 00:00:00
Akarin-project/Akarin,
akasoggybunz/akasoggybunz,
xxczaki/oji,
pizzaql/pizzaql,
xxczaki/xa,
xxczaki/speedo-cli,
elcalc/elcalc,
xxczaki/bitly-cli-client,
xxczaki/nasa-cli,
xxczaki/calculator.js,
xxczaki/status-git,
xxczaki/movies-cli,
xxczaki/open-weather-cli,
xxczaki/archfetch,
xxczaki/airly-cli,
xxczaki/mija,
xxczaki/airly,
xxczaki/ubufetch,
akiraux/Akira,2019-01-01 00:00:00
Akryum/vue-apollo,6/1/2018 0:00
Akryum/vue-virtual-scroller,6/1/2018 0:00
Akryum/v-tooltip,6/1/2018 0:00
Akryum/vue-tooltip,6/1/2018 0:00
meteor-vue/vue-meteor,6/1/2018 0:00
Akryum/vue-observe-visibility,6/1/2018 0:00
Akryum/vue-googlemaps,6/1/2018 0:00
Akryum/vue-cli-plugin-apollo,6/1/2018 0:00
Akryum/vue-cli-plugin-ssr,6/1/2018 0:00
Akryum/vue-resize,6/1/2018 0:00
Akryum/vue-progress-path,6/1/2018 0:00
Akryum/vue-summit-app,6/1/2018 0:00
Akryum/nodepack,6/1/2018 0:00
meteor-vue/vue-meteor-tracker,6/1/2018 0:00
Akryum/vue-router-multi-view,6/1/2018 0:00
Akryum/graphql-migrate,6/1/2018 0:00
Akryum/packt-vue-project-guide,6/1/2018 0:00
Akryum/graphql-annotations,6/1/2018 0:00
AkshayCraZzY/YouTubeDownloader-AHK,
MattSuekel/Inspire,
alaingalvan/guardian-gm81,
alaingalvan/ora.gmx,
Alecaddd/sequeler,2017-04-01 00:00:00
Alecaddd/taxi,2017-04-01 00:00:00
greena13/react-hotkeys,
alefragnani/vscode-project-manager,
alefragnani/vscode-bookmarks,
alefragnani/vscode-language-pascal,
alefragnani/vscode-numbered-bookmarks,
alefragnani/atom-language-pascal,
alefragnani/delphi-james,
alefragnani/vscode-jenkins-status,
alefragnani/vscode-delphi-pack,
alefragnani/vscode-read-only-indicator,
alefragnani/vscode-pascal-formatter,
alefragnani/vscode-language-rtf,
alefragnani/vscode-delphi-keybindings,
alefragnani/delphi-code-templates,
alefragnani/vscode-tagged-comment,
alefragnani/atom-tagged-comment,
alefragnani/vscode-delphi-themes,
alefragnani/atom-code-dark-syntax,
alefragnani/vscode-copy-word,
alefragnani/atom-code-dark-ui,
avaneev/r8brain-free-src,
avaneev/avir,
avaneev/biteopt,
Alex-D/Trumbowyg,12/1/2017 0:00
Alex-D/Cookies-EU-banner,12/1/2017 0:00
alexdevero/instatron,
alexdevero/instagram-desktop-uploader,
alexdevero/react-mobx-react-router-boilerplate,
alexdevero/meditation-web-app,
alexdevero/zentime-meditation-web-app,
alexdevero/EtherCSS,
alexdevero/grease-the-groove-app,
alexdevero/ethercss,
alexdevero/electron-react-mobx-boilerplate,
alexdevero/leet-speak-converter,
alexdevero/npm-package-generator,
alexdevero/ai-evolving-fish-intelligence,
alexdevero/quotist,
alexdevero/express-react-webapp-boilerplate,
alexdevero/js-website-crawler,
alexdevero/chiffre,
alexdevero/conemu-dex-theme,
alexdevero/tinycard-greatest-entrepreneurs,
alexdevero/simple-reddit-api-fetch,
alexdevero/react-typescript-styled-components-boilerplate,
alexdevero/playerfm-desktop-app,
alexdevero/simple-node-js-server,
alexdevero/gridd,
alexdevero/numeronym-converter,
alexdevero/tinycards-dashboard,
alexdevero/body-fat-calculator,
alexdevero/tensorflowjs-playground,
alexdevero/death-clock-chrome-extension,
alexdevero/binary-converter,
alexdevero/Simple-Node.js-Server,
alexdevero/persona-generator,
alexdevero/project-boilerplate,
alexdevero/khan-academy-desktop-app,
openfaas/faas,2017-12-01 00:00:00
openfaas/backer-thankyou,2017-12-01 00:00:00
my5t3ry/zrythmFork,
HyperOOP/hyperoop,
HyperOOP/hyperoop-router,
algernon/Kaleidocode,2018-12-01 00:00:00
Algoru/AmayaPorts,
Algoru/VNAP,
trailofbits/algo,2017-02-01 00:00:00
trailofbits/algo-ng,2017-02-01 00:00:00
aussie-battler/Alias-Anomaly-Creatures,2016-12-01 00:00:00
Alicannklc/intellij-tailwind-css,
Alicannklc/phpstorm-laravel-snippets,
Alicannklc/laravel-snippets-5,
Alicannklc/Vsocde-Phpsearch,
Alicannklc/Helpercss,
Alicannklc/frontend-kit-gulp,
alidrus/vue-simple-inline-translation,
thalesrc/js-utils,
thalesrc/scroll-manager,
thalesrc/sticky,
paulsapps/alive,2017-10-01 00:00:00
AllanBallester/RiSE,
AllTheMods/ATM-3,2016-12-01 00:00:00
AllTheMods/ATM3-Remix,2016-12-01 00:00:00
AllTheMods/AllTheMagic,2016-12-01 00:00:00
AllTheMods/ATM3-Expert,2016-12-01 00:00:00
AllTheMods/ATM-4,2016-12-01 00:00:00
AllTheMods/ATM3-Lite,2016-12-01 00:00:00
AlphaKretin/bastion-bot,2017-12-01 00:00:00
AlphaKretin/colress-bot,2017-12-01 00:00:00
issus/altium-library,2018-01-01 00:00:00
vuegg/vuegg,
ividjs/ivid,
alxpez/woye,
amadden1990/AltspaceVR-Unity-SDK,2018-07-01 00:00:00
amilajack/eslint-plugin-compat,2019-03-01 00:00:00
amilajack/reading,2019-03-01 00:00:00
amilajack/eslint-plugin-flowtype-errors,2019-03-01 00:00:00
amilajack/js-algorithms,2019-03-01 00:00:00
amilajack/compat-db,2019-03-01 00:00:00
amilajack/drum-machine,2019-03-01 00:00:00
amilajack/joker,2019-03-01 00:00:00
amilajack/ast-metadata-inferer,2019-03-01 00:00:00
NaturalIntelligence/fast-xml-parser,
NaturalIntelligence/Stubmatic,
nimndata/nimnjs,
amitguptagwl/Java-Rule-Book,
node-muneem/anumargak,
amitmerchant1990/electron-markdownify,2/1/2019 0:00
amitmerchant1990/pomolectron,2/1/2019 0:00
amitmerchant1990/correo,2/1/2019 0:00
amitmerchant1990/notepad,2/1/2019 0:00
trongtuyen96/CarMap,2/1/2019 0:00
RbkGh/ShattaGit,2/1/2019 0:00
aferrero2707/gimp-plugins-collection,2018-08-01 00:00:00
IncrementalMe/Game,
IncrementalMe/incremental,
andrewda/node-steam-guide,
bnb/awesome-developer-streams,2016-12-01 00:00:00
andrewrk/zig-general-purpose-allocator,2016-12-01 00:00:00
CrazyDude1994/android-taranis-smartport-telemetry,
Androz2091/AtlantaBot,
AngelThump/website,2016-10-01 00:00:00
AngelThump/player,2016-10-01 00:00:00
AngelThump/status,2016-10-01 00:00:00
Balmah/RarRar,2017-01-01 00:00:00
mupfelofen-de/rainbow-joe,2015-06-01 00:00:00
pepone42/FlappyBrick,2015-06-01 00:00:00
vuejsdevelopers/vuejs-poster-shop,2018-12-01 00:00:00
vuejsdevelopers/vuejs-calendar,2018-12-01 00:00:00
vuejsdevelopers/vuejs-cinema,2018-12-01 00:00:00
vuejsdevelopers/poster-shop,2018-12-01 00:00:00
Antmounds/antennae,
antonmedv/monkberry,
antonmedv/expr,
antonmedv/finder,
antonreshetov/mysigmail,
antonybudianto/cra-universal,
anvaka/sayit,2018-04-01 00:00:00
anvaka/winvelviz,2018-04-01 00:00:00
anvaka/map-print,2018-04-01 00:00:00
anvaka/graph-start,2018-04-01 00:00:00
anvaka/ngraph.louvain.native,2018-04-01 00:00:00
mwcrow/aegis-units,2015-11-01 00:00:00
anysz/ovopy,
anysz/IMFS,
sunkencity999/anythinggoes,
HugoDerave/ApexLegendsAPI,
FlyingKatsu/patreon-post-index,
API-Skeletons/zf-doctrine-graphql,
API-Skeletons/zf-doctrine-hydrator,
API-Skeletons/zf-doctrine-audit,
API-Skeletons/zf-oauth2-doctrine-identity,
API-Skeletons/zf-doctrine-criteria,
API-Skeletons/correct-utf8-encoding,
apollo-black/dev-vm,
ApoorvSaxena/lozad.js,
appernetic/hugo-nederburg-theme,
appernetic/hugo-bootstrap-premium,
appernetic/hugo-bootstrap-premium-dev,
yysun/apprun,6/1/2018 0:00
shinsenter/defer.js,
shinsenter/defer.php,
shinsenter/defer-wordpress,
appstract/laravel-blade-directives,
appstract/laravel-options,
appstract/laravel-multisite,
appstract/laravel-bootstrap-components,
appstract/laravel-tracer,
appstract/laravel-meta,
appstract/dd.js,
appstract/lush-http,
appstract/laravel-elixir-env,
appstract/laravel-response-macros,
appstract/laravel-referer-redirector,
appstract/v-validate,
appstract/php-hostsfile,
appstract/vue-validate,
appstract/skeleton-php,
appstract/laravel-artisan-scan,
appstract/laravel-crawl-render,
appstract/laravel-dusk-safari,
appstract/laravel-dusk-opera,
appstract/skeleton-vue,
appstract/laravel-moneybird,
appstract/skeleton-js,
appstract/laravel-lush-artisan,
303k/gulp-sync-env,
303K/gulp-sync-env,
nutskey/nutskey,
arasatasaygin/openlogos,2018-05-01 00:00:00
arbox/machine-learning-with-ruby,
arbox/nlp-with-ruby,
Co-dfns/Co-dfns,2017-12-01 00:00:00
ksobon/MantisShrimp,
ksobon/Bumblebee,
ksobon/archilab,
ardalanamini/prototyped.js,
foxifyjs/odin,
ardalanamini/node-kutt,
ardalanamini/carbonjs,
foxifyjs/schema,
foxifyjs/foxify-restify-odin,
ardalanamini/typedoc-plugin-example-tag,
arguiot/DisplayJS,
arguiot/Protype,
arguiot/ProType,
arguiot/Catch,
arguiot/Emojify,
uagpmc/bad-dragon,
vasani-arpit/WBOT,
clojure-grimoire/lib-grimoire,2017-05-01 00:00:00
arshadkazmi42/first-issues,
arshadkazmi42/ak-cli,
arshadkazmi42/squash,
arshadkazmi42/ak-phrase.js,
gh-conf/gh-conf-write,
gh-conf/gh-conf-response,
gh-conf/gh-conf-validate,
gh-conf/gh-conf-read,
arshadkazmi42/ak-url-validate,
arshadkazmi42/json-nested-replace,
arshadkazmi42/hasattr,
arsnebula/polymer-quill,
arsnebula/nebula-routing,
arsnebula/nebula-button,
arsnebula/nebula-sidebar-layout,
arsnebula/nebula-toast,
arsnebula/nebula-app-essentials,
arsnebula/nebula-ui-essentials,
arsnebula/nebula-essentials,
arsnebula/nebula-focus-behavior,
arsnebula/nebula-i18n,
arsnebula/nebula-storage,
arsnebula/nebula-element-mixin,
arsnebula/nebula-flexbox,
arsnebula/nebula-dialog,
arsnebula/nebula-progress,
arsnebula/nebula-alert,
arsnebula/nebula-rating,
arsnebula/nebula-validate,
arsnebula/nebula-appbar,
arsnebula/nebula-icons,
arsnebula/nebula-inputbox,
arsnebula/nebula-label,
arsnebula/nebula-switch,
arsnebula/nebula-checkbox,
arsnebula/nebula-appbar-layout,
arsnebula/nebula-queue,
arsnebula/nebula-toolbar,
arsnebula/nebula-icon-button,
arsnebula/nebula-checked-behavior,
arsnebula/nebula-loader,
arsnebula/nebula-button-behavior,
arsnebula/nebula-radio,
arsnebula/nebula-select,
arsnebula/nebula-dispatch,
arsnebula/nebula-test,
arsnebula/nebula-dialog-essentials,
huyingjie/hexo-theme-A-RSnippet,
huyingjie/hexo-theme-A-RSnippet-site,
ArtBIT/Droptopus,
artemisoftnian/com-artemisoftnian-plugins-unityads2,
Arthmoor/AFKTrack,2017-12-01 00:00:00
Arthmoor/QSF-Portal,2017-12-01 00:00:00
Arthmoor/AFK-Akismet-PHP,2017-12-01 00:00:00
Artoria2e5/PRCoords,
arturbien/React95,
ArturSpirin/test_junkie,2019-02-01 00:00:00
ArunMichaelDsouza/tensorflow-image-detection,
adpushup/woodlot,
ArunMichaelDsouza/react-image-appear,
ArunMichaelDsouza/CSS-Mint,
ArunMichaelDsouza/ng-youtube-embed,
ArunMichaelDsouza/ng-image-appear,
ArunMichaelDsouza/picla,
ArunMichaelDsouza/pineapple-sass,
ArunMichaelDsouza/ng-textarea-enter,
ArunMichaelDsouza/bootstrap-football-homepage,
arxiv-vanity/arxiv-vanity,2018-06-01 00:00:00
arxiv-vanity/engrafo,2018-06-01 00:00:00
AshamaneProject/AshamaneCore,
wei57863780/mastera,
asherwunk/pygjs,
asherwunk/phabstractic,
asherwunk/objconfig,
ayushsharma82/ESP-DASH,2019-02-01 00:00:00
ayushsharma82/AsyncElegantOTA,2019-02-01 00:00:00
ayushsharma82/ElegantOTA,2019-02-01 00:00:00
Flavinou/scrollity,2018-02-01 00:00:00
MTASZTAKI/assimp,2017-04-01 00:00:00
AsteriskNews/asterisk.news,
atlanticmoon/laravel-gdpr-cookie,
AtlasNX/Kosmos,2018-10-01 00:00:00
atulmy/crate,
atulmy/fullstack-graphql,
atulmy/wispy,
atulmy/hire-smart,
aurorabuilder/elements,2017-12-01 00:00:00
ausi/slug-generator,5/1/2017 0:00
ausi/cq-prolyfill,5/1/2017 0:00
avantcontra/p5.we,
avantcontra/osc-websocket-example,
avantcontra/maxmsp-functional-programming,
avantcontra/n4m-qrcode-generator,
avelino/awesome-go,
awes-io/awes-io,
awes-io/demo,
awes-io/repository,
awes-io/indigo-layout,
awes-io/table-builder,
awes-io/form-builder,
awes-io/wiki,
awes-io/auth,
feinwarusoftware/awesomobot,2018-11-01 00:00:00
feinwarusoftware/sppd,2018-11-01 00:00:00
flextype/flextype,
axelgreavette/Sakira,
axlemax/sfdx,
ayselafsar/dicomviewer,2018-03-01 00:00:00
drfh/ThaumicStorage,2016-02-01 00:00:00
Azgaar/Fantasy-Map-Generator,2018-10-01 00:00:00
TechnologyhelpBundaberg/Translate-bot2,
azuntik/Amidst-Seed-Hunter,
Zodsmar/Amidst-Seed-Hunter-1.13,
avevlad/russia-it-podcast,2016-11-01 00:00:00
noteclef/noteclef,
noteclef/noteclef.github.io,
backpulse/core,
backpulse/dashboard,
badgeek/svg2shenzhen,2018-04-01 00:00:00
esptiny86/espsynth86,2018-04-01 00:00:00
BadToxic/discord-bot-sao,
City-busz/city-repository,2018-02-01 00:00:00
TheBastionBot/Bastion,2017-04-01 00:00:00
jecowa/Meph,2015-03-01 00:00:00
bbatsov/prelude,2017-12-01 00:00:00
bbatsov/zenburn-emacs,2017-12-01 00:00:00
JuanitoFatas/ruby-style-guide,2017-12-01 00:00:00
bcurran3/ChocolateyPackages,2018-08-01 00:00:00
bcurran3/ChocolateyTemplates,2018-08-01 00:00:00
Lackadaisychain/00000100,2017-05-01 00:00:00
lowsprofile/jaysn,
discourse/discourse-patreon,
bedirhankaradogan/react-media-view,
bedirhankaradogan/react-js-static-chat-example-app,
bedirhankaradogan/react-js-foursquare-api-example-app,
bedirhankaradogan/react-native-barcode-reader-example-app,
beestat/app,2018-07-01 00:00:00
pierreant-p/awesome-miniatures-painting,2016-07-01 00:00:00
bepu/bepuphysics2,2018-04-01 00:00:00
bepu/bepuphysics1,2018-04-01 00:00:00
wrathsoffire76/pp2d,2017-06-01 00:00:00
BeRo1985/pasvulkan,
BeRo1985/pasmp,
BeRo1985/flre,
BeRo1985/kraft,
BeRo1985/rnl,
BeRo1985/pacc,
BeRo1985/pasjson,
BeRo1985/sasm,
agoldcheidt/archlinux-for-berryboot,2018-08-01 00:00:00
betaflight/betaflight,2018-10-01 00:00:00
dronejunkie/betaflight,2018-10-01 00:00:00
bettorld/laravel-soft-archive,
marciovsena/bibleapi,
billz/raspap-webgui,
biohazard999/Scissors.Blog,2018-03-01 00:00:00
Bionus/imgbrd-grabber,2018-01-01 00:00:00
PiggityPerson/bitpig,
bizz84/SwiftyStoreKit,
bk138/gromit-mpx,
bk138/multivnc,
JeremyFriedly/juice_shop,
Avalon-Entertainment/bkrpg-support,2018-11-01 00:00:00
unp/macos-config,
xiaomi-mi-max-3/android_device_xiaomi_nitrogen,2017-12-01 00:00:00
xiaomi-mi-max-3/device_xiaomi_nitrogen,2017-12-01 00:00:00
BradZzz/EldersTale,
blahsd/supernerd.widget,
Bloodmallet/bloodmallet.github.io,
Bloodmallet/bloodytools,
MinecraftPortCentral/GriefPrevention,2015-08-01 00:00:00
z0mbie42/flint,2019-04-01 00:00:00
z0mbie42/sane,2019-04-01 00:00:00
z0mbie42/sane-go,2019-04-01 00:00:00
z0mbie42/sane-vim,2019-04-01 00:00:00
z0mbie42/misspell,2019-04-01 00:00:00
z0mbie42/sane-rs,2019-04-01 00:00:00
bludit/bludit,2018-03-01 00:00:00
Vault16Software/Blue-Flame-Engine,
danlapteacru/frontend-boilerplate,
blugavere/express-batching,
blugavere/cassandra-repository,
blugavere/mongo-repository,
blugavere/mongodb-repository,
bmewburn/vscode-intelephense,
bmewburn/intelephense-docs,
qazbnm456/awesome-web-security,
qazbnm456/awesome-cve-poc,
LulumiProject/lulumi-browser,
Muhammd/awesome-web-security,
qazbnm456/better-browser,
qazbnm456/ZhConversion,
ProximaNova/Booru-mass-editor,2015-04-01 00:00:00
monabhardwaj/BoostNote-opensource-test,2017-02-01 00:00:00
boramalper/magnetico,
boramalper/pydis,
vgc/vgc,2017-12-01 00:00:00
botman/botman,2017-03-01 00:00:00
botman/studio,2017-03-01 00:00:00
rashidlaasri/build-a-telegram-bot-with-laravel-and-botman,2017-03-01 00:00:00
miracsengonul/finance_chatbot,2017-03-01 00:00:00
DiegoDevGroup/wavephpbot,2017-03-01 00:00:00
Armen96/Chat-Bot-Botman,2017-03-01 00:00:00
brainfoolong/cryptojs-aes-php,
brainfoolong/web-ftp-client,
brainfoolong/gpio-webinterface,
brainfoolong/omxwebgui-v2,
brainfoolong/rcon-web-admin,
brainfoolong/unity-procedural-mesh-bezier-curve,
brainfoolong/unity-music-visualizer,
brainfoolong/better-battlelog,
brainfoolong/bomnibox,
brainfoolong/IntoTheBreachTranslations,
sweetiepiggy/Bus-When-Twin-Cities,
brenoprata10/ng2-image-viewer,
brentthorne/posterdown,
brunocouty/laravel-logs-viewer,
brunocouty/financial-manager,
devhubapp/devhub,
GameFoundry/bsf,2018-04-01 00:00:00
GameFoundry/bsfExamples,2018-04-01 00:00:00
bsides/horizoverlay,
bt3gl/Gray-Hacker-Resources,
cmilr/DeadSimple-Pixel-Perfect-Camera,2015-10-01 00:00:00
apsdsm/AttackOfSlime,2015-10-01 00:00:00
Buddhalow/yoghurt,
BuddyCSS/BuddyCSS,
ninjabunny/KodeNames,2019-05-01 00:00:00
c3nav/c3nav,2017-04-01 00:00:00
cabbibo/IMMATERIAL,2019-02-01 00:00:00
cagataycali/cagatay.dev,
Cailoki/PoE-FarmingTool,
Cairath/ONI-Mods,2018-12-01 00:00:00
Cairath/tools-not-included,2018-12-01 00:00:00
SaltieRL/DistributedReplays,2018-09-01 00:00:00
calebj/calebj-cogs,2016-09-01 00:00:00
siffreinsg/handles-bot,
arekbulski/Cameleonica,
CampbellCrowley/TraX-Website-Public,2018-11-01 00:00:00
cnvs/easel,
CapnS/FoodBot,
CaptainX3/CW-Playable-Subs,2018-05-01 00:00:00
ClarityCafe/Clara,2016-11-01 00:00:00
teamcapybara/capybara,
CarlGroth/Carl-Bot,2018-05-01 00:00:00
carlip85/TurretNamer,2017-12-01 00:00:00
calo001/fondo,
calo001/luna,
caronc/nzb-subliminal,
caronc/nzb-notify,
caronc/nzbget-tidyit,
caronc/newsreap,
caronc/nzbget-dirwatch,
caronc/datetools,
davidlinc1/Cartonomicon,2018-10-01 00:00:00
casjay/public,
casjay/howtos,
casjay/awesome,
casjay/configs,
castle-engine/cge-www,2017-03-01 00:00:00
castwide/solargraph,
skilesare/immortality,
skilesare/eth_proof_of_ownership,
niekcandaele/CSGO-RankMe-stats,2019-04-01 00:00:00
CatalysmsServerManager/7-days-to-die-server-manager,2019-04-01 00:00:00
fluffyes/uploadImage,2017-03-01 00:00:00
michaeldegroot/cats-blender-plugin,2017-12-01 00:00:00
TheCBProject/Feedback,2015-12-01 00:00:00
creativecreator/creativecreator.github.io,
adrianoc/cecilifier,
cedricziel/idea-php-typo3-plugin,2018-02-01 00:00:00
cendekia/nova-setting-tool,
cendekia/nova-email-subscribers,
cendekia/nova-faspay-tools,
chadrockey/TGC-Designer-Tools,
Chai112/Chai112-s-Boeing-777-300ER,
Chaosus/ModernShogi,2018-08-01 00:00:00
ch4se/OpenFrEON,
chat-sdk/chat-sdk-android,2019-03-01 00:00:00
chat-sdk/chat-sdk-ios,2019-03-01 00:00:00
zhangtao25/vcrop,2018-09-01 00:00:00
fahseltc/SUPER-STARKILLER-3000,
chezou/tabula-py,2018-09-01 00:00:00
chezou/Mykytea-python,2018-09-01 00:00:00
CHN/React-Native-Multitouch-Button,
4k-developer/4K-Botnet,
wwevo/7dtd-chrani-bot,2019-05-01 00:00:00
chrisvfritz/vue-enterprise-boilerplate,2018-02-01 00:00:00
bencodezen/vuepress-blog-boilerplate,2018-02-01 00:00:00
uweinbrasil/vueenterprise,2018-02-01 00:00:00
chriwo/TYPO3-Distribution,
chylex/TweetDuck,2016-05-01 00:00:00
chylex/Transparent-Twitch-Chat,2016-05-01 00:00:00
habibieamrullah/Arabic-Alphabets-Game,
habibieamrullah/CiihuyMailSender,
ng-alain/ng-alain,
ng-alain/delon,
paragonie-scott/public-projects,2017-03-01 00:00:00
Circles-Bot/CirclesBot,
citruslee/Studijne-materialy-FIIT,
PolyplexEngine/libpp,2018-04-01 00:00:00
CloneDeath/ZombiesAteMyTeacher,
CloneDeath/MidnightDrive,
CloneDeath/DinosaurLaserKnifeFight,
CloneDeath/SokobanNokia3310,
CloneDeath/Katamari-Prototype,
CloneDeath/MiniMon,
CloneDeath/LoveIsBlind,
christopherwk210/bridge,
ClusterWS/cWS,2019-02-01 00:00:00
AdrienTorris/HandmadeHeroVideoRecorder,
CNCKitchen/Open-Pull,2018-12-01 00:00:00
ContributorCovenant/beacon,2018-08-01 00:00:00
g0ld3lux/laravel-vue-starter,
Codename-METASYS/theory,
ryanburgess/ruby-rogues-picks,2015-06-01 00:00:00
Coding-Coach/coding-coach,
piquesel/coding-math,2015-08-01 00:00:00
javierarce/taller-processing,
chznbaum/the-mom-bot,
javierarce/interestingnesses,
CodingTrain/Rainbow-Topics,2017-11-01 00:00:00
shiffman/A2Z-F16,2017-11-01 00:00:00
lachapelle/nicebubbles,
kodycode/CoinMarketBot,
thephpleague/commonmark,
ktravis/patreon-podfeed,2015-08-01 00:00:00
stitchng/adonis-queue,
codeshifu/sync-dotenv,
thereactivestack/meteor-react-router-ssr,5/1/2018 0:00
copleykj/socialize-messaging,5/1/2018 0:00
copleykj/socialize-friendships,5/1/2018 0:00
copleykj/socialize-base-model,5/1/2018 0:00
copleykj/socialize-user-presence,5/1/2018 0:00
copleykj/socialize-likeable,5/1/2018 0:00
copleykj/socialize-user-profile,5/1/2018 0:00
copleykj/socialize-user-model,5/1/2018 0:00
copleykj/socialize-postable,5/1/2018 0:00
copleykj/socialize-cloudinary,5/1/2018 0:00
copleykj/socialize-linkable-model,5/1/2018 0:00
copleykj/socialize-commentable,5/1/2018 0:00
copleykj/socialize-feed,5/1/2018 0:00
TarekSherif/learnFlaskStepByStep,2018-03-01 00:00:00
corkami/pics,2016-09-01 00:00:00
corkami/docs,2016-09-01 00:00:00
fingerco/snowplow-terraform-starter,2018-12-01 00:00:00
fingerco/pragmacoders-analytics,2018-12-01 00:00:00
coryrylan/blueprint-css,5/1/2019 0:00
coryrylan/ngx-lite,5/1/2019 0:00
cotoami/cotoami,2018-09-01 00:00:00
andreasfertig/cppinsights,2018-07-01 00:00:00
cpuwolf/XTouchDownRecorder,
cpuwolf/pywebfmc,
cpuwolf/pyff777wingflexfix,
CraftingAsAService/CraftingNinja,2018-08-01 00:00:00
craftworkgames/MonoGame.Extended,2016-04-01 00:00:00
1c7/Crash-Course-Computer-Science-Chinese,2016-06-01 00:00:00
crazyhorse961/ScalaVote,
createthis/createthis_vr_ui,
createthis/mesh_maker_vr,
createthis/vrefactor_unity_nature_starter_kit2,
cristian-gabbanini/fem-downloader,
AutoSpotting/AutoSpotting,2018-12-01 00:00:00
manaliad/data-science,
cryptag/notes,2016-11-01 00:00:00
cryptag/clip,2016-11-01 00:00:00
CryptoGnome/Profit-Trailer-Settings,
CryptoGnome/Gnome-Feeder,
CryptoGnome/Community-Tools,
CryptoGnome/Gnome-Alerts,
CryptoGnome/Profit-Pi,
grin-compiler/grin,2019-05-01 00:00:00
sharpaccent/Procedural-Dungeon-Generator,2018-01-01 00:00:00
sharpaccent/ScriptableObject-Library,2018-01-01 00:00:00
sharpaccent/Behavior-Editor,2018-01-01 00:00:00
sharpaccent/Lightweight-State-Machine,2018-01-01 00:00:00
sharpaccent/inventory-framework,2018-01-01 00:00:00
sharpaccent/Component-State-Machine,2018-01-01 00:00:00
cssanimation/css-animation-101,
Spartan322/M3L,2017-07-01 00:00:00
cursodepythonoficial/flask_drops,
gcushen/hugo-academic,
sourcethemes/academic-kickstart,
sourcethemes/academic-admin,
sourcethemes/project-kickstart-r,
Orbiter/academic-test,
lizekang/academic-website,
rbind/cheap_shots,
cutetee/qml,2018-11-01 00:00:00
cutls/TheDesk,
CYBERHIPPIECO/SEAFARERWALLOWS,2016-03-01 00:00:00
croquelois/HexCloseCircuit,2018-02-01 00:00:00
d2phap/ImageGlass,
Social-chan/Hikari,
Social-chan/Tadaima,
Social-chan/Ether,
Social-chan/Bento,
megai2/d912pxy,
FBMachine/bon,2018-12-01 00:00:00
daanzu/kaldi-active-grammar,
dafer45/TBTK,2018-07-01 00:00:00
youtplayer/yout,2019-03-01 00:00:00
uni-linux/uni,2019-03-01 00:00:00
daltonmenezes/netflix-list-exporter,2019-03-01 00:00:00
uni-linux/recipes,2019-03-01 00:00:00
daltonmenezes/pepper-the-chicken,2019-03-01 00:00:00
youtplayer/youtplayer.github.io,2019-03-01 00:00:00
daltonmenezes/orb,2019-03-01 00:00:00
daltonmenezes/hyper-init,2019-03-01 00:00:00
techmandan/my-blog,
iamDangerous420/Paradox-Cogs,
danichim/web-technologies,
KodSever/Sources,2015-10-01 00:00:00
Danielv123/factorioClusterio,7/1/2018 0:00
raga2560/My-Articles,
raga2560/economystuffs,
pinnet/sublink,
pixelfed/pixelfed,2018-06-01 00:00:00
darkconsole/avorion-turret-editor,2015-10-01 00:00:00
Chekote/minecraft_modpack_1.8.9,2016-03-01 00:00:00
Jarcionek/Factorio-Tag-To-Teleport,
darkguy2008/kyma,
darkguy2008/IPMan,
darklordabc/Legends-of-Dota-Redux,2018-06-01 00:00:00
mikedesu/ogdl,
dpalay/RaiderBot,
deanrather/pavlov-community-modkit,2019-05-01 00:00:00
terabyte25/openmw-tes3mp,2017-06-01 00:00:00
DavidEWexler/crypto-mining-node,
justindavis3d/Lucid-SpaceDream-Music-Visualizer,
Flyrell/axios-auth-refresh,
dawoe/umbraco-nexu,2018-05-01 00:00:00
dawoe/umbraco-loadbalancing-dashboard,2018-05-01 00:00:00
dawoe/umbraco-tour-editor,2018-05-01 00:00:00
dawoe/OEmbed-Picker-Property-Editor,2018-05-01 00:00:00
dawoe/umbraco-redirectsviewer,2018-05-01 00:00:00
sqlitebrowser/sqlitebrowser,2018-08-01 00:00:00
DBDiff/DBDiff,
deNULL/Az.js,2019-02-01 00:00:00
DeadlyBossMods/DeadlyBossMods,2018-08-01 00:00:00
DeadlyBossMods/DBM-Classic,2018-08-01 00:00:00
DeadlyBossMods/DBM-Legion,2018-08-01 00:00:00
DeadlyBossMods/DBM-WoD,2018-08-01 00:00:00
DeadlyBossMods/DBM-Dungeons,2018-08-01 00:00:00
DeadlyBossMods/DBM-WotLK,2018-08-01 00:00:00
DeadlyBossMods/DBM-MoP,2018-08-01 00:00:00
DeadlyBossMods/DBM-Cataclysm,2018-08-01 00:00:00
DeadlyBossMods/DBM-BCVanilla,2018-08-01 00:00:00
ImaginariaRU/RPGLinks,2017-12-01 00:00:00
wgeorgecook/noTweet,2016-01-01 00:00:00
deckerweb/toolbar-extras,
deckerweb/builder-template-categories,
deckerweb/genesis-layout-extras,
deckerweb/toolbar-extras-oxygen,
decomoji/slack-reaction-decomoji,
dedmen/ArmaDebugEngine,2018-10-01 00:00:00
dedmen/ArmaScriptProfiler,2018-10-01 00:00:00
sachinruk/deepschool.io,
degree9/meta,
degree9/boot-npm,
degree9/boot-semver,
degree9/boot-exec,
degree9/boot-semgit,
degree9/boot-nodejs,
degree9/featherscript,
degree9/uikit-hl,
degree9/covenant,
degree9/boot-shadow,
degree9/boot-electron,
degree9/enterprise,
degree9/experience,
degree9/boot-io,
degree9/meta-template,
deiv/driftnet,
Jeansding/awesome-python-applications,2016-12-01 00:00:00
IoriBranford/demonizer,
DenisKolodin/yew,2018-04-01 00:00:00
deniszholob/factorio-cheat-sheet,2017-11-01 00:00:00
deniszholob/factorio-softmod-pack,2017-11-01 00:00:00
deniszholob/blender-audio-visualizer-addon,2017-11-01 00:00:00
deniszholob/factorio-machine-ratio-calc,2017-11-01 00:00:00
mcmonkeyprojects/Sentinel,2017-12-01 00:00:00
deployphp/deployer,2017-03-01 00:00:00
raywo/MMM-PublicTransportHafas,2018-02-01 00:00:00
MuellerMH/eve_crest_coldfusion,
MuellerMH/cfcamazonapi,
MuellerMH/WebCMS,
MuellerMH/nginx_rtmp,
MuellerMH/BossGame,
MuellerMH/ColdFusionRailoDemoProject,
MuellerMH/railowebapp,
MuellerMH/track,
MuellerMH/railo,
MuellerMH/IngressBot,
MuellerMH/EveApi,
MuellerMH/MinecraftSocial,
MuellerMH/lucee,
dessalines/lemmy,
rialms/noCaptcha,2018-09-01 00:00:00
Desvelao/artifact-hero-names-replacer,
dev2lead/uppersafe-osfw,
poshbotio/PoshBot,
devCU/IPS-4.3-BitTracker,
devCU/IPS-SideNote,
devCU/IPS-4.4-BitTracker,
devCU/IPS-Toasted,
WXdisco/WXdashboard,
GaalexxC/IPS-Application-Boilerplate,
devCU/IPS-JAMB,
devCU/IPS-FrontPage,
devCU/DCU-Dashboard,
GlPortal/glPortal,
GlPortal/RadixEngine,
sebastienvercammen/devkat-rm-node-webserver,
devlife-apps/connect2sql,
devopsgroup-io/vagrant-hostmanager,
discordjs/RPC,9/1/2016 0:00
devsnek/discord-rich-presence,9/1/2016 0:00
JasonM97/Rust-Map-Editor,
dharmatype/Bebas-Neue,
dharmatype/Bebas-Kai,
dharmatype/Bebas,
diablojs/diablojs,
DiabloRodriguez/genshi,
dialglex/platformerGame,2018-07-01 00:00:00
phreaknation/plugin.dialogmanager,
phreaknation/plugin.registrymanager,
phreaknation/v.js,
d8ahazard/FlexTV,
directus/api,2017-05-01 00:00:00
directus/app,2017-05-01 00:00:00
CptDinosaur/Pressure2DarkPatch,2016-09-01 00:00:00
jagrosh/GiveawayBot,2018-07-01 00:00:00
discordjs/discord.js,10/1/2016 0:00
hydrabolt/discord.js,10/1/2016 0:00
amishshah/prism-media,10/1/2016 0:00
amishshah/ytdl-core-discord,10/1/2016 0:00
TuxyDev/packet.js,10/1/2016 0:00
jim-discord-dev/ImgWelcome,10/1/2016 0:00
xiaodaigh/disk.frame,
shirosaidev/diskover-web,
Dissfall/Instagram-cpp,
DIY-Machines/SmartPlantV1,2019-03-01 00:00:00
Batrium/WatchMonUdpListener,2017-04-01 00:00:00
djlastnight/KeyboardSplitterXbox,
djlastnight/HidRawDataWatcher,
djlastnight/HidRawData,
djlastnight/ExtensibleCalculator,
djlastnight/PsMidiProfiler,
dkulyk/nova-tabs,
awesome-nova/filter-card,
awesome-nova/dependent-filter,
dkulyk/nova-filter-card,
awesome-nova/tool-actions,
dkulyk/nova-dependent-filter,
dm94/Ts3DinamicBot,
maartenJacobs/Mondriaan,2015-08-01 00:00:00
doananh234/gatsby-mysite,
djc/askama,2018-07-01 00:00:00
djc/tokio-imap,2018-07-01 00:00:00
djc/abna,2018-07-01 00:00:00
docode-ru/p5js-osnovy,
docode-ru/python-osnovy,
yudataguy/Awesome-Japanese,2017-09-01 00:00:00
olety/japanese-pitch-accent-resources,2017-09-01 00:00:00
lrenaud/jaPitchPlotter,2017-09-01 00:00:00
dolanmiu/docx,2019-02-01 00:00:00
macouno/shipwright,2017-08-01 00:00:00
donaldpipowitch/code-coverage-explorer,
doppelgunner/YouBot,
doppelgunner/Keyboard-Snooper,
zakaton/Penny-Seed,2017-10-01 00:00:00
dota2unofficial/overthrow2,2018-09-01 00:00:00
douglasjunior/android-simple-tooltip,
douglasjunior/react-native-keyboard-manager,
douglasjunior/react-native-simple-dialogs,
douglasjunior/AndroidBluetoothLibrary,
douglasjunior/emage,
douglasjunior/react-native-easybluetooth-classic,
douglasjunior/react-native-easybluetooth-le,
douglasjunior/react-native-get-location,
douglasjunior/react-recaptcha-that-works,
dougsweetser/train_wreck,2016-12-01 00:00:00
VeliovGroup/Meteor-Files,
VeliovGroup/Meteor-Files-Demos,
VeliovGroup/Mail-Time,
VeliovGroup/Meteor-Cookies,
VeliovGroup/Meteor-Mailer,
VeliovGroup/Meteor-root,
VeliovGroup/Meteor-Files-Demo,
VeliovGroup/Client-Storage,
VeliovGroup/josk,
VeliovGroup/request-extra,
dragonfire535/xiao,2017-06-01 00:00:00
dragonfire535/auto,2017-06-01 00:00:00
dragonfire535/rando-cardrissian,2017-06-01 00:00:00
dragonfire535/roll,2017-06-01 00:00:00
dragonfire535/meme-poster,2017-06-01 00:00:00
dragonfire535/yoda-speak-api,2017-06-01 00:00:00
dragonfire535/kagamine-len,2017-06-01 00:00:00
dragonfire535/cah-deck-maker,2017-06-01 00:00:00
dragonfire535/cleverbot,2017-06-01 00:00:00
dragonfire535/imgur-poster,2017-06-01 00:00:00
drako0812/DRAK-0,
Drenwor/idleheroes_simulator,
drozdzynski/Steppers,
yanigisawa/dtns-normalize,
ohyo-io/wampire,
bearman92/godot_appodeal,
DunkoUK/dunko_vrp,
Th3Z0n3/roboserver,
DXsmiley/mathbot,2017-05-01 00:00:00
dylanaraps/pure-bash-bible,2017-06-01 00:00:00
dylanaraps/pywal,2017-06-01 00:00:00
dylanaraps/pxltrm,2017-06-01 00:00:00
dylanaraps/bum,2017-06-01 00:00:00
dylanaraps/discord-selena,2017-06-01 00:00:00
eNzyOfficial/GMLScripts,
e7d/speedtest,
pappavis/Easylab4kids_lessen,
IntrepidGamer/ECHO19_FA18C_STABLE,
AlfCito/ey360,
codex-team/editor.js,
editter/hassio-addons,
animenotifier/arn,
veekun/pokedex,2016-06-01 00:00:00
eevee/anise-cheezball-rising,2016-06-01 00:00:00
egoist/vue-router-prefetch,2017-05-01 00:00:00
egoist/npm-size,2017-05-01 00:00:00
ryceg/Eigengrau-s-Essential-Establishment-Generator,2018-05-01 00:00:00
robcowart/elastiflow,
ElChicoDePython/pizzabot,
quassy/elementary-apps,2015-03-01 00:00:00
EloiStree/Experiments,
emTr0/lpthw,
clevett/Shadowrun-Anarchy,2017-05-01 00:00:00
EmmanuelMess/Simple-Cleanup,2019-03-01 00:00:00
EmmanuelMess/Simple-Planner,2019-03-01 00:00:00
Emzi0767/Discord-Companion-Cube-Bot,
Emzi0767/Discord-Emoji-Scavenger,
Emzi0767/Discord-ASM-Bot,
Emzi0767/Devi-Discord-Selfbot,
DSharpPlus/FSharp-Bot,
Emzi0767/Discord-Music-Turret-Bot,
Emzi0767/Discord-3X-Bot,
Emzi0767/Discord-Breencast-Bot,
Emzi0767/R6-Strat-Roulette,
Lazy-Newb-Pack/Lazy-Newb-Pack-Linux,2017-06-01 00:00:00
encodeering/js-showcase-jest,
encodeering/codesk,
gamestdio/colyseus-monitor,10/1/2017 0:00
PosteStudio/swiftenejemplos,
RuntimeCompiledCPlusPlus/RuntimeCompiledCPlusPlus,
dougbinks/enkiTS,
juliettef/imgui_markdown,
dougbinks/enkiTSExamples,
dougbinks/enkiMI,
juliettef/enkiWS,
Epistol/EpiBlog-WP-Theme,
nayafia/lemonade-stand,11/1/2016 0:00
duddukurimahesh/node-hapi.js,11/1/2016 0:00
lark-parser/lark,2018-10-01 00:00:00
sreedharsiddu/sridharsiddu,2017-10-01 00:00:00
blackhole12/sweetiebot,2016-08-01 00:00:00
erikras/redux-form,7/1/2016 0:00
Kirasaitru/kw-maps,
fire/SensibleEditorSourceCodeAccess,
hakelimopu/tjofgd-project1,
errorinn/netsim,2017-04-01 00:00:00
evaera/RoVer,2016-06-01 00:00:00
evaera/RbxSync,2016-06-01 00:00:00
es20490446e/DOS-Runner,
eserozvataf/evangelist,
eserozvataf/darty-react-app,
eserozvataf/servicemanager,
eserozvataf/create-darty-app,
eserozvataf/jsmake-libraries,
eserozvataf/immunity,
eserozvataf/eser,
eserozvataf/react-eventmanager,
eserozvataf/jsmake,
eserozvataf/darty,
eserozvataf/tassle,
eserozvataf/vscode-one-dark-pro-monokai-darker,
eserozvataf/create-darty-app-old,
eserozvataf/eser.ozvataf.com,
eserozvataf/ponyfills,
eserozvataf/senior,
eserozvataf/enthusiast,
eserozvataf/es6-cachemanager,
eserozvataf/cofounder-node,
eserozvataf/entrepreneur,
eserozvataf/maester,
eserozvataf/hex-react,
eserozvataf/cofounder,
eserozvataf/consultant,
eserozvataf/hex-core,
jwcnewton/Espruino-Desktop,2017-02-01 00:00:00
inferno986return/cathedral-bazaar-ebook,2015-07-01 00:00:00
EssentialsX/Essentials,2017-12-01 00:00:00
etcroot/Brie,
EthanThatOneKid/readme-template,
d4hines/lacona-etym,2017-10-01 00:00:00
andresperezc/euler-kids,
eunsoogi/tos-addons,
mrjoelkemp/awesome-paid-open-source,3/1/2016 0:00
source-foundry/inc,3/1/2016 0:00
jamesgeorge007/Skills-Hub,3/1/2016 0:00
w3cj/OverVue,3/1/2016 0:00
alto971/Unity-Store-Editor,
eslachance/enmap,
EvoTM/EvoSC,
viktorgullmark/exilence,
ossfriendly/open-source-supporters,
oestrich/ex_venture,2018-08-01 00:00:00
oestrich/grapevine,2018-08-01 00:00:00
oestrich/grapevine-legacy,2018-08-01 00:00:00
oestrich/raisin,2018-08-01 00:00:00
f1lt3r/chromafi,
F1LT3R/ansi-to-svg,
F1LT3R/ansi-to,
f1lt3r/implant,
F1LT3R/fuzi,
terser-js/terser,2018-10-01 00:00:00
sophiewarnes/sophiewarnes.github.io,
falconisimator/PyMangaDB,
fangedhex/yapm,
fangedhex/tinybooter,
fantasticfears/cppjieba_rb,
fastily/jwiki,
fatih/vim-go-tutorial,2016-11-01 00:00:00
fatihunlu/vue-admin-template,
favna/ribbon,2019-05-01 00:00:00
Favna/ribbon,2019-05-01 00:00:00
fazibear/colorize,
inesita-rb/inesita,
fazibear/export,
fazibear/defql,
fazibear/tensorflow.cr,
fazibear/airbrakex,
fazibear/ex_ical,
fazibear/opal-virtual-dom,
fazibear/codeclimate-credo,
fazibear/asciify-me,
fazibear/opal-phoenix,
fazibear/fazic,
fazibear/opal-web-midi,
fazibear/inesid,
fazibear/opal-airbrake,
fazibear/opal-sid,
Felixls/node-red-contrib-tplink-smarthome,
Felixls/electronics,
micromata/awesome-open-source-supporting,2017-12-01 00:00:00
yupferris/ferris-makes-demos-notes,2017-02-01 00:00:00
AricStewart/ffxiv_craft,2019-02-01 00:00:00
TutorialDoctor/TD-Godot-3-Demos,
snd3r/docker-rtorrent,2018-03-01 00:00:00
luanpotter/audioplayers,2019-02-01 00:00:00
fireundubh/modsmith,2018-02-01 00:00:00
jaygumji/ArcemiPathfinderKingmakerTools,2018-02-01 00:00:00
f-prime/fist,
project-slippi/project-slippi,2018-12-01 00:00:00
FriendsOfFlarum/ads,
FriendsOfFlarum/passport,
flagrow/telegram,
flagrow/users-list,
flagrow/terms,
flagrow/impersonate,
FriendsOfFlarum/subscribed,
flagrow/html-errors,
flagrow/canned-messages,
Moonlington/discordflo,
Moonlington/DiscordSurvival,
flurinduerst/WPDistillery,
flurinduerst/WPSeed,
Navideck/Romo,
Navideck/Romo-X,
Navideck/Romo-Firmware,
sillvva/foundry-vtt-modules,2018-09-01 00:00:00
fr30n/bookify,
fr30n/ganalytics,
marc365/AMOSProfessional,2019-02-01 00:00:00
FredrikNoren/ungit,1/1/2018 0:00
city256/freeacs-master,
hassio-addons/addon-homebridge,
hassio-addons/addon-pi-hole,
hassio-addons/addon-vscode,
hassio-addons/addon-node-red,
hassio-addons/addon-tasmoadmin,
hassio-addons/addon-ide,
hassio-addons/addon-aircast,
hassio-addons/addon-grafana,
hassio-addons/addon-ssh,
hassio-addons/addon-adb,
hassio-addons/addon-unifi,
hassio-addons/addon-portainer,
hassio-addons/addon-spotify-connect,
hassio-addons/addon-glances,
hassio-addons/addon-adguard-home,
hassio-addons/addon-airsonos,
hassio-addons/addon-plex,
hassio-addons/addon-traccar,
hassio-addons/addon-example,
hassio-addons/addon-jupyterlab-lite,
hassio-addons/bashio,
hassio-addons/addon-bitwarden,
hassio-addons/addon-tor,
hassio-addons/addon-docker-enabler,
hassio-addons/addon-base,
frenck/python-adguardhome,
hassio-addons/addon-appdaemon,
hassio-addons/addon-ftp,
hassio-addons/addon-base-python,
hassio-addons/addon-ubuntu-base,
hassio-addons/addon-happy-bubbles,
hassio-addons/addon-octobox,
magicnanners/UnityFontReplacer,2015-09-01 00:00:00
nuxdie/frontendweekend,2017-08-01 00:00:00
grz0zrg/fsynth,
alvarotrigo/fullPage.js,6/1/2018 0:00
tantivy-search/tantivy,2019-03-01 00:00:00
vanilophp/framework,
graninas/Functional-Design-and-Architecture,2019-01-01 00:00:00
Vazerthon/funfunforum-usermap,
funkypenguin/geek-cookbook,2017-10-01 00:00:00
krisk/Fuse,10/1/2016 0:00
krisk/fuse-swift,10/1/2016 0:00
yznpku/LabCompass,2018-03-01 00:00:00
fvcproductions/apprenticeships.me,
fvcproductions/hire-me,
fvcproductions/diversify-me,
fvcproductions/dotfiles,
fvcproductions/fvcproductions.github.io,
fvcproductions/maintain-me,
fvcproductions/readme,
fvcproductions/website-v3,
fvcproductions/applications,
fvcproductions/docsify-starter,
fwartner/laravel-installer,
Fy-/FyWorld,2018-08-01 00:00:00
pedall/g4m3r-wiki,2017-07-01 00:00:00
gabrielevierti/Liquid-Engine,
gabrielevierti/CaesarCypher,
Gadgetoid/microbit.pinout.xyz,2016-01-01 00:00:00
gajus/slonik,2019-04-01 00:00:00
gajus/table,2019-04-01 00:00:00
galodoido794/AUTOBOT_FIFAX,
serapth/Godot2DTutorial,2017-06-01 00:00:00
GamingWubba93/The-Moon-Adventure-Pack,
Ganom/ExternalPlugins,
zakariaGatter/i3blocks-gate,
ironphp/ironphp,
ironphp/app,
belmeg/discordthemes,
GDquest/godot-open-rpg,
gecko0307/dmech,2018-05-01 00:00:00
gecko0307/dagon-demo,2018-05-01 00:00:00
LyrurusTetrix/sea_love_breakout,2018-03-01 00:00:00
cthulhu666/rifter,
Discord-Bot-Maker-Mods/DBM-Mod-Installer,2018-12-01 00:00:00
NeilTheCoder/FamCord,
Geo1088/yuuko,
mbenitezmurillo/L,
PollyP/Notes-on-Penetration-Testing-A-Hands-On-Guide-to-Hacking,2019-03-01 00:00:00
georgringer/news,2018-02-01 00:00:00
getButterfly/imagepress,
getButterfly/v5-star-ratings,
getButterfly/noir-ui,
getify/You-Dont-Know-JS,2015-08-01 00:00:00
getify/Functional-Light-JS,2015-08-01 00:00:00
azat-io/you-dont-know-js-ru,2015-08-01 00:00:00
cezaraugusto/You-Dont-Know-JS,2015-08-01 00:00:00
CuiFi/You-Dont-Know-JS-CN,2015-08-01 00:00:00
specter01wj/Book-you_dont_know_js,2015-08-01 00:00:00
ngminhtrung/You-Dont-Know-JS,2015-08-01 00:00:00
xiaoboost/Functional-Light-JS-Zh,2015-08-01 00:00:00
abhibanerjeehome/YouDontKnowJSbook,2015-08-01 00:00:00
fuel-efficient/js-we-don-t-understand,2015-08-01 00:00:00
ZzzzS/https-github.com-getify-You-Dont-Know-JS,2015-08-01 00:00:00
getspooky/Library,
gettalong/kramdown,2016-12-01 00:00:00
ghedipunk/PHP-Websockets,
ghuntley/live,
GIGAMOLE/NEON,
AnveshReddyT/DevLight-Mobile-Agency-InfiniteCycleViewPager,
StellarFw/stellar,
gioxx/firefox-dict,2018-02-01 00:00:00
gitconnected/sponsors,
yysun/git-tools,
gkmngrgn/hugo-alageek-theme,
gkmngrgn/django-notes,
VonOx/Gladys-trytravis,2018-07-01 00:00:00
GladysAssistant/Gladys-Android,
glutanimate/review-heatmap,2017-10-01 00:00:00
glutanimate/image-occlusion-enhanced,2017-10-01 00:00:00
glutanimate/cloze-overlapper,2017-10-01 00:00:00
glutanimate/syntax-highlighting,2017-10-01 00:00:00
glutanimate/popup-dictionary,2017-10-01 00:00:00
glutanimate/mini-format-pack,2017-10-01 00:00:00
glutanimate/frozen-fields,2017-10-01 00:00:00
glutanimate/memobeam,2017-10-01 00:00:00
GMartigny/circular-progress-bar,
GMartigny/lorem-pix,
GMartigny/opti-status,
GMartigny/v8.js,
GMartigny/gh.midi,
GMartigny/gravity,
Noobulater/gmforge-core,2017-07-01 00:00:00
kfox/dotfiles,2016-01-01 00:00:00
gnif/LookingGlass,2017-12-01 00:00:00
goatfungus/NMSSaveEditor,2018-06-01 00:00:00
thExiled/DiabolicUI,
golightlyb/bakefont3,
golightlyb/hero-extant-2010,
manyoso/allie,2019-01-01 00:00:00
googleshokry/laravel-blade-directives,
gopanc/ps_linklist,
GrandMultiplayer/LuaPlugin,
grantcarthew/node-rethinkdb-job-queue,
grantcarthew/node-console-probe,
grantcarthew/node-scalable-blob-store,
grantcarthew/node-perj,
grantcarthew/node-mppg,
grantcarthew/node-test-constructs,
grantcarthew/node-package-template,
360disrupt/grassberry-high,2017-01-01 00:00:00
gregsaun/prusa_i3_bear_upgrade,2018-01-01 00:00:00
gregsaun/bear_extruder_and_x_axis,2018-01-01 00:00:00
greybax/awesome-IT-films,2019-05-01 00:00:00
greybax/cordova-plugin-proguard,2019-05-01 00:00:00
greybax/MarkdownCheatsheet,2019-05-01 00:00:00
greybax/github-extension-my-repo-news,2019-05-01 00:00:00
greybax/generator-tslint,2019-05-01 00:00:00
greybax/brandifyjs,2019-05-01 00:00:00
greybax/md-tags,2019-05-01 00:00:00
growboxguy/Gbox420,
gruppler/PTN-Ninja,2017-05-01 00:00:00
pxlphile/JasonStathamsBigVacationRPG,2015-03-01 00:00:00
SkillTrack/skilltrack.github.io,2016-07-01 00:00:00
amark/gun,2016-12-01 00:00:00
gurkenlabs/litiengine,
Mondier97/GetWaifus,2015-08-01 00:00:00
h3poteto/whalebird-desktop,2018-12-01 00:00:00
haasn/libplacebo,2017-12-01 00:00:00
Hairic95/Destroy-the-Lizard-Guys,2019-02-01 00:00:00
mhglover/flarezone,2016-12-01 00:00:00
hamstar0/tml-hamstarhelpers-mod,2017-11-01 00:00:00
hamstar0/tml-serverbrowser-mod,2017-11-01 00:00:00
hamstar0/tml-gamechanger-mod,2017-11-01 00:00:00
bouleytator/hanasaku,
Aidaho12/haproxy-wi,
Harrison1/unrealcpp,2018-02-01 00:00:00
Harrison1/unrealcpp-com,2018-02-01 00:00:00
iluminar/goodwork,
haugene/docker-transmission-openvpn,2018-09-01 00:00:00
HaxeFlixel/flixel,2015-08-01 00:00:00
haxeui/haxeui-core,2016-01-01 00:00:00
haxeui/haxeui-kha,2016-01-01 00:00:00
haxeui/haxeui-openfl,2016-01-01 00:00:00
haxeui/haxeui-html5,2016-01-01 00:00:00
haxeui/haxeui-hxwidgets,2016-01-01 00:00:00
haxeui/haxeui-templates,2016-01-01 00:00:00
haxeui/haxeui-pixijs,2016-01-01 00:00:00
haxeui/haxeui-nme,2016-01-01 00:00:00
haynesherway/haynesbot,
hazae41/stablebot,
somethingunique2017/followfollow,
ReaTeam/ReaScripts,
hello-rust/show,2018-05-01 00:00:00
hello-rust/hello,2018-05-01 00:00:00
HellPie/hellpie.io,
helpyio/helpy,
HenryQuan/WoWs-Info-Origin,
sara0871/babel,3/1/2018 0:00
herent/c5_tutorials_database_attribute,
herrbischoff/awesome-macos-command-line,2019-04-01 00:00:00
herrbischoff/awesome-command-line-apps,2019-04-01 00:00:00
herrbischoff/nerdbar.widget,2019-04-01 00:00:00
herrbischoff/screaming-liquid-tiger,2019-04-01 00:00:00
herrbischoff/iterm2-gruvbox,2019-04-01 00:00:00
herrbischoff/cobalt2.vim,2019-04-01 00:00:00
herrbischoff/cheatsheets,2019-04-01 00:00:00
Hexworks/zircon,
Hexworks/mixite,
linux-remote/linux-remote,
sophiathekitty/SharedVariableSaveSystem,
smoriarty21/grow-tracker-android,
hillscott/pfsense-hwbuilds,
HimasRafeek/butterCake,
lemon-sour/lemon-sour.js,
donaldmilligan/flare-bible-study,
learn-anything/websites,
Homebrew/brew,2016-10-01 00:00:00
swttt/HomeyDash,
hovancik/stretchly,2017-11-01 00:00:00
hovancik/BSDSec,2017-11-01 00:00:00
hovancik/logical-fallacies-bot,2017-11-01 00:00:00
hovancik/logical-fallacies,2017-11-01 00:00:00
hydrusnetwork/hydrus,2016-05-01 00:00:00
CoelacanthStudios/hyperverse-webcomic-template,
SupunKavinda/CSS-Minifier-and-Unminifier-in-Javascript,
iNightfaller/SpeedGuidesLive,2018-07-01 00:00:00
mindaslab/ilrx,
a-patel/LiteXStorage,
a-patel/LiteXEmail,
a-patel/LiteXCache,
a-patel/LiteXSms,
johanw666/StarTrekTimelinesSpreadsheet,
abhishek6262/deployer,
abhishek6262/Composer,
abhishek6262/NodePHP,
ianyh/Amethyst,2016-01-01 00:00:00
iberianpig/fusuma,
iberianpig/tig-explorer.vim,
iberianpig/ranger-explorer.vim,
IbrahimTanyalcin/LEXICON,
IbrahimTanyalcin/taskq,
RfidResearchGroup/proxmark3,2018-12-01 00:00:00
iceman1001/ChameleonMini-rebooted,2018-12-01 00:00:00
iceman1001/ChameleonMini-rebootedGUI,2018-12-01 00:00:00
theteebox/IdentityServer,
ifmeorg/ifme,2016-05-01 00:00:00
Igmat/baset,
Igmat/metaf,
igtm/storypoint-for-asana-chrome-ext,
bofm/sublime-boxy-theme,2017-04-01 00:00:00
ihsoft/KAS,2018-04-01 00:00:00
ihsoft/KIS,2018-04-01 00:00:00
ihsoft/EasyVesselSwitch,2018-04-01 00:00:00
ihsoft/SurfaceLights,2018-04-01 00:00:00
MarginallyClever/POVSpinner,2017-10-01 00:00:00
imaNNeoFighT/circular_bottom_navigation,
christianlarcomb/TheSixsButler,
WPPlugins/wp-imdb-api,2018-03-01 00:00:00
cynicaloptimist/improved-initiative,2017-12-01 00:00:00
mistyk/inavradar-ESP32,2019-03-01 00:00:00
indiedevcasts/2d-jam,
begumerkal/PROJEM24,
Indieteur/GlobalHooks,
Indieteur/Steam-Apps-Management-API,
indigocalifornia/pmvc,
indygreg/PyOxidizer,2019-05-01 00:00:00
InfiniBrains/mobagen,
ingesolvoll/kee-frame,
inkle/ink-library,2018-03-01 00:00:00
InvadingOctopus/octopuskit,
inversed-ru/Ascension,2016-02-01 00:00:00
bitshifters/bad-apple,2015-08-01 00:00:00
teamfa/firebase-relationship,
invertase/firebase-relationship,
IonicaBizau/git-stats,1/1/2017 0:00
IonicaBizau/scrape-it,1/1/2017 0:00
IonicaBizau/github-contributions,1/1/2017 0:00
IonicaBizau/image-to-ascii,1/1/2017 0:00
IonicaBizau/gridly,1/1/2017 0:00
IonicaBizau/medium-editor-markdown,1/1/2017 0:00
IonicaBizau/node-cobol,1/1/2017 0:00
IonicaBizau/github-calendar,1/1/2017 0:00
IonicaBizau/cli-github,1/1/2017 0:00
IonicaBizau/youtube-api,1/1/2017 0:00
IonicaBizau/github-stats,1/1/2017 0:00
IonicaBizau/json2md,1/1/2017 0:00
IonicaBizau/node.cobol,1/1/2017 0:00
IonicaBizau/ghcal,1/1/2017 0:00
IonicaBizau/web-term,1/1/2017 0:00
IonicaBizau/idea,1/1/2017 0:00
IonicaBizau/reset-your-facebook-account,1/1/2017 0:00
IonicaBizau/emoji.css,1/1/2017 0:00
IonicaBizau/github-profile-languages,1/1/2017 0:00
IonicaBizau/electronify,1/1/2017 0:00
IonicaBizau/made-in-romania,1/1/2017 0:00
IonicaBizau/Flattiance,1/1/2017 0:00
IonicaBizau/git-unsaved,1/1/2017 0:00
IonicaBizau/made-in-brazil,1/1/2017 0:00
IonicaBizau/git-stats-importer,1/1/2017 0:00
IonicaBizau/emojic,1/1/2017 0:00
IonicaBizau/gif-cli,1/1/2017 0:00
IonicaBizau/terminal-flat-theme,1/1/2017 0:00
IonicaBizau/repository-downloader,1/1/2017 0:00
IonicaBizau/nodeice,1/1/2017 0:00
IonicaBizau/github-labeller,1/1/2017 0:00
IonicaBizau/node-fortran,1/1/2017 0:00
IonicaBizau/tinyreq,1/1/2017 0:00
IonicaBizau/learning-nodejs,1/1/2017 0:00
IonicaBizau/made-in-india,1/1/2017 0:00
IonicaBizau/node-ipinfo,1/1/2017 0:00
IonicaBizau/typpy,1/1/2017 0:00
IonicaBizau/node-cli-box,1/1/2017 0:00
IonicaBizau/node-is-there,1/1/2017 0:00
IonicaBizau/edit-json-file,1/1/2017 0:00
IonicaBizau/namly,1/1/2017 0:00
IonicaBizau/made-in-turkey,1/1/2017 0:00
IonicaBizau/magnesium,1/1/2017 0:00
IonicaBizau/mini-lightbox,1/1/2017 0:00
ionicabizau/mini-lightbox,1/1/2017 0:00
IonicaBizau/powershell,1/1/2017 0:00
IonicaBizau/image-to-ascii-cli,1/1/2017 0:00
IonicaBizau/ejs-playground,1/1/2017 0:00
IonicaBizau/node.fortran,1/1/2017 0:00
IonicaBizau/bat,1/1/2017 0:00
IonicaBizau/showalicense.com,1/1/2017 0:00
IonicaBizau/anser,1/1/2017 0:00
IonicaBizau/text-to-speech-js,1/1/2017 0:00
IonicaBizau/gh.js,1/1/2017 0:00
IonicaBizau/mdify,1/1/2017 0:00
IonicaBizau/birthday,1/1/2017 0:00
IonicaBizau/node-cli-graph,1/1/2017 0:00
IonicaBizau/img-ssim,1/1/2017 0:00
IonicaBizau/node-color-it,1/1/2017 0:00
IonicaBizau/react-todo-app,1/1/2017 0:00
IonicaBizau/le-table,1/1/2017 0:00
IonicaBizau/made-in-russia,1/1/2017 0:00
IonicaBizau/img-to-svg,1/1/2017 0:00
IonicaBizau/emoji-dictionary,1/1/2017 0:00
IonicaBizau/cli-gh-cal,1/1/2017 0:00
IonicaBizau/made-in-bosnia,1/1/2017 0:00
IonicaBizau/mdy,1/1/2017 0:00
IonicaBizau/node-cli-frames,1/1/2017 0:00
IonicaBizau/tangram,1/1/2017 0:00
IonicaBizau/tilda,1/1/2017 0:00
IonicaBizau/github-colors,1/1/2017 0:00
IonicaBizau/cheerio-req,1/1/2017 0:00
IonicaBizau/react-weather-app,1/1/2017 0:00
IonicaBizau/test-youtube-api,1/1/2017 0:00
IonicaBizau/bag.css,1/1/2017 0:00
IonicaBizau/github-org-members.js,1/1/2017 0:00
IonicaBizau/made-in,1/1/2017 0:00
IonicaBizau/face-detectify,1/1/2017 0:00
IonicaBizau/memory-blocks,1/1/2017 0:00
IonicaBizau/code-style,1/1/2017 0:00
IonicaBizau/kindly-license,1/1/2017 0:00
IonicaBizau/dotfiles,1/1/2017 0:00
IonicaBizau/match.js,1/1/2017 0:00
IonicaBizau/ship-release,1/1/2017 0:00
IonicaBizau/github-old-header,1/1/2017 0:00
IonicaBizau/parrot-bot,1/1/2017 0:00
IonicaBizau/git-stats-html,1/1/2017 0:00
IonicaBizau/console.js,1/1/2017 0:00
IonicaBizau/before-leaving-me.js,1/1/2017 0:00
IonicaBizau/text-to-speech,1/1/2017 0:00
IonicaBizau/node-cobol-promises,1/1/2017 0:00
IonicaBizau/node-messager,1/1/2017 0:00
IonicaBizau/love-you,1/1/2017 0:00
IonicaBizau/msdos-editor,1/1/2017 0:00
IonicaBizau/flight-tracker,1/1/2017 0:00
IonicaBizau/cli-emoji,1/1/2017 0:00
IonicaBizau/emoji-name-map,1/1/2017 0:00
IonicaBizau/made-in-austria,1/1/2017 0:00
IonicaBizau/image-parser,1/1/2017 0:00
IonicaBizau/node-ansi-parser,1/1/2017 0:00
IonicaBizau/text-animation,1/1/2017 0:00
IonicaBizau/made-in-poland,1/1/2017 0:00
IonicaBizau/CaiuSS,1/1/2017 0:00
IonicaBizau/cli-confetti,1/1/2017 0:00
IonicaBizau/made-in-ukraine,1/1/2017 0:00
IonicaBizau/IsRespo,1/1/2017 0:00
IonicaBizau/elly,1/1/2017 0:00
IonicaBizau/github-emojify,1/1/2017 0:00
IonicaBizau/clp,1/1/2017 0:00
IonicaBizau/parse-path,1/1/2017 0:00
IonicaBizau/git-change-author,1/1/2017 0:00
IonicaBizau/slugly,1/1/2017 0:00
IonicaBizau/smart-foreground,1/1/2017 0:00
IonicaBizau/statique,1/1/2017 0:00
IonicaBizau/VimOS,1/1/2017 0:00
IonicaBizau/tester,1/1/2017 0:00
IonicaBizau/daty,1/1/2017 0:00
IonicaBizau/cli-sunset,1/1/2017 0:00
IonicaBizau/emoji-logger,1/1/2017 0:00
LienJS/Lien,1/1/2017 0:00
IonicaBizau/my-mentees,1/1/2017 0:00
IonicaBizau/jQuery-cross-domain-requests,1/1/2017 0:00
IonicaBizau/coins-ph,1/1/2017 0:00
IonicaBizau/OctiMatch,1/1/2017 0:00
IonicaBizau/node-bug-killer,1/1/2017 0:00
IonicaBizau/machine-ip,1/1/2017 0:00
IonicaBizau/scrape-it-cli,1/1/2017 0:00
IonicaBizau/made-in-italy,1/1/2017 0:00
BibleJS/bible-english,1/1/2017 0:00
IonicaBizau/cute-logger,1/1/2017 0:00
IonicaBizau/err,1/1/2017 0:00
IonicaBizau/csv-it,1/1/2017 0:00
IonicaBizau/match-all,1/1/2017 0:00
IonicaBizau/made-in-colombia,1/1/2017 0:00
IonicaBizau/node-line-diff,1/1/2017 0:00
IonicaBizau/remove-blank-lines,1/1/2017 0:00
IonicaBizau/anything-for-dummies,1/1/2017 0:00
IonicaBizau/transformer,1/1/2017 0:00
IonicaBizau/donate.js,1/1/2017 0:00
IonicaBizau/sundown,1/1/2017 0:00
IonicaBizau/percent-value,1/1/2017 0:00
IonicaBizau/electroner,1/1/2017 0:00
IonicaBizau/made-in-france,1/1/2017 0:00
IonicaBizau/fs-file-tree,1/1/2017 0:00
IonicaBizau/arc-assembler,1/1/2017 0:00
IonicaBizau/rucksack,1/1/2017 0:00
IonicaBizau/msdos-editor-vs-theme,1/1/2017 0:00
IonicaBizau/pi-number,1/1/2017 0:00
IonicaBizau/rucksack.js,1/1/2017 0:00
IonicaBizau/made-in-portugal,1/1/2017 0:00
IonicaBizau/pi-decimals,1/1/2017 0:00
IonicaBizau/bnotify,1/1/2017 0:00
IonicaBizau/sort-github-user-repos,1/1/2017 0:00
IonicaBizau/photon-browser,1/1/2017 0:00
IonicaBizau/node-lnf,1/1/2017 0:00
IonicaBizau/validate5,1/1/2017 0:00
IonicaBizau/pi-digits,1/1/2017 0:00
IonicaBizau/emoji-unicode,1/1/2017 0:00
IonicaBizau/emojer,1/1/2017 0:00
IonicaBizau/packy,1/1/2017 0:00
IonicaBizau/vectorial-spaces,1/1/2017 0:00
IonicaBizau/memories,1/1/2017 0:00
IonicaBizau/asciify-pixel-matrix,1/1/2017 0:00
IonicaBizau/node-ctrl-c,1/1/2017 0:00
IonicaBizau/github-api-emojis,1/1/2017 0:00
IonicaBizau/npmreserve,1/1/2017 0:00
IonicaBizau/sigma-playground,1/1/2017 0:00
IonicaBizau/regex-emoji,1/1/2017 0:00
IonicaBizau/made-in-denmark,1/1/2017 0:00
IonicaBizau/jsonrequest,1/1/2017 0:00
IonicaBizau/node-jsfiddle,1/1/2017 0:00
IonicaBizau/node-oargv,1/1/2017 0:00
IonicaBizau/name-it,1/1/2017 0:00
IonicaBizau/jsfiddle-to-git,1/1/2017 0:00
IonicaBizau/3abn,1/1/2017 0:00
IonicaBizau/node-r-json,1/1/2017 0:00
IonicaBizau/youtube-topmost,1/1/2017 0:00
IonicaBizau/add-subtract-date,1/1/2017 0:00
IonicaBizau/animato.js,1/1/2017 0:00
IonicaBizau/node-brightbox,1/1/2017 0:00
IonicaBizau/videomost,1/1/2017 0:00
IonicaBizau/xml-jsonify,1/1/2017 0:00
LienJS/github-comments,1/1/2017 0:00
IonicaBizau/github-calendar-parser,1/1/2017 0:00
IonicaBizau/node-w-json,1/1/2017 0:00
IonicaBizau/tinyreq-cli,1/1/2017 0:00
IonicaBizau/learning-c-sharp,1/1/2017 0:00
IonicaBizau/hot-chocolate-machine,1/1/2017 0:00
IonicaBizau/git-up,1/1/2017 0:00
IonicaBizau/made-in-greece,1/1/2017 0:00
IonicaBizau/babel-it,1/1/2017 0:00
IonicaBizau/ssh-remote,1/1/2017 0:00
IonicaBizau/WebpAgent,1/1/2017 0:00
IonicaBizau/emoji-from-word,1/1/2017 0:00
IonicaBizau/camelo,1/1/2017 0:00
IonicaBizau/deffy,1/1/2017 0:00
IonicaBizau/abs,1/1/2017 0:00
IonicaBizau/internet-connection,1/1/2017 0:00
IonicaBizau/made-in-spain,1/1/2017 0:00
IonicaBizau/made-in-bulgaria,1/1/2017 0:00
IonicaBizau/git-cloner,1/1/2017 0:00
IonicaBizau/validify,1/1/2017 0:00
muniz95/github-profile-languages,1/1/2017 0:00
IonicaBizau/node-gry,1/1/2017 0:00
IonicaBizau/html-encoder-decoder,1/1/2017 0:00
IonicaBizau/indento,1/1/2017 0:00
IonicaBizau/formatoid,1/1/2017 0:00
IonicaBizau/simple-draggable.js,1/1/2017 0:00
IonicaBizau/codementor,1/1/2017 0:00
IonicaBizau/vowels,1/1/2017 0:00
IonicaBizau/emoji-chars,1/1/2017 0:00
IonicaBizau/url-remote,1/1/2017 0:00
IonicaBizau/node-artstack,1/1/2017 0:00
IonicaBizau/img-ssim-cli,1/1/2017 0:00
IonicaBizau/obj-def,1/1/2017 0:00
IonicaBizau/worder,1/1/2017 0:00
IonicaBizau/npm-available-array,1/1/2017 0:00
IonicaBizau/ansi-to-json,1/1/2017 0:00
IonicaBizau/function.name,1/1/2017 0:00
IonicaBizau/rainbow-sort,1/1/2017 0:00
IonicaBizau/np-init-cli,1/1/2017 0:00
IonicaBizau/class-methods,1/1/2017 0:00
IonicaBizau/C-plus-plus-Exercises,1/1/2017 0:00
IonicaBizau/phantom-jquery,1/1/2017 0:00
IonicaBizau/node-levenshtein-array,1/1/2017 0:00
IonicaBizau/gh-repos,1/1/2017 0:00
BibleJS/bible-romanian,1/1/2017 0:00
IonicaBizau/node-git-stats-colors,1/1/2017 0:00
IonicaBizau/write-file-p,1/1/2017 0:00
IonicaBizau/count-words,1/1/2017 0:00
IonicaBizau/iterate-object,1/1/2017 0:00
IonicaBizau/dist-it,1/1/2017 0:00
IonicaBizau/emojer-cli,1/1/2017 0:00
IonicaBizau/noop6,1/1/2017 0:00
IonicaBizau/obj-flatten,1/1/2017 0:00
IonicaBizau/made-in-estonia,1/1/2017 0:00
IonicaBizau/cli-snow,1/1/2017 0:00
IonicaBizau/node-cli-resize,1/1/2017 0:00
IonicaBizau/emoji-unicode-map,1/1/2017 0:00
IonicaBizau/ionicabizau.net,1/1/2017 0:00
IonicaBizau/emoji-from-text,1/1/2017 0:00
IonicaBizau/raspberry-pi,1/1/2017 0:00
IonicaBizau/node-cli-circle,1/1/2017 0:00
IonicaBizau/css.cross-transform.js,1/1/2017 0:00
IonicaBizau/queoid,1/1/2017 0:00
IonicaBizau/github-pr-branch-links,1/1/2017 0:00
IonicaBizau/node-cli-update,1/1/2017 0:00
IonicaBizau/resume,1/1/2017 0:00
IonicaBizau/batjs,1/1/2017 0:00
IonicaBizau/wrap-text,1/1/2017 0:00
IonicaBizau/gh-repeat,1/1/2017 0:00
IonicaBizau/same-time-limit,1/1/2017 0:00
IonicaBizau/made-in-albania,1/1/2017 0:00
IonicaBizau/try-async,1/1/2017 0:00
IonicaBizau/spawn-npm,1/1/2017 0:00
IonicaBizau/numberly,1/1/2017 0:00
IonicaBizau/gm-tools,1/1/2017 0:00
IonicaBizau/maybe-require,1/1/2017 0:00
IonicaBizau/stream-data,1/1/2017 0:00
IonicaBizau/namy,1/1/2017 0:00
IonicaBizau/url-local,1/1/2017 0:00
IonicaBizau/vignere-babbage-cipher,1/1/2017 0:00
IonicaBizau/initial-commit-date,1/1/2017 0:00
IonicaBizau/made-in-uruguay,1/1/2017 0:00
IonicaBizau/node-limit-it,1/1/2017 0:00
IonicaBizau/git-source,1/1/2017 0:00
IonicaBizau/np-init,1/1/2017 0:00
IonicaBizau/node-levdist,1/1/2017 0:00
IonicaBizau/terminal-char-width,1/1/2017 0:00
IonicaBizau/Color-Puzzle,1/1/2017 0:00
IonicaBizau/asyncer.js,1/1/2017 0:00
IonicaBizau/made-in-chile,1/1/2017 0:00
IonicaBizau/prgm-installed,1/1/2017 0:00
IonicaBizau/starts-with-emoji,1/1/2017 0:00
IonicaBizau/pkg.json,1/1/2017 0:00
IonicaBizau/made-in-slovakia,1/1/2017 0:00
IonicaBizau/restaurant,1/1/2017 0:00
IonicaBizau/node-read-utf8,1/1/2017 0:00
IonicaBizau/made-in-slovenia,1/1/2017 0:00
IonicaBizau/obj-to-array,1/1/2017 0:00
IonicaBizau/fillo,1/1/2017 0:00
IonicaBizau/made-in-latvia,1/1/2017 0:00
IonicaBizau/timer-app,1/1/2017 0:00
IonicaBizau/random-flat-colors,1/1/2017 0:00
IonicaBizau/is-empty-obj,1/1/2017 0:00
IonicaBizau/circle-touch,1/1/2017 0:00
IonicaBizau/cli-size,1/1/2017 0:00
IonicaBizau/is-semver,1/1/2017 0:00
IonicaBizau/assured,1/1/2017 0:00
IonicaBizau/jQuery-prioritize,1/1/2017 0:00
IonicaBizau/ghosty,1/1/2017 0:00
IonicaBizau/regex-sort,1/1/2017 0:00
IonicaBizau/node-package-dependents,1/1/2017 0:00
IonicaBizau/made-in-peru,1/1/2017 0:00
IonicaBizau/safe-r-json,1/1/2017 0:00
IonicaBizau/bizasm,1/1/2017 0:00
IonicaBizau/promptify,1/1/2017 0:00
IonicaBizau/node-idy,1/1/2017 0:00
IonicaBizau/made-in-netherlands,1/1/2017 0:00
IonicaBizau/debug-mode,1/1/2017 0:00
IonicaBizau/made-in-argentina,1/1/2017 0:00
IonicaBizau/npm-user-pkgs,1/1/2017 0:00
IonicaBizau/made-in-bolivia,1/1/2017 0:00
IonicaBizau/js-templates,1/1/2017 0:00
IonicaBizau/ansy,1/1/2017 0:00
IonicaBizau/last-char,1/1/2017 0:00
IonicaBizau/is-undefined,1/1/2017 0:00
IonicaBizau/gh-fork,1/1/2017 0:00
IonicaBizau/github-calendar-legend,1/1/2017 0:00
IonicaBizau/npm-pack-dependents,1/1/2017 0:00
IonicaBizau/find-file-in-dirs,1/1/2017 0:00
IonicaBizau/write-file-trim,1/1/2017 0:00
IonicaBizau/fixed-or-percent,1/1/2017 0:00
IonicaBizau/git-package-json,1/1/2017 0:00
IonicaBizau/made-in-lithuania,1/1/2017 0:00
IonicaBizau/exclude-arr,1/1/2017 0:00
IonicaBizau/modulo-n,1/1/2017 0:00
IonicaBizau/node-ul,1/1/2017 0:00
IonicaBizau/regarde,1/1/2017 0:00
IonicaBizau/hebrew-date,1/1/2017 0:00
IonicaBizau/parse-db-uri,1/1/2017 0:00
IonicaBizau/pull-from-source,1/1/2017 0:00
IonicaBizau/remove-trailing-spaces,1/1/2017 0:00
IonicaBizau/asciify-pixel,1/1/2017 0:00
IonicaBizau/twbs-input-number,1/1/2017 0:00
IonicaBizau/node-fwatcher,1/1/2017 0:00
IonicaBizau/parse-it,1/1/2017 0:00
IonicaBizau/uc-first-array,1/1/2017 0:00
IonicaBizau/joapp,1/1/2017 0:00
IonicaBizau/made-in-moldova,1/1/2017 0:00
IonicaBizau/year-range,1/1/2017 0:00
IonicaBizau/dom-repeater,1/1/2017 0:00
IonicaBizau/exec-limiter-cli,1/1/2017 0:00
IonicaBizau/node-lazy-api,1/1/2017 0:00
IonicaBizau/github-portfolio,1/1/2017 0:00
IonicaBizau/match-it,1/1/2017 0:00
IonicaBizau/sunset-year,1/1/2017 0:00
IonicaBizau/git-status,1/1/2017 0:00
IonicaBizau/node-ttsro,1/1/2017 0:00
IonicaBizau/ouvre,1/1/2017 0:00
IonicaBizau/current-year,1/1/2017 0:00
IonicaBizau/find-value,1/1/2017 0:00
IonicaBizau/made-in-croatia,1/1/2017 0:00
IonicaBizau/css.rotate.js,1/1/2017 0:00
IonicaBizau/lwip2,1/1/2017 0:00
IonicaBizau/value-breakpoints,1/1/2017 0:00
IonicaBizau/imgpx,1/1/2017 0:00
IonicaBizau/tithe,1/1/2017 0:00
IonicaBizau/gh-following,1/1/2017 0:00
IonicaBizau/artstack-downloader,1/1/2017 0:00
IonicaBizau/git-module-installer,1/1/2017 0:00
IonicaBizau/xhr-form-submitter,1/1/2017 0:00
IonicaBizau/node-flattenize,1/1/2017 0:00
IonicaBizau/is-vowel,1/1/2017 0:00
IonicaBizau/split-by-comma-regex,1/1/2017 0:00
IonicaBizau/node-git-repos,1/1/2017 0:00
IonicaBizau/drag-popup,1/1/2017 0:00
IonicaBizau/lwipify,1/1/2017 0:00
IonicaBizau/github-emoji-form-submit,1/1/2017 0:00
IonicaBizau/made-in-malta,1/1/2017 0:00
IonicaBizau/node-map-o,1/1/2017 0:00
IonicaBizau/gh-destroy,1/1/2017 0:00
IonicaBizau/cross-style.js,1/1/2017 0:00
IonicaBizau/express-ajs,1/1/2017 0:00
IonicaBizau/gif-recorder,1/1/2017 0:00
IonicaBizau/made-in-belgium,1/1/2017 0:00
IonicaBizau/is-percent,1/1/2017 0:00
IonicaBizau/node-page-changed,1/1/2017 0:00
IonicaBizau/ionicabizau.github.io,1/1/2017 0:00
IonicaBizau/node-streamp,1/1/2017 0:00
IonicaBizau/split-by-comma,1/1/2017 0:00
IonicaBizau/exec-limiter,1/1/2017 0:00
IonicaBizau/screensaver,1/1/2017 0:00
IonicaBizau/pixel-white-bg,1/1/2017 0:00
IonicaBizau/paths2tree,1/1/2017 0:00
IonicaBizau/bindy,1/1/2017 0:00
IonicaBizau/Guess-Your-Number,1/1/2017 0:00
IonicaBizau/made-in-guyana,1/1/2017 0:00
IonicaBizau/grapinizer,1/1/2017 0:00
IonicaBizau/pixel-bg,1/1/2017 0:00
IonicaBizau/made-in-paraguay,1/1/2017 0:00
IonicaBizau/read-dir-and-stat,1/1/2017 0:00
IonicaBizau/octo-battle,1/1/2017 0:00
IonicaBizau/js-templates.function-export,1/1/2017 0:00
IonicaBizau/joctodex,1/1/2017 0:00
IonicaBizau/gh-fork-source,1/1/2017 0:00
IonicaBizau/jQuery-language-select,1/1/2017 0:00
IonicaBizau/js-templates.example,1/1/2017 0:00
IonicaBizau/supports-date,1/1/2017 0:00
IonicaBizau/proc-output,1/1/2017 0:00
IonicaBizau/crossy.js,1/1/2017 0:00
IonicaBizau/r-package-json,1/1/2017 0:00
IonicaBizau/cb-bufferify,1/1/2017 0:00
IonicaBizau/double-last,1/1/2017 0:00
IonicaBizau/3x3-equation-solver,1/1/2017 0:00
IonicaBizau/date-is-invalid,1/1/2017 0:00
IonicaBizau/utils,1/1/2017 0:00
IonicaBizau/gm-installed,1/1/2017 0:00
IonicaBizau/tilda-init,1/1/2017 0:00
IonicaBizau/pixel-class,1/1/2017 0:00
IonicaBizau/made-in-finland,1/1/2017 0:00
IonicaBizau/made-in-ecuador,1/1/2017 0:00
IonicaBizau/lc-first,1/1/2017 0:00
IonicaBizau/node-parent-search,1/1/2017 0:00
IonicaBizau/flat-colors-groupped,1/1/2017 0:00
IonicaBizau/arr-obj,1/1/2017 0:00
IonicaBizau/package-json-path,1/1/2017 0:00
IonicaBizau/vocal-exercises,1/1/2017 0:00
IonicaBizau/arrs-to-obj,1/1/2017 0:00
IonicaBizau/bac-results-json,1/1/2017 0:00
IonicaBizau/compute-size,1/1/2017 0:00
IonicaBizau/page-changed,1/1/2017 0:00
IonicaBizau/date-is-valid,1/1/2017 0:00
IonicaBizau/default-page,1/1/2017 0:00
IonicaBizau/remove-one-element-arrays,1/1/2017 0:00
IonicaBizau/streetpianos-scraper,1/1/2017 0:00
IonicaBizau/owner-repo-stringify,1/1/2017 0:00
IonicaBizau/made-in-serbia,1/1/2017 0:00
IonicaBizau/info-agenda,1/1/2017 0:00
IonicaBizau/googleapps-grant-access,1/1/2017 0:00
IonicaBizau/date-unit-ms,1/1/2017 0:00
IonicaBizau/cb-buffer,1/1/2017 0:00
IonicaBizau/unvowel-last,1/1/2017 0:00
IonicaBizau/vp-vs-ki-likes,1/1/2017 0:00
IonicaBizau/jQuery-animate-gradient,1/1/2017 0:00
IonicaBizau/bac-results,1/1/2017 0:00
IonicaBizau/lwip-pixels,1/1/2017 0:00
IonicaBizau/static-methods,1/1/2017 0:00
IonicaBizau/jQuery-johnnys-path,1/1/2017 0:00
IonicaBizau/emoji-names,1/1/2017 0:00
IonicaBizau/js-templates.class-export,1/1/2017 0:00
IonicaBizau/w-package-json,1/1/2017 0:00
IonicaBizau/owner-repo,1/1/2017 0:00
IonicaBizau/uc-first,1/1/2017 0:00
IonicaBizau/daily-quote,1/1/2017 0:00
IonicaBizau/count-words-array,1/1/2017 0:00
IonicaBizau/fn-wrap,1/1/2017 0:00
IonicaBizau/made-in-venezuela,1/1/2017 0:00
IonicaBizau/ferris-wheel,1/1/2017 0:00
IonicaBizau/read-file-cache,1/1/2017 0:00
IonicaBizau/idy-cli,1/1/2017 0:00
IonicaBizau/diff-dates,1/1/2017 0:00
IonicaBizau/custom-return,1/1/2017 0:00
IonicaBizau/made-in-belarus,1/1/2017 0:00
IonicaBizau/obj-key-count,1/1/2017 0:00
IonicaBizau/unique-random-range,1/1/2017 0:00
IonicaBizau/clone-date,1/1/2017 0:00
IonicaBizau/fn-result,1/1/2017 0:00
IonicaBizau/function-args,1/1/2017 0:00
IonicaBizau/is-win,1/1/2017 0:00
IonicaBizau/baccalaureate-computer-science,1/1/2017 0:00
IonicaBizau/tester-init,1/1/2017 0:00
IonicaBizau/data-types,1/1/2017 0:00
IonicaBizau/fs-repo-url,1/1/2017 0:00
IonicaBizau/remove-last-char.js,1/1/2017 0:00
IonicaBizau/wp-floating-social,1/1/2017 0:00
IonicaBizau/bac-results-my-class,1/1/2017 0:00
IonicaBizau/spawno,1/1/2017 0:00
IonicaBizau/coindesk.js,1/1/2017 0:00
andrewwiik/Rooster,
andrewwiik/SugarCane,
andrewwiik/Silo,
andrewwiik/WeatherVane,
ipmanlk/osd-bot,
ipselon/structor,5/1/2017 0:00
ivanseidel/Is-Now-Illegal,2018-04-01 00:00:00
haskellguide/ghc-extensions-module,
alfwatt/KitBridge,
alfwatt/LiveBundle,
alfwatt/ReportWindow,
alfwatt/Soup,
alfwatt/FourCorners,
alfwatt/pdf2png,
alfwatt/SparkKit,
alfwatt/CardView,
itskodinger/stisla,
ivanceras/svgbob,
ivanceras/sauron,
ivanceras/diwata,
ivanvorobei/SPPermission,2019-04-01 00:00:00
ivanvorobei/SPStorkController,2019-04-01 00:00:00
ivanvorobei/SPLarkController,2019-04-01 00:00:00
ivanvorobei/SPAlert,2019-04-01 00:00:00
ixudra/curl,
ixudra/portfolio,
ixudra/wizard,
ixudra/imageable,
ixudra/translation,
ixudra/ixd-template,
ixudra/generators,
ixudra/core,
ixudra/render,
ixudra/addressable,
AsincDesarrollo/ShareFounding,
jagi/meteor-astronomy,
jagrosh/Vortex,2016-03-01 00:00:00
jahed/im-map-tiles,4/1/2016 0:00
jahed/agility,4/1/2016 0:00
jahed/night-patrol,4/1/2016 0:00
frontiernav/frontiernav-data,4/1/2016 0:00
frontiernav/frontiernav,4/1/2016 0:00
jahed/bem,4/1/2016 0:00
jahed/webpack-sitemap,4/1/2016 0:00
Jahed/grunt-jsv,4/1/2016 0:00
jahed/promises,4/1/2016 0:00
jahed/grunt-jsv,4/1/2016 0:00
jahed/node-terraform,4/1/2016 0:00
jahed/grunt-json-format,4/1/2016 0:00
jahed/node-aws-lambda-package,4/1/2016 0:00
jahed/webpack-html-meta,4/1/2016 0:00
jahed/co-authors,4/1/2016 0:00
tullamods/Bagnon,2017-12-01 00:00:00
tullamods/OmniCC,2017-12-01 00:00:00
Jaliborc/PetTracker,2017-12-01 00:00:00
Jaliborc/Scrap,2017-12-01 00:00:00
tullamods/Ludwig,2017-12-01 00:00:00
perkinsjr/authentication_boilerplate,
perkinsjr/regexits,
perkinsjr/AreTheyUp,
perkinsjr/IsSHA256,
perkinsjr/IsSHA1,
perkinsjr/regex-hexcolor,
perkinsjr/regex-git,
jamesfer/cypher-query-builder,
phuein/Tunebot,
jameswlane/status-board,
jameswlane/jest-node-http,
JanDeDobbeleer/oh-my-posh,
japalekhin/langaw,
japalekhin/boxgame,
japalekhin/shadow-training,
japalekhin/altruist-wptheme,
japalekhin/adaptive-icons-guide,
japalekhin/flutter-canvas-transforms,
JapaMala/armok-vision,2015-08-01 00:00:00
japgolly/scalajs-react,
japgolly/scalacss,
japgolly/nyaya,
japgolly/test-state,
japgolly/clear-config,
japgolly/scalajs-benchmark,
japgolly/univeq,
japgolly/webtamp,
JarbasAl/ZZZ_personal-mycroft-backend,
JarbasAl/fallback-node-red,
JarbasAl/metal_dataset,
JarbasAl/skill-youtube-play,
JarbasAl/skill-dictation,
JarbasAl/easy_gmmhmm,
JarbasAl/audiobooker,
JarbasAl/skill-face-recognition,
JarbasAl/hive_mind,
JarbasAl/ZZZ-py_msm,
JarbasAl/mycroft_jarbas_utils,
JarbasAl/skill_easter_eggs,
JarbasAl/py_bandcamp,
JarbasAl/local_listener,
JarbasAl/mycroft_intent_engines,
JarbasAl/py_responsivevoice,
JarbasAl/skill-location-tracker,
JarbasAl/simple_NER,
JarbasAl/cave-adventure-game-skill,
JarbasAl/py_edamam,
JarbasAl/fallback-rivescript,
JarbasAl/skill-stephen-hawking,
JarbasAl/cryptocoin_skill,
JarbasAl/porn-assistant,
JarbasAl/skill-parrot,
JarbasAl/PyWikiHow,
JarbasAl/difficult_dialogs,
JarbasAl/skill-camera,
JarbasAl/skill-laugh,
JarbasAl/skill-moon-game,
JarbasAl/pyFrotz,
JarbasAl/ai_demos,
JarbasAl/hhgg-game-skill,
JarbasAl/pyalux,
JarbasAl/ZZZ-fallback-learn,
JarbasAl/ZZZ-skill-translate-skills,
JarbasAl/auto_regex,
JarbasAl/TNaLaGmes,
JarbasAl/all_the_chatbots,
JarbasAl/evil_skill,
JarbasAl/planet-fall-game-skill,
JarbasAl/fallback-ask-the-catterpillar,
JarbasAl/PySychonaut,
JarbasAl/LILACS,
JarbasAl/skill-good-manners,
JarbasAl/pt-br-pocketsphinx,
JarbasAl/skill-nutrients,
JarbasAl/skill-metal-archives,
JarbasAl/pynpr,
JarbasAl/space-is-awesome-skill,
JarbasAl/skill-countries,
JarbasAl/skill-enclosure-ctrl,
JarbasAl/shared_camera,
JarbasAl/skill-bandcamp,
JarbasAl/SpaceIsCool,
JarbasAl/skill-pick-up-lines,
JarbasAl/skill-how-to,
JarbasAl/emotion_data,
JarbasAl/ZZZ-beep_speak_tts,
JarbasAl/fallback-jarbas,
JarbasAl/fallback-cleverbot,
JarbasAl/skill-names,
JarbasAl/ZZZ-jarbas_skills_repo,
JarbasAl/py_mplayer,
JarbasAl/skill-quotes,
JarbasAl/skill-konami-code,
JarbasAl/starcross-game-skill,
JarbasAl/sensehat_mycroft_enclosure,
JarbasAl/service-skill-browser,
JarbasAl/learn-portuguese-skill,
JarbasAl/fallback-selenium-cleverbot,
JarbasAl/automarkdocs,
JarbasAl/skill-mashape,
JarbasAl/deep_dreamer,
JarbasAl/skill-numbers,
JarbasAl/pymetal,
jaredhanson/passport,2018-03-01 00:00:00
jaredhanson/oauth2orize,2018-03-01 00:00:00
jaredhanson/passport-local,2018-03-01 00:00:00
jaredhanson/passport-facebook,2018-03-01 00:00:00
jaredhanson/passport-http-bearer,2018-03-01 00:00:00
jaredhanson/passport-google-oauth,2018-03-01 00:00:00
jaredhanson/passport-github,2018-03-01 00:00:00
jaredhanson/passport-twitter,2018-03-01 00:00:00
jaredhanson/passport-google-oauth2,2018-03-01 00:00:00
jaredhanson/passport-http,2018-03-01 00:00:00
jaredhanson/passport-linkedin,2018-03-01 00:00:00
jaredhanson/oauth2orize-openid,2018-03-01 00:00:00
jaredhanson/oauth2orize-device-code,2018-03-01 00:00:00
jaredhanson/oauth2orize-pkce,2018-03-01 00:00:00
jaredhanson/oauth2orize-redelegate,2018-03-01 00:00:00
jaredhanson/oauth2orize-chain,2018-03-01 00:00:00
jaredhanson/oauth2orize-fprm,2018-03-01 00:00:00
jaredhanson/fingro-webfinger,2018-03-01 00:00:00
jaredhanson/kerouac-sitemap,2018-03-01 00:00:00
jaredhanson/kerouac-cname,2018-03-01 00:00:00
jaredhanson/kerouac-robotstxt,2018-03-01 00:00:00
jarhen/laravel-permission,
jasonbronson/arjentum,
javadevone/juego-web,2016-01-01 00:00:00
javadevone/juego-2d-java,2016-01-01 00:00:00
JayFoxRox/xbox-dvd-compress,2016-10-01 00:00:00
JayFoxRox/pba-tools,2016-10-01 00:00:00
JayFoxRox/stern-pba-emu,2016-10-01 00:00:00
JayFoxRox/VPinMAME_SPA,2016-10-01 00:00:00
JayFoxRox/fusexbox,2016-10-01 00:00:00
redux-observable/redux-observable,8/1/2018 0:00
jbcurtin/quine,
jbrazio/ardufocus,
jbrazio/arduheater,
jbrazio/ardufocus-ascom,
jbrazio/ardufocus-schematics,
nazaritoso/willbot,2018-09-01 00:00:00
conversejs/converse.js,12/1/2017 0:00
jcbrand/converse.js,12/1/2017 0:00
JDesignResearch/Nexus-6P-DualSIM-Card-Tray,
jeanjar/onesignal-simple-push-notification,
jebedaia360/Rakugo,
RimWorld-CCL-Reborn/JecsTools,2016-11-01 00:00:00
JediKnightChan/KanColleEn,2018-06-01 00:00:00
imjeffparedes/karix-api,
imjeffparedes/isms-ph-api,
imjeffparedes/semaphore-ph-api,
jellysquid3/Phosphor,2019-02-01 00:00:00
jeremykenedy/laravel-auth,2018-08-01 00:00:00
jeremykenedy/laravel-roles,2018-08-01 00:00:00
jeremykenedy/laravel-users,2018-08-01 00:00:00
jeremykenedy/laravel-blocker,2018-08-01 00:00:00
raulsuarezmillan/JW-Modules,
Jerenaux/phaserquest,2017-12-01 00:00:00
Jerenaux/basic-mmo-phaser,2017-12-01 00:00:00
jes5199/synthesizing-video-and-turning-it-into-music-bang,
jesusrp98/spacex-go,
jesusrp98/row_collection,
openpilot-community/workbench-api,2019-04-01 00:00:00
plasticneko/bulma-templates,2017-12-01 00:00:00
resgateio/resgate,
jkcclemens/paste,2018-10-01 00:00:00
koyoo-maxwel/findyourpet,
2m/adventure-builder-colouring-book,2015-12-01 00:00:00
jnbdz/demo-golang-nodejs-extension-calculator,
jnbdz/demo-golang-nodejs-extension-helloworld,
joancaron/cryptocompare-api,
impulsesjs/impulses,
egarim/Ultra,2019-03-01 00:00:00
vui-kit/vui,
joelgrus/advent2018,2018-11-01 00:00:00
joe564338/spooce,
codewithpatelo/aopjs,
codewithpatelo/topsis,
jojolepro/game_features,2019-02-01 00:00:00
jojolepro/amethyst-extra,2019-02-01 00:00:00
JCMais/node-libcurl,
Jonathan002/autofont,
jonhoo/tokio-zookeeper,
jonhoo/async-ssh,
jonhoo/minion,
micromatch/to-regex-range,
laurent22/joplin,2018-05-01 00:00:00
feimx/pac,
feimx/csd-converter,
feimx/tax,
joseconstela/webparsy,
joseconstela/nodesfc,
ArtskydJ/comicsrss.com,2019-05-01 00:00:00
prominic/MockupVisualEditor,2016-04-01 00:00:00
joshtronic/php-loremipsum,
joshuaulrich/quantmod,2018-01-01 00:00:00
joshuaulrich/TTR,2018-01-01 00:00:00
joshuaulrich/xts,2018-01-01 00:00:00
JoshuaWise/better-sqlite3,2019-03-01 00:00:00
jsbroks/coco-annotator,2019-05-01 00:00:00
jsbroks/imantics,2019-05-01 00:00:00
Johann-S/bs-stepper,
Johann-S/bs-custom-file-input,
Johann-S/bs-breakpoints,
Johann-S/bs-customizer,
j-show/jshow,
buefy/buefy,2018-12-01 00:00:00
buefy/buefy-react,2018-12-01 00:00:00
jtrent238/PopularMMOS-EpicProportions-Mod,
jtrent238/Hammer-Mod,
JuanLezamaInfoVe/juanlezamainfove.github.io,
juliangruber/review,3/1/2018 0:00
juliangruber/capture-screenshot,3/1/2018 0:00
juliangruber/browser-run,3/1/2018 0:00
juliangruber/multilevel,3/1/2018 0:00
juliangruber/travis-watch,3/1/2018 0:00
juliangruber/tape-run,3/1/2018 0:00
juliangruber/async-stream,3/1/2018 0:00
juliangruber/brace-expansion,3/1/2018 0:00
juliangruber/isarray,3/1/2018 0:00
juliangruber/capture-electron,3/1/2018 0:00
juliangruber/ci-watch,3/1/2018 0:00
formulahendry/vscode-code-runner,
junichi11/netbeans-wordpress-plugin,
junichi11/netbeans-github-issues-plugin,
junichi11/netbeans-vagrant-plugin,
junichi11/netbeans-php-enhancements,
junichi11/netbeans-php-cs-fixer-plugin,
junichi11/netbeans-encoding-plugin,
junichi11/netbeans-gitignore-io-plugin,
junichi11/netbeans-rainbow-braces,
junichi11/netbeans-backlog-plugin,
junichi11/netbeans-change-lf,
junichi11/netbeans-noext-mime-resolver,
junichi11/netbeans-textlint-plugin,
junichi11/netbeans-nonewline-resolver,
junichi11/backers,
junlico/dragalia-lost,
kiranz/just-api,
Justin2528/Discord-Bot-EDGE,
feliperyba/taarapitas.gamble,2015-10-01 00:00:00
justUmen/GameScript,2017-12-01 00:00:00
justUmen/GameScript_standalone,2017-12-01 00:00:00
juzzlin/Heimer,
k0d3r1s/vairogs-utils,
k0d3r1s/vairogs-captcha,
k0d3r1s/vairogs-translatable,
k0d3r1s/vairogs-search,
k0d3r1s/vairogs-guzzle,
k0d3r1s/vairogs-position,
k0d3r1s/vairogs-sitemap,
k0d3r1s/vairogs-oauth,
k0d3r1s/vairogs-core,
vuetifyjs/vuetify-loader,2019-01-01 00:00:00
kalessil/phpinspectionsea,2017-12-01 00:00:00
KALILINUXTRICKSYT/easysploit,2019-02-01 00:00:00
KALILINUXTRICKSYT/easymacchanger,2019-02-01 00:00:00
kallbuloso/laravel-blade-directives,
vanilla-music/vanilla-music-lyrics-search,
vanilla-music/vanilla-music-tag-editor,
vanilla-music/vanilla-music-metadata-fetch,
vanilla-music/vanilla-music-cover-fetch,
kane-thornwyrd/cubicle,
NyanBlade/BeatSaberQuestInstaller,
i18next/i18next-parser,6/1/2018 0:00
Spydarlee/Plantasia,2018-04-01 00:00:00
nlsynth/karuta,
kazupon/vue-i18n,8/1/2018 0:00
kazupon/vue-cli-plugin-i18n,8/1/2018 0:00
kazupon/vue-cli-plugin-p11n,8/1/2018 0:00
kazupon/eslint-plugin-vue-i18n,8/1/2018 0:00
hanshaze/pineapple-wifite,
bkornpob/Glinder-Demo-,
kd8bxp/Wifi_Display_Badge,
kd8bxp/Word100,
kd8bxp/micro-Maqueen-Arduino-Library,
kd8bxp/M5Stack-ISS-Tracker-Updated,
kd8bxp/Simple-ISS-Notification-System,
kd8bxp/Simple-Moving-Message-WIFI-Display,
kd8bxp/jsn-sr04t-2.0-car-sensor,
kd8bxp/100m-Lidar-Robot,
kd8bxp/D1-Mini-WiFi-Robot,
kd8bxp/a-better-wifi-scanner,
kd8bxp/Lidar-Display,
kd8bxp/2017-Halloween-Cheerlights-Ghost,
kd8bxp/original_emic_arduino_demo,
kd8bxp/GoPiGo-C-code,
kd8bxp/ESP8266-Relay,
kd8bxp/ESP32-Neopixel-WIFI-Badge,
kd8bxp/wifi-name-badge,
kd8bxp/Adeept-StarryBit-Arduino-Code,
kd8bxp/LBT_I2C_Interface,
kd8bxp/Super-Clock,
kd8bxp/Arduino-Serial-Console-Games,
kd8bxp/JeVois-ArUco-Marker-Experiments,
kd8bxp/EricBotAICube,
kd8bxp/DFRobot-FireBeetle-ESP32-LED-Matrix,
kd8bxp/100m-Lidar-Sensor-Arduino-Code,
kd8bxp/RasPiRobot-Arduino,
keawstudio/Clothing-System-3D,
passepartoutvpn/passepartout-ios,2018-09-01 00:00:00
passepartoutvpn/tunnelkit,2018-09-01 00:00:00
MusicalCreeper01/WebNode,
MusicalCreeper01/Monitor,
MusicalCreeper01/The-Seed-v1,
FurryGamesCollection/Kemono,2017-01-01 00:00:00
kenhowardpdx/vscode-gist,
GaidamakUA/GodotCathedral,2015-10-01 00:00:00
LicenseKeys/LicenseKeys,
kennyLtv/SM-MM-Updater,
formly-js/angular-formly,11/1/2017 0:00
keshavbhatt/olivia,
KevinSheedy/chrome-tab-rotate,
kevinelliott/agent_orange,
kevinelliott/dji,
kevinelliott/.dotfiles,
kevinelliott/power_snoop,
kevinelliott/call_sign,
KevinGuancheDarias/trello-to-github-board,
KevinGuancheDarias/owge,
techtide/QuickTeX,
anhkiet2507/metasploitable3forvmware,
kilgoar/rust-mapper,
killeymic/Flare-DiscordBot,
LogistyxCat/Lancer-NPC-Generator,2015-08-01 00:00:00
KirkMcDonald/kirkmcdonald.github.io,2018-03-01 00:00:00
GoVanguard/list-infosec-encyclopedia,2017-02-01 00:00:00
kjdion84/laraback,
peatah/KkthnxUI,2017-02-01 00:00:00
dirigeants/klasa,
ChapelR/tweego-setup,2015-10-01 00:00:00
viebel/klipse-clj,2019-03-01 00:00:00
BEN1JEN/beat-dungeon,2015-03-01 00:00:00
Koala-Development/koala,
komdog/Janet,
xesco/NextorBuilder,2015-11-01 00:00:00
pantsel/konga,
konkor/cpufreq,2019-01-01 00:00:00
konkor/obmin,2019-01-01 00:00:00
konkor/you2ber,2019-01-01 00:00:00
konkor/newstream,2019-01-01 00:00:00
konkor/vtt2srt,2019-01-01 00:00:00
KonnectIT/laravel-permission-ui,
krobawsky/CamControl-master,
KoryNunn/scroll-into-view,12/1/2017 0:00
kosson/javascript-invat-eu-inveti-si-tu,
kostia7alania/laravel-vue-forum,
koute/stdweb,2018-02-01 00:00:00
koute/cargo-web,2018-02-01 00:00:00
jessemillar/darkest-moon,2018-01-01 00:00:00
kriskowal/peruacru,2018-09-01 00:00:00
keeferrourke/la-capitaine-icon-theme,2017-06-01 00:00:00
KryptedGaming/kryptedauth,2019-01-01 00:00:00
kubilayuzun08/dbm-themes,
KILLTUBE/libradiant,
kusti8/hue-plus,
kusti8/OpenHWControl,
kuyawa/CodeEditor,
kuyawa/DataBrowserPG,
kuyawa/Invoices,
kuyawa/PokerHand,
murderer-plugin/TheMurderer,
kyranet/veza,2018-02-01 00:00:00
kyranet/Skyra-i18n,2018-02-01 00:00:00
kyranet/levenshtein-wasm,2018-02-01 00:00:00
kyranet/binarytf,2018-02-01 00:00:00
kyranet/serialized-tags,2018-02-01 00:00:00
SzymonLisowiec/node-epicgames-client,
lacolaco/reactive-store,2018-05-01 00:00:00
lacolaco/ngx-store,2018-05-01 00:00:00
lacolaco/angular-after-tutorial,2018-05-01 00:00:00
danguan/LadyHeroBot,
lainsce/quilter,2017-12-01 00:00:00
lainsce/notejot,2017-12-01 00:00:00
lainsce/timetable,2017-12-01 00:00:00
lainsce/yishu,2017-12-01 00:00:00
lainsce/coin,2017-12-01 00:00:00
lainsce/aesop,2017-12-01 00:00:00
lainsce/reganam,2017-12-01 00:00:00
lainsce/dot-matrix,2017-12-01 00:00:00
lainsce/palaura,2017-12-01 00:00:00
lainsce/beemy,2017-12-01 00:00:00
bgrabitmap/bgracontrols,
sheetbase/sheets,
316company/sheetbase-tools,
316company/sheetbase-angular,
316Company/sheetbase-core-angular,
316company/sheetbase-backend,
316company/sheetbase-ionic-minishop,
316Company/sheetbase-cli,
316company/sheetbase-ionic-starter,
316company/sheetbase-cli,
sheetbase/cli,
sheetbase/app-scripts,
sheetbase/server,
sheetbase/models,
sheetbase/gmail,
sheetbase/client,
sheetbase/md5-server,
sheetbase/polyfill-server,
sheetbase/user,
sheetbase/sheets-nosql-server,
sheetbase/drive,
sheetbase/handlebars-server,
sheetbase/jsrsasign-server,
sheetbase/lodash-server,
sheetbase/angular,
sheetbase/api-key,
sheetbase/utils-server,
sheetbase/tamotsux-server,
sheetbase/ejs-server,
LanikSJ/slack-dark-mode,
LanikSJ/dfimage,
LanikSJ/ubo-filters,
LanikSJ/awscli-aliases,
LanikSJ/docker-web-service,
LanikSJ/docker-php-alpine,
lap00zza/9anime-Companion,
laraning/larapush,
laravelista/Ekko,2018-07-01 00:00:00
laravelista/comments,2018-07-01 00:00:00
laravelista/loki,2018-07-01 00:00:00
laravelista/picasso,2018-07-01 00:00:00
resttjs/restt,
resttjs/restt-cli,
resttjs/documentation,
larryaasen/upgrader,
InfinityStudio/GokiStats,
jjzhang166/LCUI,
slaveuser/apprise20181128,
slaveuser/apprise20181228,
slaveuser/apprise20190128,
learn-anything/learn-anything,2017-04-01 00:00:00
learnbyexample/scripting_course,
learnbyexample/Python_Basics,
learnbyexample/Linux_command_line,
learnbyexample/vim_reference,
learnbyexample/Ruby_Scripting,
chadrien/cosy-bot,2018-05-01 00:00:00
ChaiScript/ChaiScript,2018-09-01 00:00:00
Geigerkind/ModifiedPowerAuras,
Geigerkind/ModifiedPowerAurasTBC,
MachineMuse/MachineMusePowersuits,
lekeno/edr,2018-08-01 00:00:00
LekoArts/gatsby-starter-portfolio-cara,2018-03-01 00:00:00
LekoArts/gatsby-starter-minimal-blog,2018-03-01 00:00:00
LekoArts/gatsby-starter-prismic,2018-03-01 00:00:00
LekoArts/gatsby-starter-portfolio-emma,2018-03-01 00:00:00
LekoArts/gatsby-starter-portfolio-emilia,2018-03-01 00:00:00
LekoArts/gatsby-starter-portfolio-bella,2018-03-01 00:00:00
LekoArts/gatsby-starter-portfolio-jodie,2018-03-01 00:00:00
LekoArts/gatsby-starter-portfolio,2018-03-01 00:00:00
LekoArts/gatsby-starter-prismic-i18n,2018-03-01 00:00:00
mohdule/mohdule.github.io,2018-03-01 00:00:00
Mosh-Media/portfolio,2018-03-01 00:00:00
PyColorado/pycolorado.org,2018-03-01 00:00:00
lepture/authlib,2018-05-01 00:00:00
Mastersnes/GoodWitch,
letsgamedev/spielsklave,2015-11-01 00:00:00
lewislepton/kha-tutorial-series,2016-05-01 00:00:00
LiamDawe/gamingonlinux,2016-02-01 00:00:00
liamstewart23/WordPressForceDeletePost,
Librelancer/Librelancer,
LibrePCB/LibrePCB,2017-03-01 00:00:00
ro31337/libretaxi,2017-09-01 00:00:00
hugoam/toy,2018-04-01 00:00:00
hugoam/two,2018-04-01 00:00:00
mono0926/LicensePlist,2018-04-01 00:00:00
Hesterry/LSC,
Hesterry/LSC_Source,
lihaoyi/Ammonite,2018-08-01 00:00:00
lihaoyi/mill,2018-08-01 00:00:00
lihaoyi/requests-scala,2018-08-01 00:00:00
lihaoyi/utest,2018-08-01 00:00:00
lihaoyi/os-lib,2018-08-01 00:00:00
lihaoyi/cask,2018-08-01 00:00:00
lihaoyi/fansi,2018-08-01 00:00:00
LilyBell/laravelgrecaptcha,
lcraver/gerald_bot_v2,
jearay/sweetalert2,
Limych/HomeAssistantConfiguration,
Limych/HomeAssistantComponents,
linuxappstore/linuxappstore-frontend,
Linuxbrew/brew,2017-10-01 00:00:00
lutris/ffmpeg-nvenc,2015-03-01 00:00:00
masikh/ffmpeg-nvenc,2015-03-01 00:00:00
liquidcarrot/carrot,2019-03-01 00:00:00
elibtronic/lis_grievances,2018-02-01 00:00:00
lite-ui/liteui,
lite-ui/liteui-website,
LittleLightForDestiny/littlelight,2019-04-01 00:00:00
lizzard/transitory,
aurora-fw-archive/aurora,
lochmueller/staticfilecache,
loitd/vue-all-auth,
jDevxyz/synchronous-ify,
lonnieezell/ezauth,2018-06-01 00:00:00
pichillilorenzo/deps-report,
mcdorgle/SugarMiner,
lubusIN/laravel-gymie,2018-12-01 00:00:00
lubusIN/wp-storybook,2018-12-01 00:00:00
lubusIN/block-background,2018-12-01 00:00:00
lubusIN/actions,2018-12-01 00:00:00
lubusIN/WP-Query-Console,2018-12-01 00:00:00
lubusIN/color-palette-block,2018-12-01 00:00:00
lubusIN/dummynator,2018-12-01 00:00:00
lubusIN/wp-theme-support,2018-12-01 00:00:00
lusaxweb/vuesax,6/1/2018 0:00
lusaxweb/vuenut,6/1/2018 0:00
lusaxweb/vuecode,6/1/2018 0:00
lusaxweb/vuttons,6/1/2018 0:00
lusaxweb/vuesax-helper,6/1/2018 0:00
lusaxweb/vuenut.org,6/1/2018 0:00
dualmoon/Cogs.v3,
luong-komorebi/Minitask,
crackerica/Awesome-Linux-Software,
lwille/node-gphoto2,
LXGaming/DiscordBot,
LXGaming/Sledgehammer,
LXGaming/BukkitBootstrap,
LXGaming/Authlib,
LXGaming/PrismPlus,
LXGaming/UnitySkin,
LXGaming/Authentication,
LXGaming/AntiExploit,
LXGaming/DiscordMusic,
LXGaming/ClearLag,
LXGaming/SilentBoss,
LXGaming/DLLInjection,
LXGaming/repo,
LXGaming/Slowloris,
LXGaming/PreserveGrass,
LXGaming/FAQ,
LXGaming/TeleportBow,
LXGaming/MCC,
LXGaming/lxgaming.github.io,
LXGaming/RedditGlobal,
LXGaming/BungeePacket,
LXGaming/HttpSpec,
LXGaming/KeepAlive,
LXGaming/MBS,
LXGaming/DiscordStream,
LXGaming/BungeePatch,
LXGaming/InventoryAccess,
LXGaming/BungeePlayer,
LXGaming/Sumsang,
LXGaming/SkullTexture,
LXGaming/GlowPlug,
LXGaming/ForgeDirect,
LXGaming/radio,
LXGaming/Integrity,
LXGaming/Powershell,
LXGaming/AntiCurse,
lykahb/sticky-ducky,
BitWolfArt/Lyricrune,2016-01-01 00:00:00
orgmanager/orgmanager,2018-09-01 00:00:00
Th3Shadowbroker/Yandere-Texture-Manager-Recode,
maca134/MBCon,2018-09-01 00:00:00
maca134/arma-nradio,2018-09-01 00:00:00
macbook47/kai_backd,
MadnessLabs/EnjinIonic1,12/1/2016 0:00
MadnessLabs/MadnessEnjin,12/1/2016 0:00
maeganjwilson/buttons-single-action-tutorial,
charlos16/gs-mtg,2017-08-01 00:00:00
unseenmagik/MagikCogs,
MaikKlein/rlsl,2018-04-01 00:00:00
Skullfox/maiq-the-liar-public,
majkinetor/au,2018-04-01 00:00:00
majkinetor/au-packages,2018-04-01 00:00:00
Payum/Payum,2018-12-01 00:00:00
Payum/PayumBundle,2018-12-01 00:00:00
php-enqueue/enqueue-bundle,2018-12-01 00:00:00
Payum/PayumLaravelPackage,2018-12-01 00:00:00
Payum/PayumServer,2018-12-01 00:00:00
php-enqueue/enqueue,2018-12-01 00:00:00
php-enqueue/amqp-tools,2018-12-01 00:00:00
php-enqueue/null,2018-12-01 00:00:00
php-enqueue/amqp-lib,2018-12-01 00:00:00
php-enqueue/async-event-dispatcher,2018-12-01 00:00:00
php-enqueue/dsn,2018-12-01 00:00:00
Payum/PaypalExpressCheckoutNvp,2018-12-01 00:00:00
php-enqueue/amqp-ext,2018-12-01 00:00:00
Payum/Core,2018-12-01 00:00:00
formapro/values,2018-12-01 00:00:00
Payum/PayumModule,2018-12-01 00:00:00
php-enqueue/sqs,2018-12-01 00:00:00
Payum/OmnipayBridge,2018-12-01 00:00:00
Payum/Offline,2018-12-01 00:00:00
php-enqueue/fs,2018-12-01 00:00:00
php-enqueue/job-queue,2018-12-01 00:00:00
php-enqueue/amqp-bunny,2018-12-01 00:00:00
php-enqueue/redis,2018-12-01 00:00:00
php-enqueue/simple-client,2018-12-01 00:00:00
php-enqueue/dbal,2018-12-01 00:00:00
Payum/Stripe,2018-12-01 00:00:00
Payum/Skeleton,2018-12-01 00:00:00
Payum/PaypalIpn,2018-12-01 00:00:00
php-enqueue/async-command,2018-12-01 00:00:00
php-enqueue/rdkafka,2018-12-01 00:00:00
Payum/PaypalRest,2018-12-01 00:00:00
php-enqueue/pheanstalk,2018-12-01 00:00:00
php-enqueue/gps,2018-12-01 00:00:00
php-enqueue/test,2018-12-01 00:00:00
php-enqueue/gearman,2018-12-01 00:00:00
php-enqueue/stomp,2018-12-01 00:00:00
Payum/Be2Bill,2018-12-01 00:00:00
Payum/Sofort,2018-12-01 00:00:00
Payum/PaypalProCheckoutNvp,2018-12-01 00:00:00
Payum/PaypalProHostedNvp,2018-12-01 00:00:00
Payum/PaypalMasspayNvp,2018-12-01 00:00:00
Payum/Payex,2018-12-01 00:00:00
Payum/AuthorizeNetAim,2018-12-01 00:00:00
Payum/KlarnaInvoice,2018-12-01 00:00:00
Payum/KlarnaCheckout,2018-12-01 00:00:00
Atelier-Shiori/hachidori,
Atelier-Shiori/Hato,
Atelier-Shiori/SwinsianDiscord,
Atelier-Shiori/Shukofukurou-iOS,
Atelier-Shiori/PatreonSharp,
ManlyMarco/KK_MoreAccessoryParents,2018-10-01 00:00:00
ManlyMarco/1room-English-Translation,2018-10-01 00:00:00
embryoconcepts/Potluck,
maoberlehner/vuex-map-fields,10/1/2018 0:00
maoberlehner/vue-lazy-hydration,10/1/2018 0:00
maoberlehner/node-sass-magic-importer,10/1/2018 0:00
maoberlehner/how-to-structure-a-complex-vuex-store,10/1/2018 0:00
maoberlehner/transition-to-height-auto-with-vue,10/1/2018 0:00
maoberlehner/goodbye-webpack-building-vue-applications-without-webpack,10/1/2018 0:00
maoberlehner/setting-up-a-vue-project-with-webpack-4-and-babel-7,10/1/2018 0:00
maoberlehner/vue-router-page-transitions,10/1/2018 0:00
maoberlehner/building-renderless-components-to-handle-crud-operations-in-vue,10/1/2018 0:00
maoberlehner/collectorium,10/1/2018 0:00
maoberlehner/building-a-modal-dialog-with-vue-and-vuex,10/1/2018 0:00
maoberlehner/how-to-pre-render-vue-powered-websites-with-webpack,10/1/2018 0:00
maoberlehner/distributed-vue-applications-loading-components-via-http,10/1/2018 0:00
maoberlehner/dynamic-vue-layout-components,10/1/2018 0:00
maoberlehner/how-to-drastically-reduce-estimated-input-latency-and-time-to-interactive-of-ssr-vue-applications,10/1/2018 0:00
maoberlehner/vue-application-structure-and-css-architecture,10/1/2018 0:00
maoberlehner/using-the-google-maps-api-with-vue,10/1/2018 0:00
maoberlehner/skeleton-loading-animation-with-vue,10/1/2018 0:00
maoberlehner/well-composed-frontend,10/1/2018 0:00
maoberlehner/replicating-the-twitter-tweet-box-with-vue,10/1/2018 0:00
maoberlehner/combining-graphql-and-vuex,10/1/2018 0:00
maoberlehner/advanced-vue-component-composition-with-container-components,10/1/2018 0:00
maoberlehner/css-selector-extract,10/1/2018 0:00
maoberlehner/building-a-date-input-component-with-vue,10/1/2018 0:00
maoberlehner/implementing-a-simple-middleware-with-vue-router,10/1/2018 0:00
maoberlehner/retry-until-online,10/1/2018 0:00
maoberlehner/visual-regression-tests-for-vue-applications-with-jest-and-puppeteer,10/1/2018 0:00
maoberlehner/building-custom-multi-option-form-components-with-vue,10/1/2018 0:00
maoberlehner/using-location-data-with-vue-and-open-street-map,10/1/2018 0:00
maoberlehner/lazy-load-vue-components-when-they-become-visible,10/1/2018 0:00
maoberlehner/building-a-pre-rendered-website-with-nuxt-and-storyblok,10/1/2018 0:00
maoberlehner/storyblok-migrate,10/1/2018 0:00
maoberlehner/storyblok-cloudinary-assets,10/1/2018 0:00
maoberlehner/lazy-loading-responsive-images-with-vue,10/1/2018 0:00
maoberlehner/building-landing-pages-with-vue-and-a-headless-cms,10/1/2018 0:00
maoberlehner/abomination-a-concept-for-a-static-html-dynamic-javascript-hybrid-application,10/1/2018 0:00
maoberlehner/building-a-simple-content-slider-with-vue,10/1/2018 0:00
maoberlehner/building-a-serverless-comment-system-with-netlify-functions-storyblok-and-vue,10/1/2018 0:00
maoberlehner/distributed-vue-applications-pushing-content-and-component-updates-to-the-client,10/1/2018 0:00
maoberlehner/building-a-static-site-with-storyblok-and-gridsome,10/1/2018 0:00
maoberlehner/building-a-simple-ken-burns-slider-with-vue,10/1/2018 0:00
maoberlehner/building-a-website-with-vue-the-storyblok-visual-editor-and-netlify,10/1/2018 0:00
maoberlehner/crazy-powerful-nightwatch-cucumber-step-definitions,10/1/2018 0:00
maoberlehner/route-model-binding-with-vue-and-vuex,10/1/2018 0:00
maoberlehner/building-a-parallax-scrolling-effect-component-with-vue,10/1/2018 0:00
maoberlehner/visual-regression-testing-with-nightwatch-and-cucumber,10/1/2018 0:00
maoberlehner/storyblok-meta-image,10/1/2018 0:00
maoberlehner/building-a-renderless-recaptcha-v3-form-component-with-vue,10/1/2018 0:00
maoberlehner/network-stubs-and-timers-with-nightwatch-and-cucumber,10/1/2018 0:00
maoberlehner/storyblok-augmented-image,10/1/2018 0:00
maoberlehner/css-node-extract,10/1/2018 0:00
maoberlehner/implementing-a-gdpr-consent-workflow-with-vue,10/1/2018 0:00
maoberlehner/creating-pdf-invoices-with-airtable-vue-and-puppeteer,10/1/2018 0:00
maoberlehner/storyblok-list,10/1/2018 0:00
maoberlehner/storyblok-address,10/1/2018 0:00
maoberlehner/storyblok-opening-hours,10/1/2018 0:00
maoberlehner/building-a-custom-storyblok-field-type-plugin-with-vue,10/1/2018 0:00
maoberlehner/automated-acceptance-testing-with-cypress-and-vue,10/1/2018 0:00
maoberlehner/stories-chapters-and-paragraphs-structuring-content-with-storyblok-and-vue,10/1/2018 0:00
maoberlehner/using-cloudinary-and-storyblok-to-handle-assets-for-a-vue-application,10/1/2018 0:00
maoberlehner/headless-cms-nuxt,10/1/2018 0:00
Marc3842h/Titan,2018-05-01 00:00:00
Marc3842h/limbo,2018-05-01 00:00:00
marcel303/framework,2017-11-01 00:00:00
marciot/html2three,
marciot/retroweb-vintage-computer-museum,
marciot/dome-experiments,
marciot/mazewar-vr,
marciot/fast-vector-display-arduino,
vuematerial/vue-material-old,2017-06-01 00:00:00
marianocarrazana/Guitar-Effects,
redstone/FreshWilderness,
MarvelWild/WildWorld,
Mashiane/UOE,
tootsuite/mastodon,2016-09-01 00:00:00
cambrian-era/mastodon,2016-09-01 00:00:00
EugenePizzerbert/mastodon-social-network,2016-09-01 00:00:00
sereneblue/awesome-oss,2016-09-01 00:00:00
kiritan-pop/mastodon,2016-09-01 00:00:00
samanthaghraves/trollianspace,2016-09-01 00:00:00
chucknorris-io/chuck-api,
tronalddump-io/tronald-app,
matchilling/org.programmingtalks.www,
botlang/botlang-js,
mateohoxha/mateohoxha.github.io,
MaterialPrime/material-prime,
MatiasVME/old-spaceship-shooter-rpg-deluxe,
MatiasVME/SpaceshipShooterRPGDeluxe,
shaovoon/forloopbenchmark,2016-12-01 00:00:00
GoTeamEpsilon/desktop.yml,
happypixels/laravel-shopr,
itsmattkc/LEGOIslandRebuilder,
mattlewis92/angular-calendar,2019-02-01 00:00:00
mattlewis92/angular-confirmation-popover,2019-02-01 00:00:00
mattlewis92/karma-coverage-istanbul-reporter,2019-02-01 00:00:00
mattlewis92/angular-draggable-droppable,2019-02-01 00:00:00
mattlewis92/angularx-flatpickr,2019-02-01 00:00:00
maxence-charriere/app,
maxine-red/amazed,2017-03-01 00:00:00
maxine-red/alex_study,2017-03-01 00:00:00
maxine-red/weasyl-ruby,2017-03-01 00:00:00
maxine-red/moobooks,2017-03-01 00:00:00
maxine-red/reinforcepp,2017-03-01 00:00:00
maxine-red/al3x,2017-03-01 00:00:00
mbrn/material-table,2019-04-01 00:00:00
Elemecca/heraldbot,2017-09-01 00:00:00
mcenderdragon/Futurepack-API,2017-08-01 00:00:00
FedFod/Max-MSP-Jitter,2017-11-01 00:00:00
quigjam/Orianna_Clone,
jamesmontemagno/Xamarin.Plugins,2017-12-01 00:00:00
jamesmontemagno/MediaPlugin,2017-12-01 00:00:00
jamesmontemagno/SettingsPlugin,2017-12-01 00:00:00
jamesmontemagno/mvvm-helpers,2017-12-01 00:00:00
jamesmontemagno/monkey-cache,2017-12-01 00:00:00
jamesmontemagno/ConnectivityPlugin,2017-12-01 00:00:00
jamesmontemagno/GeolocatorPlugin,2017-12-01 00:00:00
jamesmontemagno/PermissionsPlugin,2017-12-01 00:00:00
jamesmontemagno/ImageCirclePlugin,2017-12-01 00:00:00
jamesmontemagno/InAppBillingPlugin,2017-12-01 00:00:00
jamesmontemagno/Jeffsum.NET,2017-12-01 00:00:00
Merubokkusu/SFMManager,
merveilles/The-Town,2019-05-01 00:00:00
acidbubbles/vambooru,
mesutpiskin/computer-vision-guide,
jverifast-ug/translate,
samuelmaddock/metastream,2018-08-01 00:00:00
tomRedox/simpleCRM,
nnogga/MethodDungeonTools,
nick123pig/ismetroonfire,2016-12-01 00:00:00
olton/Metro-UI-CSS,2017-11-01 00:00:00
Chekote/minecraft_modpack_1.9.4,2015-08-01 00:00:00
Chekote/minecraft-modpack-1.12.2,2015-08-01 00:00:00
micheleriva/mjn,
Tuurlijk/typo3scan,2018-08-01 00:00:00
Tuurlijk/typo3migrate,2018-08-01 00:00:00
Michsky/glassos,2018-06-01 00:00:00
mickael-kerjean/filestash,
mickael-kerjean/nulll,
mooncaker816/learning-go-micro,
midori-browser/core,
midori-browser/midori-android,
OrionDevelop/Orion,
mikeal/roll-call,
mikeal/webtorrent-component,
mikeal/znode,
mikeal/markdown-element,
mikeal/rza,
mikeal/gza,
mikeal/snapkit,
mikeal/cappadonna,
mikeal/distjs,
mikeal/ipfs-elements,
mikeal/raekwon,
GeneaLabs/laravel-model-caching,
GeneaLabs/laravel-impersonator,
wimselloop/stories,
Superont/lmao,2017-01-01 00:00:00
minamarkham/formation,
minamarkham/sassy-starter,
minamarkham/yonce,
minamarkham/yonce-vscode,
Mindsers/nativetable,12/1/2018 0:00
mindsers/nativetable,12/1/2018 0:00
Mindsers/yabf,12/1/2018 0:00
mindsers/yabf,12/1/2018 0:00
Mindsers/configfile,12/1/2018 0:00
mistergreen/WAAC,
minimaxir/textgenrnn,2017-03-01 00:00:00
minimaxir/facebook-page-post-scraper,2017-03-01 00:00:00
minimaxir/person-blocker,2017-03-01 00:00:00
minimaxir/automl-gs,2017-03-01 00:00:00
minimaxir/gpt-2-simple,2017-03-01 00:00:00
minimaxir/reactionrnn,2017-03-01 00:00:00
minimaxir/magic-the-gifening,2017-03-01 00:00:00
minimaxir/tweet-generator,2017-03-01 00:00:00
minimaxir/optillusion-animation,2017-03-01 00:00:00
minimaxir/deep-learning-cpu-gpu-benchmark,2017-03-01 00:00:00
minimaxir/gpt-2-cloud-run,2017-03-01 00:00:00
minimaxir/keras-cntk-docker,2017-03-01 00:00:00
minimaxir/ml-data-generator,2017-03-01 00:00:00
minimaxir/foursquare-venue-scraper,2017-03-01 00:00:00
minimaxir/keras-cntk-benchmark,2017-03-01 00:00:00
minimaxir/predict-reddit-submission-success,2017-03-01 00:00:00
minimaxir/subreddit-generator,2017-03-01 00:00:00
minimaxir/get-heart-rate-csv,2017-03-01 00:00:00
minimaxir/pokemon-ai,2017-03-01 00:00:00
minimaxir/ncaa-basketball,2017-03-01 00:00:00
minimaxir/imdb-data-analysis,2017-03-01 00:00:00
minimaxir/automl-gs-examples,2017-03-01 00:00:00
minimaxir/imgur-decline,2017-03-01 00:00:00
minimaxir/ggplot2-web,2017-03-01 00:00:00
minimaxir/stack-overflow-questions,2017-03-01 00:00:00
minimaxir/tensorflow-multiprocess-ray,2017-03-01 00:00:00
minimaxir/modeling-link-aggregators,2017-03-01 00:00:00
willstall/30-days-of-shade,2017-01-01 00:00:00
mirkoviviano/FYP-Fuck-You-Phisher,
mittalyashu/gridsome-starter-netlifycms,
mittalyashu/gridsome-starter-casper,
Cherdenko/FET-german-translation,2016-09-01 00:00:00
mizchi/next-editor,2018-07-01 00:00:00
mlbors/posts,
mob-sakai/SoftMaskForUGUI,2018-12-01 00:00:00
mob-sakai/UpmGitExtension,2018-12-01 00:00:00
mob-sakai/GitDependencyResolverForUnity,2018-12-01 00:00:00
zmartzone/mod_auth_openidc,
moeisnotcool/ZoneMinder,
mohabouje/eDSP,
moleculerjs/moleculer,3/1/2018 0:00
ice-services/moleculer,3/1/2018 0:00
Mishio595/momiji-rust,
monicahq/monica,2017-06-01 00:00:00
monicahq/chandler,2017-06-01 00:00:00
monicahq/version,2017-06-01 00:00:00
matnad/monsterforge,2018-08-01 00:00:00
AWBuchanan7/temple,
MoosheTV/PropHuntV,
mopemope/meghanada-emacs,2018-07-01 00:00:00
mopemope/meghanada-server,2018-07-01 00:00:00
mopemope/firestarter,2018-07-01 00:00:00
jbarneta/VRExpansionPlugin,2017-05-01 00:00:00
instagrambot/instabot,2019-03-01 00:00:00
instagrambot/GramUp,2019-03-01 00:00:00
policetonyR/Mortainy-Bot,
MorvanZhou/Reinforcement-learning-with-tensorflow,2017-05-01 00:00:00
MorvanZhou/PyTorch-Tutorial,2017-05-01 00:00:00
MorvanZhou/Tensorflow-Tutorial,2017-05-01 00:00:00
MorvanZhou/Evolutionary-Algorithm,2017-05-01 00:00:00
MorvanZhou/easy-scraping-tutorial,2017-05-01 00:00:00
MorvanZhou/Tensorflow-Computer-Vision-Tutorial,2017-05-01 00:00:00
jiajunhua/MorvanZhou-Reinforcement-learning-with-tensorflow,2017-05-01 00:00:00
moszeed/easysoap,
moszeed/kindle-periodical,
moszeed/wsdlrdr,
moszeed/incrementallify,
moszeed/tweet-fetcher,
moszeed/lastfm-api,
moszeed/less-plugin-incremental,
mpenet/alia,
mpenet/spandex,
TheNumbat/Lists,2017-03-01 00:00:00
WestonLorenzini/CapitaLetters-MC1.12,2016-06-01 00:00:00
mrmin123/kcauto,
mrmin123/the-calculating-palico,
yapd/download-grava-oes,
mtxr/vscode-sqltools,
aquigni/TON-MTProxy,
adhiraiyan/DeepLearningWithTF2.0,
adhiraiyan/adhiraiyan.github.io,
mukeshsolanki/photofilter,
mukeshsolanki/MarkdownView-Android,
mukeshsolanki/country-picker-android,
mukeshsolanki/android-otpview-pinview,
mukeshsolanki/DrawingView-Android,
mukeshsolanki/liquidrefreshlayout,
mukeshsolanki/easypermissions-android,
mukeshsolanki/Google-Places-AutoComplete-EditText,
mukeshsolanki/easypreferences,
mukeshsolanki/Android-Tamper-Detector,
muldjord/skyscraper,2018-02-01 00:00:00
mumayank/AirLocation,
murhafsousli/ngx-sharebuttons,
muriloventuroso/easyssh,
muriloventuroso/givemelyrics,
muriloventuroso/pdftricks,
BastiaanOlij/vehicle-demo,
BastiaanOlij/godot-vr-weapons,
mvrahden/openclusters,
mxcl/PromiseKit,2019-02-01 00:00:00
mxcl/swift-sh,2019-02-01 00:00:00
mxcl/Path.swift,2019-02-01 00:00:00
mxcl/Workbench,2019-02-01 00:00:00
mxcl/Cake,2019-02-01 00:00:00
mxcl/AppUpdater,2019-02-01 00:00:00
mxcl/Chalk,2019-02-01 00:00:00
mxcl/Version,2019-02-01 00:00:00
mxcl/LegibleError,2019-02-01 00:00:00
jwlehman93/emacs.d,
AtsushiSakai/PythonRobotics,
Shilpa-537/test1,
Zippen-Huang/PythonRobotics-,
mylesdebastion/introduction-to-led-art,2018-07-01 00:00:00
MySportsFeeds/mysportsfeeds-api,2018-03-01 00:00:00
znmeb/dfstools,2018-03-01 00:00:00
MythicalCuddles/DiscordBot,
MythicalCuddles/Book-Loaning-System,
Darklyter/DVDErotik.bundle,
nahuelhds/votaciones-ar-scrapper,
naomiaro/waveform-playlist,6/1/2018 0:00
magefile/mage,
nathany/get-programming-with-go,
Nightwatch/-DEPRECATED-api,
nazar-pc/PickMeUp,4/1/2018 0:00
nazar-pc/docker-webserver,4/1/2018 0:00
explorableexplanations/explorableexplanations.github.io,2015-03-01 00:00:00
ncase/remember,2015-03-01 00:00:00
ncase/anxiety-demo,2015-03-01 00:00:00
ncform/ncform,
oseparovic/comic_selectors,2017-08-01 00:00:00
neet/vscode-qiita,
lagunehq/lagune,
piximhq/emoji,
neet/qiita-js-2,
ViGEm/ViGEmBus,2016-09-01 00:00:00
ViGEm/HidGuardian,2016-09-01 00:00:00
nefarius/Injector,2016-09-01 00:00:00
ViGEm/ViGEmClient,2016-09-01 00:00:00
ViGEm/VDX,2016-09-01 00:00:00
ViGEm/ViGEm.NET,2016-09-01 00:00:00
nehbit/aether,2018-10-01 00:00:00
cneira/zcage,
cneira/nomad-zones-driver,
nektro/reader,2018-07-01 00:00:00
nektro/theme_switcher,2018-07-01 00:00:00
kshorten42/desk-light-llc,2016-12-01 00:00:00
NerdOfLinux/nerdoflinux.github.io,
engor/Ted2Go,2017-11-01 00:00:00
nesdis/djongo,2019-02-01 00:00:00
NestedVariables/Quiver,
newhoa/victory-icon-theme,
newhoa/victory-gtk-theme,
kebertxela/homelabos,2019-03-01 00:00:00
NickeManarin/ScreenToGif,2016-12-01 00:00:00
nickmqb/muon,
nickola/web-console,
nickola/webby,
mackler/skcard,2018-01-01 00:00:00
njwest/react-native-weather,
ArkNX/ARK,
irichard03/vueliche,2018-07-01 00:00:00
coder137/FreeRTOS_Tutorials,
nikitavoloboev/knowledge,2017-09-01 00:00:00
nikitavoloboev/crafting-ideas,2017-09-01 00:00:00
nikitavoloboev/boxes,2017-09-01 00:00:00
lucaspretti/knowledge,2017-09-01 00:00:00
nikitavoloboev/article-drafts,2017-09-01 00:00:00
SoapboxRaceWorld/soapbox-race-core,2019-01-01 00:00:00
amosgyamfi/nimbbble,
andresangelini/niponismo,
NixInteractive/RTS-Tutorial-Code,
ryantm/nixpkgs-update,
Antigrapist/Mother_of_Learning,2015-09-01 00:00:00
sawanoboly/docs.cloudinfra.podcast,2018-10-01 00:00:00
a123456cg/Internet4JackLabStudent,2017-12-01 00:00:00
brianc/node-postgres,
danielwpz/pg,2017-08-01 00:00:00
Kwothsei/Noel.NET,
Transgiving/Transgiving,2015-11-01 00:00:00
nosarthur/gita,
dorukBen/notbook-client,
dorukBen/notbook-server,
AlexanderP/alexanderp.github.io,
notifme/notifme-template-ui,
npyl/NSAuthenticatedTask,
nFnK/tntsearch-fulltext,
nFnK/tntsearch,
Nuinalp/nuiverse,
Nuinalp/planium-shell,
Nukesor/pueue,
Nukesor/sticker-finder,
Nukesor/archivebot,
Nukesor/ultimate-poll-bot,
numcommand/num,2016-01-01 00:00:00
nunomaduro/collision,
nunomaduro/phpinsights,
laravel-zero/laravel-zero,
nunomaduro/larastan,
nunomaduro/laravel-console-menu,
nunomaduro/laravel-desktop-notifier,
narration/narration,
laravel-zero/framework,
nunomaduro/laravel-console-dusk,
nunomaduro/collision-adapter-symfony,
nunomaduro/laravel-console-summary,
nunomaduro/skeleton-php,
laravel-zero/foundation,
laravel-zero/installer,
laravel-zero/website,
nunomaduro/ohdear-cli,
nunomaduro/exclude-dev-files-bug,
nunomaduro/laravel-zero-build-test,
nunomaduro/example-issue-110,
nvzqz/FileKit,2019-05-01 00:00:00
nvzqz/RandomKit,2019-05-01 00:00:00
nvzqz/static-assertions-rs,2019-05-01 00:00:00
nvzqz/Threadly,2019-05-01 00:00:00
hexe-rs/Hexe,2019-05-01 00:00:00
nvzqz/uncon-rs,2019-05-01 00:00:00
nvzqz/c-utf8-rs,2019-05-01 00:00:00
nzambello/react-csv-reader,
Patreon/patreon-js,
patreon/patreon-js,
Patreon/patreon-python,
objective-see/LuLu,2017-07-01 00:00:00
objective-see/ProcInfo,2017-07-01 00:00:00
objective-see/DoNotDisturb,2017-07-01 00:00:00
objective-see/WhatsYourSign,2017-07-01 00:00:00
oceanpkg/rosy,
oceanpkg/www.oceanpkg.org,
Octanium91/xEdify,2016-11-01 00:00:00
kamilsk/retry,
kamilsk/semaphore,
kamilsk/form-api,
octolab/cleaner,
kamilsk/click,
octolab/hugs,
kamilsk/guard,
kamilsk/check,
kamilsk/passport,
kamilsk/go-research,
kamilsk/homebrew-tap,
ocwjay/ECP,
liberodark/ODrive,
Yorko/mlcourse.ai,2017-05-01 00:00:00
oerdnj/deb.sury.org,2016-01-01 00:00:00
OfLiberty/pacannabis.guide,
offen/offen,
OGProgrammer/jenkins-pipeline-groovy,
OGProgrammer/docker-test-app,
OGProgrammer/amazonlinux-php-nginx,
OGProgrammer/xdebug-example,
OGProgrammer/vagrant-xdebug,
OGProgrammer/docker-xdebug,
OGRECave/ogre-meshviewer,2018-10-01 00:00:00
oguzhaninan/Stacer,2018-02-01 00:00:00
oguzhaninan/korkut,2018-02-01 00:00:00
oguzhaninan/sshcon,2018-02-01 00:00:00
oladon/PaizoCampaignTools,2016-01-01 00:00:00
olegkoval/magento2-regenerate_url_rewrites,
iPlug2/iPlug2,2018-02-01 00:00:00
olive-editor/olive,
SymetricHD/SymetricHD.github.io,
mui-org/material-ui-docs,12/1/2017 0:00
uxpin-merge/material-ui-merge,12/1/2017 0:00
Lord-Lavios/torrent-organizer,2019-03-01 00:00:00
shahsparx/MovieRightNow,2019-03-01 00:00:00
phoet/on_ruby,2019-02-01 00:00:00
oneezy/gtd-trello-card-links,
oneezy/gtd-trello,
onestay/CR-Unblocker-Server,2017-01-01 00:00:00
Mikepicker/onion-packer,
onivim/oni2,2018-03-01 00:00:00
Openarl/PathOfBuilding,2017-04-01 00:00:00
bacchus-ng/bacchus,
bacchus-ng/bacchus-ng,
SuperPichu/machoBullshit,2015-08-01 00:00:00
opprDev/R3LM,
opprDev/trash-back,
opprDev/meta,
opprDev/forum.oppr.io,
orels1/ORELS-Cogs,2017-01-01 00:00:00
akaleeroy/collapse-lingo,
ossu/computer-science,2019-03-01 00:00:00
ossu/data-science,2019-03-01 00:00:00
ossu/bioinformatics,2019-03-01 00:00:00
ossu/cohorts,2019-03-01 00:00:00
treoa/Self-Syllabus-Data-Science,2019-03-01 00:00:00
sumitnce1/Data-Science,2019-03-01 00:00:00
otacke/timetray,2018-01-01 00:00:00
otacke/h5p-essay,2018-01-01 00:00:00
otacke/h5p-agamotto,2018-01-01 00:00:00
otacke/h5pxapikatchu,2018-01-01 00:00:00
otacke/yalw,2018-01-01 00:00:00
otacke/h5p-dictation,2018-01-01 00:00:00
otacke/h5p-bingo,2018-01-01 00:00:00
joemcbride/outlander-osx,2016-06-01 00:00:00
xiaofen9/overwatch,
ovhemert/chuck-says,
DropSnorz/OwlPlug,
owsas/parse-paginate-query,
erenertugrul/construct-plugins,2019-01-01 00:00:00
pablorosales/pretty-ymd,
pablorosales/confs,
PadmaUnlimited/padma-theme,2019-04-01 00:00:00
palmtree5/palmtree5-cogs-v2,
guhuilin/authorityManagement,2018-10-01 00:00:00
2939699018/monitorAdmin,2018-10-01 00:00:00
410673463/yuanfang-web,2018-10-01 00:00:00
wangzhao1995/vue-element-admin,2018-10-01 00:00:00
panva/node-oidc-provider,2019-05-01 00:00:00
panva/node-openid-client,2019-05-01 00:00:00
panva/jose,2019-05-01 00:00:00
hack-and-slash/awesome-tabletop-rpg,2017-05-01 00:00:00
paradise-404/Pacho,
ParadoxalCorp/felix-production,2018-04-01 00:00:00
QModManager/QModManager,2017-06-01 00:00:00
pardeike/Reloader,2017-06-01 00:00:00
DingoDjango/DeepOreIdentifier,2017-06-01 00:00:00
DingoDjango/NoForcedSlowdown,2017-06-01 00:00:00
JustMaffie/Discord-Partnerships-Bot,
Parzivail-Modding-Team/GalaxiesParzisStarWarsMod,2018-08-01 00:00:00
passcod/cargo-watch,
passcod/constellationd,
passpill-io/multi-browse,
pasvitas/samplauncher,
patrioticcow/YoutubeVideoControlls,
pattern-lab/patternlab-node,2017-11-01 00:00:00
darkyndy/babel-plugin-auto-logger,
darkyndy/amiddy,
darkyndy/jest-serializer-functions,
doittherailway/CatStacks,2017-09-01 00:00:00
paulofreitas/geodata-br,
pawbyte/Game-Pencil-Engine,2019-01-01 00:00:00
weareopensource/Node,
PierreBrisorgueil/siliconValleyEmoji,
weareopensource/Angular,
PierreBrisorgueil/Web-PrivateBoard,
PierreBrisorgueil/SeafileStyle,
WeAreOpenSourceProjects/waos-conventional-changelog,
weareopensource/weareopensource.github.io,
weareopensource/Swift,
peaceiris/actions-gh-pages,
peaceiris/actions-hugo,
peaceiris/actions-pixela,
peaceiris/actions-broken-link-checker,
peaceiris/actions-hugo-link-check,
peaceiris/actions-liche,
peaceiris/actions-muffet,
pedronauck/docz,2018-07-01 00:00:00
sudomesh/onboarding,2016-06-01 00:00:00
PERLUR/odoo-packages,
pervyrogue/AATOFL-Mod,
PetePete1984/SuperTilemap,
ph5x5/albion-minimap-overlay,
pH7Software/pH7-Social-Dating-CMS,2018-06-01 00:00:00
pH7Software/pH7Builder,2018-06-01 00:00:00
phimage/Erik,
phimage/CallbackURLKit,
vulhub/vulhub,2018-07-01 00:00:00
photonstorm/phaser,5/1/2016 0:00
photonstorm/phaser-ce,5/1/2016 0:00
phpseclib/phpseclib,
phpseclib/mcrypt_compat,
phpstan/phpstan,2016-11-01 00:00:00
php-telegram-bot/core,
picluster/picluster,
pidtuner/pidtuner.github.io,
henriiquecampos/bard-lesson,2018-01-01 00:00:00
pihomeserver/Kupiki-Hotspot-Script,2018-09-01 00:00:00
pinepain/php-ref,
pinepain/php-object-maps,
pinepain/php-ref-stubs,
piotrwitek/react-redux-typescript-guide,
piotrwitek/typesafe-actions,
piotrzarzycki21/TranspiledActionScript,2017-10-01 00:00:00
blascarr/Chibitronics_Logic_Gates,2017-03-01 00:00:00
PipeRift/ActionsExtension,
WeebDev/lolisafe,2019-02-01 00:00:00
Pitu/Magane,2019-02-01 00:00:00
Pitu/vue-isyourpasswordsafe,2019-02-01 00:00:00
Pitu/API-Starter,2019-02-01 00:00:00
a-know/Pixela,
j2doll/plantuml-example,2015-08-01 00:00:00
Commit451/skyhook,
Patreon/patreon-java,
pcvonz/oc-patreongoalstatus-plugin,
dumbgamedev/TextMeshPro_Playmaker,2018-04-01 00:00:00
dumbgamedev/postprocess_playmaker,2018-04-01 00:00:00
dumbgamedev/hitmanager_playmaker,2018-04-01 00:00:00
dumbgamedev/thirdpersoncontroller_playmaker,2018-04-01 00:00:00
dumbgamedev/shadowDetect-playmaker,2018-04-01 00:00:00
dumbgamedev/outlineEffect_Playmaker,2018-04-01 00:00:00
dumbgamedev/XWeaponTrail_Playmaker,2018-04-01 00:00:00
JosefNemec/Playnite,2017-12-01 00:00:00
plyoung/EdGames,
plyoung/Favourites,
plyoung/WaypointMaker,
plyoung/GameMap2D,
plyoung/EdNotes,
plyoung/HierarchyCustomiser,
plyoung/MissingScriptsFinder,
phmullins/knowledge,
Pnoxi/AVR-ISP-Pogo-Pin-Adapter,
Pnoxi/ESP8266_Blynk_WOL_Server,
pmmp/PocketMine-MP,2018-07-01 00:00:00
mxpv/patreon-go,2017-01-01 00:00:00
PokeAlarm/PokeAlarm,2019-01-01 00:00:00
polarity/polarity-music-tools,2017-02-01 00:00:00
pollen-robotics/luos,
1f991/patreon-php,
Stonebound/patreon-to-discord-webhooks,
MiniDigger/Subscribe4Whitelist,
1f991/patreon-php-example,
Zackazt/React-Chat-Tutorial,2019-03-01 00:00:00
Zackazt/TicTacToeTutorial,2019-03-01 00:00:00
Zackazt/ToDoListTutorial,2019-03-01 00:00:00
PostgREST/postgrest,2018-04-01 00:00:00
worr/node-imdb-api,
AdultLink/SphereDissolve,
Ibuprogames/gamedev-resources,
Zettt/km-markdown-library,
rajagp/iOS_MVC_MVP_MVVM_SampleApp,
DeathWeasel1337/KK_Plugins,
hrbrmstr/omdbapi,
VoxelBoy/UniteBerlin,
smkplus/Iridescence,
jensb89/trakt---letterboxd-import,
joehand/open-source-finances,
aharen/OMDbAPI,
mob-sakai/RotateMe,
gnh1201/reasonableframework,
Lipera/Unity-Shader-Playground,
Pathoschild/StardewCommunityMods,
butStill/UnityResourceMegaList,
connordelacruz/iterm2-tab-color,
conan513/TrinityBuilder,
ManlyMarco/KK_ClothingStateMenu,
castle-engine/wyrd-forest,
playfultechnology/arduino-rfid-PN5180,
Adrrei/Kattis-Challenges,
KristinHenry/nf2hack,
JesterlJoker/The-Four-Horsemen-Project,
richardschembri/GodotBasic3DFootball,
SimonOuellette35/BlogCode,
posva/vue-promised,2018-11-01 00:00:00
posva/thanks,2018-11-01 00:00:00
potato4d/nuxt-firebase-sns-example,2018-12-01 00:00:00
potato4d/nuxt-basic-auth-module,2018-12-01 00:00:00
potato4d/vue-fixed-header,2018-12-01 00:00:00
potato4d/nuxt-client-init-module,2018-12-01 00:00:00
potato4d/nuxt-dayjs-module,2018-12-01 00:00:00
potato4d/qiita-feed-generator,2018-12-01 00:00:00
potato4d/minimalytm-website,2018-12-01 00:00:00
potato4d/sentei,2018-12-01 00:00:00
potato4d/textlint-rule-detect-bad-chars,2018-12-01 00:00:00
prabaprakash/Awesome-React-Redux-Saga-Boilerplate,
prabaprakash/Micro-Frontends,
Joonsang1994/free-tshirts-stickers-and-swag-for-developers,
Joonsang1994/Hacktoberfest,
PredaaA/predacogs,
nodescript/nodescript,
nodescript/nodescript.github.io,
VirtuallyCreative/ollie-ui,
PrismLibrary/Prism,
privacytoolsIO/privacytools.io,
RoyBerntsenDesign/V-King,
proepkes/MSF-DarkRiftServer,
jnbdz/DemoGolangNodejsExtensionHelloWorld,
jMonkeyEngine-Contributions/Lemur,2015-08-01 00:00:00
zdharma/fast-syntax-highlighting,2018-05-01 00:00:00
zdharma/zplugin,2018-05-01 00:00:00
zdharma/history-search-multi-word,2018-05-01 00:00:00
zdharma/Zsh-100-Commits-Club,2018-05-01 00:00:00
zdharma/zshelldoc,2018-05-01 00:00:00
hobby-kube/guide,2019-02-01 00:00:00
MaxValue/Terpene-Profile-Parser-for-Cannabis-Strains,
PubPeerFoundation/PublicationDataExtractor,
punkchainfree/Monero-Pi-Node,
purelygrey/projects,2017-09-01 00:00:00
Purii/react-native-tableview-simple,
Purii/react-use-scrollspy,
purpleidea/mgmt,2018-03-01 00:00:00
mookman288/FrozenBones,
mookman288/FrozenBones-Bulma,
r0x0r/pywebview,2018-09-01 00:00:00
mapmeld/postgis-zimbabwe,
quinton-ashley/bottlenose,
quinton-ashley/Super_Mario_Sunshine_UHD_Texture_Pack,
quinton-ashley/cemu-no-gyro,
quinton-ashley/firefox-hide-scrollbars,
quinton-ashley/Kirby_Air_Ride_UHD_Texture_Pack,
quinton-ashley/qodemate,
quinton-ashley/video-up,
quinton-ashley/Luigis_Mansion_UHD_Pack,
quinton-ashley/reddit-uhd,
quinton-ashley/hendriks,
quinton-ashley/devsy,
quinton-ashley/delay-cmd,
quinton-ashley/get-open-apps,
quinton-ashley/ProcessingVideoExport,
quinton-ashley/pkg-sort,
qd-cae/qd-cae-python,2018-01-01 00:00:00
buttplugio/buttplug,5/1/2018 0:00
buttplugio/buttplug-js,5/1/2018 0:00
buttplugio/buttplug-csharp,5/1/2018 0:00
buttplugio/stpihkal,5/1/2018 0:00
metafetish/lovesense-js,5/1/2018 0:00
metafetish/syncydink,5/1/2018 0:00
buttplugio/buttplug-py,5/1/2018 0:00
buttplugio/buttplug-twine,5/1/2018 0:00
intiface/intiface-game-haptics-router,5/1/2018 0:00
metafetish/buttplug-playground,5/1/2018 0:00
buttplugio/buttsaber,5/1/2018 0:00
intiface/intiface-desktop,5/1/2018 0:00
buttplugio/buttplug.io,5/1/2018 0:00
buttplugio/buttplug-schema,5/1/2018 0:00
metafetish/haptic-movie-file-reader,5/1/2018 0:00
buttplugio/buttplug-windows-suite,5/1/2018 0:00
buttplugio/buttplug-developer-guide,5/1/2018 0:00
buttplugio/buttplug-android,5/1/2018 0:00
buttplugio/buttplug-device-config,5/1/2018 0:00
buttplugio/vue-buttplug-material-component,5/1/2018 0:00
buttplugio/buttplug.world,5/1/2018 0:00
buttplugio/updates.buttplug.io,5/1/2018 0:00
bofhgr/TM-Target-Profile-for-SC-by-qp,2017-12-01 00:00:00
quasarframework/quasar-play,9/1/2016 0:00
quasarframework/quasar-cli,9/1/2016 0:00
quasarframework/quasar-nuxt,9/1/2016 0:00
quasarframework/quasar-template-pwa,9/1/2016 0:00
quasarframework/quasar-template-default,9/1/2016 0:00
TobyMosque/app-extension-qdatetimepicker,9/1/2016 0:00
quasarframework/electron-wrapper,9/1/2016 0:00
quxios/Quasi-MV-ABS-Demo,
quxios/Quasi-MV-Master-Demo,
tlaukkan/aframe-asset-collection,2016-09-01 00:00:00
quickwords/quickwords,2018-06-01 00:00:00
TeamPorcupine/ProjectPorcupine,2015-10-01 00:00:00
OrderOfThePorcupine/ProjectPorcupine,2015-10-01 00:00:00
OrderOfThePorcupine/Localization,2015-10-01 00:00:00
quxios/QMV-Master-Demo,2016-08-01 00:00:00
quxios/QMV-ABS-Demo,2016-08-01 00:00:00
quxios/QInput,2016-08-01 00:00:00
quxios/QData,2016-08-01 00:00:00
qwertyquerty/pypresence,2018-06-01 00:00:00
qwertyquerty/ss13rp,2018-06-01 00:00:00
qwertyquerty/savepew,2018-06-01 00:00:00
rDany/script,
rust-iendo/v_htmlescape,
rafacost/TheLangoliers,
vardhireddy/springboot-docker,2018-10-01 00:00:00
bbbradsmith/huffmunch,2017-10-01 00:00:00
bbbradsmith/makeflop.py,2017-10-01 00:00:00
raitalharehman/awesome-storefronts,
FriendosClub/QuoteBot,
Ravencrow/battle-tac-toe,2015-08-01 00:00:00
rampantpixels/foundation_lib,2017-03-01 00:00:00
marktext/marktext,
Jocs/sponsor.me,
skyne98/neptune,
rasteri/SC1000,2019-04-01 00:00:00
raysan5/raylib,2016-01-01 00:00:00
raysan5/raylib.com,
loltatoez/loltatoez.github.io,2017-04-01 00:00:00
rcarcasses/vue-cytoscape,
viktord1985/React-Bitcoin-Ticker,
reduxjs/redux,
gaearon/babel-plugin-react-transform,
rajdee/redux-in-russian,
sergiodxa/redux-in-spanish,
ayqy/redux-3.7.0,
TutupSalep/React-Native-Starter,
saricden/no-place-like,
sscarduzio/elasticsearch-readonlyrest-plugin,2016-10-01 00:00:00
realrashid/sweet-alert,
Rebzzel/Fastly-Image-Viewer,
recp/cmt,
rectorphp/rector,
rectorphp/rector-ci,
RedBlueVideo/redblue,
redfish64/TinyTravelTracker,
reepblue/SourceSDKContent,2016-01-01 00:00:00
regeya/upwork-appimage,
natefish/PiFrame,
reinier/82procent-nieuwsbrieven,2016-02-01 00:00:00
isabellevu1214/isabellevu1214.github.io,
radwolfdev/marshmallow,2017-01-01 00:00:00
reming0227/atom-design,
renepickhardt/c-lightning-plugin-collection,2018-12-01 00:00:00
Requarks/wiki-v1,2018-12-01 00:00:00
TheResimulators/Sim-U-Kraft-Resimulated,
retep998/winapi-rs,2017-05-01 00:00:00
retorquere/zotero-better-bibtex,2018-01-01 00:00:00
revely-inc/co.revely.gradient,
RichardBray/no-redux,
Barsonax/Pathfindax,
RicoSuter/NSwag,
nativescript-vue/nativescript-vue,1/1/2018 0:00
Gonzalo2310/awesome-nativescript-vue,1/1/2018 0:00
riking/AutoDelete,2018-04-01 00:00:00
pqina/filepond,2018-12-01 00:00:00
rikschennink/shiny,2018-12-01 00:00:00
rikschennink/fitty,2018-12-01 00:00:00
rikschennink/conditioner,2018-12-01 00:00:00
pqina/vue-filepond,2018-12-01 00:00:00
pqina/react-filepond,2018-12-01 00:00:00
pqina/ngx-filepond,2018-12-01 00:00:00
robertdumitrescu/collection-path-helper,
RobertJGabriel/travis-tweet-update,
pwa-awards/website,
RobertJGabriel/github-issue-logger,
RobertJGabriel/Website,
SvenSommer/BlueSonosButton,
CyberdyneCC/Thermos,
rofrischmann/fela,
rofrischmann/inline-style-prefixer,
rofrischmann/react-css-component,
rofrischmann/react-woodworm,
rofrischmann/read-transform-write,
rohin33/Total-Scan,
kazup01/TrueHeroes,
roman01la/html-to-react-components,2/1/2018 0:00
roman01la/webpack-closure-compiler,2/1/2018 0:00
clj-commons/cljss,2/1/2018 0:00
clj-commons/citrus,2/1/2018 0:00
roots/sage,2018-08-01 00:00:00
roots/bedrock,2018-08-01 00:00:00
roots/trellis,2018-08-01 00:00:00
roots/trellis-cli,2018-08-01 00:00:00
pixelcollective/SageJS,2018-08-01 00:00:00
oxboot/oxboot,2018-08-01 00:00:00
ivandaum/portfolio-joffreypetit-2019,2018-08-01 00:00:00
ivandaum/bedrock-starter,2018-08-01 00:00:00
rosell-dk/webp-convert,2018-12-01 00:00:00
rosemlab/client,
roxxploxx/RimWorldModGuide,
rossimo/dice,2016-05-01 00:00:00
imricky/vue-express-lab,
huyingjie/rsnippets,
TheLittleEngineers/CC3-SpeedBump-V1R1,
TheLittleEngineers/2732-tofrom-2532,
vulkano-rs/vulkano,
AoDude/RuneInfo,2019-05-01 00:00:00
rusefi/rusefi,2018-11-01 00:00:00
rusefi/hw_microRusEfi,2018-11-01 00:00:00
Mo45/Rust-Server-Website-Template,2018-11-01 00:00:00
agneta/platform,
the-road-to-learn-react/the-road-to-learn-react-chinese,2018-01-01 00:00:00
the-road-to-learn-react/the-road-to-learn-react-russian,2018-01-01 00:00:00
the-road-to-learn-react/the-road-to-learn-react-portuguese,2018-01-01 00:00:00
rwieruch/the-road-to-react-with-firebase,2018-01-01 00:00:00
the-road-to-learn-react/the-road-to-learn-react-spanish,2018-01-01 00:00:00
the-road-to-learn-react/the-road-to-learn-react-french,2018-01-01 00:00:00
the-road-to-learn-react/the-road-to-learn-react-italian,2018-01-01 00:00:00
RyanBayne/WordPressPluginSeed,
RyanBayne/Multitool,
Ryujinx/Ryujinx,
codersgarage/BelleORM,
s9a/s9a.github.io,
s9a/fake_it_till_you_name_it,
Saegusae/fps-utils,
Saegusae/looks,
bbookman/Snapchat-Snap-Kit-Demo-Here,
alexander-irbis/awesome-bookmarks,2016-09-01 00:00:00
Andre-LA/links-de-dsv-de-jogos,2016-09-01 00:00:00
Neko250/pixelart-tuts,2016-09-01 00:00:00
funzeye/dev-bookmarks,2016-09-01 00:00:00
salaros/vtwsclib-php,
Equipple/revit-family-web-viewer,
salaros/is-biz-mail-php,
salaros/config-parser,
salaros/is-biz-mail-js,
salaros/is-biz-mail-dotnet,
mjfernez/algorhythmic,2018-02-01 00:00:00
hafizadil123/orderpay,2019-02-01 00:00:00
samrith-s/parcel-plugin-structurize,
easytax/easytax-framework,
purcell/emacs.d,2017-10-01 00:00:00
purcell/exec-path-from-shell,2017-10-01 00:00:00
purcell/sqlint,2017-10-01 00:00:00
purcell/ibuffer-vc,2017-10-01 00:00:00
purcell/elisp-slime-nav,2017-10-01 00:00:00
purcell/page-break-lines,2017-10-01 00:00:00
purcell/ac-slime,2017-10-01 00:00:00
purcell/package-lint,2017-10-01 00:00:00
purcell/reformatter.el,2017-10-01 00:00:00
purcell/whitespace-cleanup-mode,2017-10-01 00:00:00
purcell/jargs,2017-10-01 00:00:00
purcell/disable-mouse,2017-10-01 00:00:00
purcell/airspeed,2017-10-01 00:00:00
purcell/rails-runit,2017-10-01 00:00:00
purcell/ibuffer-projectile,2017-10-01 00:00:00
purcell/default-text-scale,2017-10-01 00:00:00
purcell/sqlformat,2017-10-01 00:00:00
purcell/unfill,2017-10-01 00:00:00
purcell/diredfl,2017-10-01 00:00:00
purcell/paredit-everywhere,2017-10-01 00:00:00
purcell/postgresql-migrations,2017-10-01 00:00:00
purcell/flycheck-ledger,2017-10-01 00:00:00
purcell/ruby-hash-syntax,2017-10-01 00:00:00
purcell/flycheck-package,2017-10-01 00:00:00
purcell/osx-location,2017-10-01 00:00:00
purcell/ns-auto-titlebar,2017-10-01 00:00:00
purcell/mode-line-bell,2017-10-01 00:00:00
purcell/list-unicode-display,2017-10-01 00:00:00
purcell/skewer-less,2017-10-01 00:00:00
purcell/cl-libify,2017-10-01 00:00:00
nxengine/nxengine-evo,
ondata/guidaVisiData,
elijabesu/SauriCogs,
schell/gelatin,
schell/odin,
schematical/chaoscraft,2018-09-01 00:00:00
hamzasheikh/podcast,2015-09-01 00:00:00
Scifabric/pybossa,
Scifabric/docs.pybossa.com,
Yushang2019/master,2017-12-01 00:00:00
rustsim/nalgebra,2017-09-01 00:00:00
rustsim/nphysics,2017-09-01 00:00:00
rustsim/ncollide,2017-09-01 00:00:00
TSedlar/anitrack,
TSedlar/pseudo-styler,
TSedlar/eltag,
TSedlar/dokusho,
TSedlar/open-notebook,
TSedlar/mu-feed,
Seklfreak/Robyul-Web,2017-05-01 00:00:00
selabie68/i-love-steempeak,
selabie68/OreGenUltimateSponge,
selabie68/steem-notify,
sentialx/multrin,2018-11-01 00:00:00
serayuzgur/crates,
SerenityOS/serenity,
serge-rgb/milton,2016-08-01 00:00:00
sergiodxa/impresionante-javascript,2018-12-01 00:00:00
sergiodxa/next-ga,2018-12-01 00:00:00
sergiodxa/next-nprogress,2018-12-01 00:00:00
sergiodxa/react-lazy-image,2018-12-01 00:00:00
sergiodxa/now-storage,2018-12-01 00:00:00
sergiodxa/react-lazy-memo,2018-12-01 00:00:00
contentz-tech/contentz,2018-12-01 00:00:00
sergiodxa/react-course-project,2018-12-01 00:00:00
sergiodxa/personal-site,2018-12-01 00:00:00
sergiodxa/micro-next,2018-12-01 00:00:00
sergiodxa/now-ab,2018-12-01 00:00:00
sergiodxa/now-parcel,2018-12-01 00:00:00
sergiodxa/personal-slides,2018-12-01 00:00:00
sergiodxa/react-use-permissions,2018-12-01 00:00:00
sergiodxa/next-analytics,2018-12-01 00:00:00
sergiodxa/markdown-it-mentions,2018-12-01 00:00:00
sergiodxa/react-use-quicklink,2018-12-01 00:00:00
sergiodxa/next-babel-minify,2018-12-01 00:00:00
sergiodxa/dataset,2018-12-01 00:00:00
sergiodxa/markdown-it-codesandbox,2018-12-01 00:00:00
sergiodxa/personal-cli,2018-12-01 00:00:00
sergiodxa/device-info,2018-12-01 00:00:00
sergiodxa/personal-shortening,2018-12-01 00:00:00
sergiodxa/dice-roller,2018-12-01 00:00:00
sergiodxa/personal-redirect,2018-12-01 00:00:00
sergiodxa/wizard-vs-kraken,2018-12-01 00:00:00
sergiodxa/subscribe,2018-12-01 00:00:00
serhii-londar/open-source-mac-os-apps,
serprex/luwa,5/1/2017 0:00
AnomalyInnovations/serverless-stack-com,2017-10-01 00:00:00
gaao/design-resource,
settysantu/mintleaf,
sh-akira/VirtualMotionCapture,
sdawood/json-tots,
jfoenixadmin/JFoenix,
shadowhand/latitude,
northwoods/broker,
northwoods/container,
shadowhand/highlander,
northwoods/entity-proxy,
shadowhand/cairon,
misterdanb/shady,
shahriar0247/messenger-packed-exe-app,
neutralinojs/neutralinojs,2019-04-01 00:00:00
shalithasuranga/runn,2019-04-01 00:00:00
shalvah/DownloadThisVideo,
LucasFazzi/bichometrico_memoria_game,2017-11-01 00:00:00
colgreen/sharpneat,
shd101wyy/markdown-preview-enhanced,2017-07-01 00:00:00
shd101wyy/vscode-markdown-preview-enhanced,2017-07-01 00:00:00
JBdAmiens/ROLL20TheAaron,2016-01-01 00:00:00
shellscape/koa-webpack,2018-10-01 00:00:00
shellscape/gmail-classic,2018-10-01 00:00:00
shellscape/webpack-plugin-serve,2018-10-01 00:00:00
shellscape/webpack-nano,2018-10-01 00:00:00
shellscape/postcss-less,2018-10-01 00:00:00
shellscape/postcss-values-parser,2018-10-01 00:00:00
shellscape/webpack-serve,2018-10-01 00:00:00
shellscape/bundler-serve,2018-10-01 00:00:00
Sebobo/Shel.Neos.Hyphens,2019-05-01 00:00:00
Sebobo/Shel.AssetNames,2019-05-01 00:00:00
Sebobo/Shel.Neos.TransferContent,2019-05-01 00:00:00
ShepherdJerred-minecraft/sthorses,
shirosaidev/diskover,2018-08-01 00:00:00
shirosaidev/stocksight,2018-08-01 00:00:00
shirosaidev/saisoku,2018-08-01 00:00:00
shirosaidev/airbnbbot,2018-08-01 00:00:00
j0rdanit0/api-swgoh-help,2018-07-01 00:00:00
laravelista/Bard,
Grim-es/material-combiner-addon,2019-01-01 00:00:00
shubhamgulati91/archify-effortlessly,
shuchkin/simplexlsx,
shuchkin/simplexls,
shuchkin/react-smtp-client,
shuchkin/simplecsv,
shuchkin/react-http-client,
shuchkin/simplemail,
Shurgent/TFCTech,
sibelius/relay-modern-course,2018-12-01 00:00:00
Slevinski/SuttonSignWriting,2018-06-01 00:00:00
Slevinski/apitxt,2018-06-01 00:00:00
jooorooo/image-optimizer,
simoncropparchived/EfCore.InMemoryHelpers,
Simonwep/pickr,4/1/2019 0:00
Simonwep/selection,4/1/2019 0:00
Simonwep/candy,4/1/2019 0:00
ovanta/vue-cloudfront,4/1/2019 0:00
Simonwep/java-express,4/1/2019 0:00
Simonwep/presentr,4/1/2019 0:00
Simonwep/sassyfication,4/1/2019 0:00
Simonwep/vue-thread-loader,4/1/2019 0:00
Simperfit/symfony-router-error,2018-03-01 00:00:00
SimCoderYoutube/UberClone,
SimCoderYoutube/WhatsAppClone,
SimCoderYoutube/SnapchatClone,
SimCoderYoutube/NovaLauncherClone,
SahrJo/https-github.com-SimCoderYoutube-Uber_android_app_clone,
walteranyika/CombinedTaxiApp,
schealex/ama,
schealex/schealex.github.io,
simcolony/TS4THDEMO,
lemonpaul/simulide,2018-09-01 00:00:00
sindresorhus/awesome-electron,12/1/2017 0:00
sindresorhus/pageres,12/1/2017 0:00
sindresorhus/ora,12/1/2017 0:00
sindresorhus/np,12/1/2017 0:00
sindresorhus/electron-config,12/1/2017 0:00
sindresorhus/electron-store,12/1/2017 0:00
sindresorhus/fast-cli,12/1/2017 0:00
sindresorhus/cli-spinners,12/1/2017 0:00
sindresorhus/pageres-cli,12/1/2017 0:00
sindresorhus/ama,12/1/2017 0:00
sindresorhus/grunt-sass,12/1/2017 0:00
sindresorhus/load-grunt-tasks,12/1/2017 0:00
sindresorhus/grunt-shell,12/1/2017 0:00
sindresorhus/gulp-autoprefixer,12/1/2017 0:00
sindresorhus/electron-context-menu,12/1/2017 0:00
sindresorhus/electron-debug,12/1/2017 0:00
sindresorhus/conf,12/1/2017 0:00
sindresorhus/grunt-eslint,12/1/2017 0:00
CraryPrimitiveMan/awesome-with-star,12/1/2017 0:00
AiPacino/Best,12/1/2017 0:00
chinanf-boy/awesome-electron-zh,12/1/2017 0:00
sinkillerj/ProjectE,2015-08-01 00:00:00
sinkillerj/ProjectE-Aether-Addon,2015-08-01 00:00:00
arximboldi/ewig,2018-09-01 00:00:00
sippy/b2bua,2018-05-01 00:00:00
l74ndro/legacy-ml-python,2017-11-01 00:00:00
SirSkaro/Pokedex,2018-07-01 00:00:00
six-of-one/Quake-documentation,
sizzlorox/Idle-RPG-Bot,2018-10-01 00:00:00
eddoww/modded-schematics,2015-08-01 00:00:00
sketchpunk/FunWithWebGL2,2017-06-01 00:00:00
sketchpunk/NEditorJS,2017-06-01 00:00:00
sketchpunk/ShaderBlocks,2017-06-01 00:00:00
sketchpunk/openkeyboard,2017-06-01 00:00:00
sketchpunk/SpeechCMD,2017-06-01 00:00:00
sketchpunk/NoiseUI,2017-06-01 00:00:00
sketchpunk/OpenXortex,2017-06-01 00:00:00
sketchpunk/mkRebuild,2017-06-01 00:00:00
skyarkhangel/Hardcore-SK,2019-02-01 00:00:00
skypjack/entt,2018-09-01 00:00:00
skypjack/uvw,2018-09-01 00:00:00
skypjack/meta,2018-09-01 00:00:00
BareRose/atomix,2018-04-01 00:00:00
BareRose/swrap,2018-04-01 00:00:00
BareRose/dvector,2018-04-01 00:00:00
BareRose/nibrans,2018-04-01 00:00:00
BareRose/ranxoshi256,2018-04-01 00:00:00
BareRose/lonesha256,2018-04-01 00:00:00
BareRose/lconfig,2018-04-01 00:00:00
BareRose/dynarr,2018-04-01 00:00:00
BareRose/parray,2018-04-01 00:00:00
BumpBotDiscord/bump,
ixm-one/ixm,2019-01-01 00:00:00
Siilwyn/awesome-pixel-art,2017-07-01 00:00:00
smakosh/unnamed-css-framework,
smakosh/gatsby-portfolio-dev,
smakosh/smakosh.com,
smakosh/gatsby-starter-i18n,
smakosh/personal-react-app-boilerplate,
smakosh/gatsby-source-dribbble,
smakosh/gatsby-app-starter-rest-api,
smakosh/CRA-Airtable,
smakosh/gatsby-airtable-starter,
tripflex/wp-login-flow,
Superjo149/auryo,2019-02-01 00:00:00
iBlatant/mineman1,
sobri909/LocoKit,2018-06-01 00:00:00
soroushchehresa/vue-soundcloud,
soroushchehresa/unsplash-wallpapers,
soroushchehresa/react-ignore-rerender,
soroushchehresa/map-nearest-location,
soroushchehresa/axios-react,
sorskoot/a-frame-tutorial,
soruly/trace.moe,2016-12-01 00:00:00
soruly/trace.moe-telegram-bot,2016-12-01 00:00:00
soruly/sola,2016-12-01 00:00:00
soruly/trace.moe-WebExtension,2016-12-01 00:00:00
soruly/trace.moe-media,2016-12-01 00:00:00
sourcewars/linkedin-awesome-tools,
wiltonlazary/korlibs,
spacehuhn/wifi_ducky,2017-09-01 00:00:00
spacehuhn/DeauthDetector,2017-09-01 00:00:00
spacehuhn/PacketMonitor,2017-09-01 00:00:00
spacehuhn/ArduinoPcap,2017-09-01 00:00:00
spacehuhn/ArduinoARPspoof,2017-09-01 00:00:00
spacehuhn/wifi_keylogger,2017-09-01 00:00:00
wi-fi-analyzer/esp8266_deauther,2017-09-01 00:00:00
awesome-pentest-gadgets/wifi-ducky-samdenty99-,2017-09-01 00:00:00
s-panferov/tygen,
gamesoflightllc/spark-community,
spatie/laravel-permission,12/1/2017 0:00
spatie/laravel-activitylog,12/1/2017 0:00
spatie/laravel-query-builder,12/1/2017 0:00
spatie/laravel-fractal,12/1/2017 0:00
spatie/image-optimizer,12/1/2017 0:00
spatie/laravel-responsecache,12/1/2017 0:00
spatie/crawler,12/1/2017 0:00
spatie/async,12/1/2017 0:00
spatie/laravel-translatable,12/1/2017 0:00
spatie/regex,12/1/2017 0:00
spatie/laravel-sitemap,12/1/2017 0:00
spatie/opening-hours,12/1/2017 0:00
spatie/laravel-tags,12/1/2017 0:00
spatie/form-backend-validation,12/1/2017 0:00
spatie/laravel-uptime-monitor,12/1/2017 0:00
spatie/laravel-image-optimizer,12/1/2017 0:00
spatie/laravel-event-projector,12/1/2017 0:00
spatie/pdf-to-image,12/1/2017 0:00
spatie/period,12/1/2017 0:00
spatie/image,12/1/2017 0:00
spatie/laravel-cookie-consent,12/1/2017 0:00
spatie/schema-org,12/1/2017 0:00
spatie/vue-table-component,12/1/2017 0:00
spatie/vue-tabs-component,12/1/2017 0:00
spatie/laravel-google-calendar,12/1/2017 0:00
spatie/laravel-url-signer,12/1/2017 0:00
spatie/once,12/1/2017 0:00
spatie/phpunit-watcher,12/1/2017 0:00
spatie/laravel-menu,12/1/2017 0:00
spatie/laravel-db-snapshots,12/1/2017 0:00
spatie/laravel-binary-uuid,12/1/2017 0:00
spatie/db-dumper,12/1/2017 0:00
spatie/laravel-mix-purgecss,12/1/2017 0:00
spatie/laravel-failed-job-monitor,12/1/2017 0:00
spatie/menu,12/1/2017 0:00
spatie/laravel-pjax,12/1/2017 0:00
spatie/laravel-server-monitor,12/1/2017 0:00
spatie/data-transfer-object,12/1/2017 0:00
spatie/http-status-check,12/1/2017 0:00
spatie/laravel-blade-x,12/1/2017 0:00
spatie/temporary-directory,12/1/2017 0:00
spatie/laravel-cors,12/1/2017 0:00
spatie/laravel-feed,12/1/2017 0:00
spatie/laravel-view-models,12/1/2017 0:00
spatie/laravel-blade-javascript,12/1/2017 0:00
spatie/laravel-schemaless-attributes,12/1/2017 0:00
spatie/valuestore,12/1/2017 0:00
spatie/ssl-certificate,12/1/2017 0:00
spatie/laravel-model-status,12/1/2017 0:00
spatie/laravel-searchable,12/1/2017 0:00
spatie/laravel-translation-loader,12/1/2017 0:00
spatie/laravel-missing-page-redirector,12/1/2017 0:00
spatie/macroable,12/1/2017 0:00
spatie/typed,12/1/2017 0:00
spatie/laravel-server-side-rendering,12/1/2017 0:00
spatie/calendar-links,12/1/2017 0:00
spatie/phpunit-snapshot-assertions,12/1/2017 0:00
spatie/laravel-honeypot,12/1/2017 0:00
spatie/laravel-csp,12/1/2017 0:00
spatie/laravel-http-logger,12/1/2017 0:00
spatie/laravel-personal-data-export,12/1/2017 0:00
spatie/fractalistic,12/1/2017 0:00
spatie/server-side-rendering,12/1/2017 0:00
spatie/url,12/1/2017 0:00
spatie/freek.dev,12/1/2017 0:00
spatie/laravel-link-checker,12/1/2017 0:00
spatie/dnsrecords.io,12/1/2017 0:00
spatie/laravel-flash,12/1/2017 0:00
spatie/enum,12/1/2017 0:00
spatie/laravel-web-tinker,12/1/2017 0:00
spatie/laravel-varnish,12/1/2017 0:00
spatie/skeleton-php,12/1/2017 0:00
spatie/laravel-json-api-paginate,12/1/2017 0:00
spatie/laravel-model-cleanup,12/1/2017 0:00
spatie/laravel-demo-mode,12/1/2017 0:00
spatie/laravel-referer,12/1/2017 0:00
spatie/laravel-validation-rules,12/1/2017 0:00
spatie/laravel-stripe-webhooks,12/1/2017 0:00
spatie/laravel-partialcache,12/1/2017 0:00
spatie/laravel-view-components,12/1/2017 0:00
spatie/laravel-googletagmanager,12/1/2017 0:00
spatie/dns,12/1/2017 0:00
spatie/laravel-slack-slash-command,12/1/2017 0:00
spatie/flysystem-dropbox,12/1/2017 0:00
spatie/nova-backup-tool,12/1/2017 0:00
spatie/skeleton-nova-tool,12/1/2017 0:00
spatie/7to5,12/1/2017 0:00
spatie/laravel-directory-cleanup,12/1/2017 0:00
spatie/laravel-tinker-tools,12/1/2017 0:00
spatie/laravel-twitter-streaming-api,12/1/2017 0:00
spatie/nova-tags-field,12/1/2017 0:00
spatie/laravel-queueable-action,12/1/2017 0:00
spatie/laravel-mailable-test,12/1/2017 0:00
spatie/laravel-export,12/1/2017 0:00
spatie/laravel-artisan-dd,12/1/2017 0:00
spatie/dropbox-api,12/1/2017 0:00
spatie/laravel-endpoint-resources,12/1/2017 0:00
spatie/laravel-database-mail-templates,12/1/2017 0:00
spatie/sheets,12/1/2017 0:00
spatie/yaml-front-matter,12/1/2017 0:00
spatie/laravel-blink,12/1/2017 0:00
spatie/nova-tail-tool,12/1/2017 0:00
spatie/laravel-eventsauce,12/1/2017 0:00
spatie/query-string,12/1/2017 0:00
spatie/vue-data-component,12/1/2017 0:00
spatie/code-outliner,12/1/2017 0:00
spatie/robots-txt,12/1/2017 0:00
spatie/nova-translatable,12/1/2017 0:00
spatie/mixed-content-scanner-cli,12/1/2017 0:00
spatie/laravel-server-side-rendering-examples,12/1/2017 0:00
spatie/commonmark-highlighter,12/1/2017 0:00
spatie/skeleton-vue,12/1/2017 0:00
spatie/guzzle-rate-limiter-middleware,12/1/2017 0:00
spatie/laravel-mix-preload,12/1/2017 0:00
spatie/larabank-event-projector-aggregates,12/1/2017 0:00
spatie/last-fm-now-playing,12/1/2017 0:00
spatie/google-time-zone,12/1/2017 0:00
spatie/font-awesome-filetypes,12/1/2017 0:00
spatie/selenium-client,12/1/2017 0:00
spatie/larabank-event-projector,12/1/2017 0:00
spatie/skeleton-js,12/1/2017 0:00
spatie/laravel-enum,12/1/2017 0:00
spatie/sitesearch,12/1/2017 0:00
spatie/bpost-address-webservice,12/1/2017 0:00
spatie/larabank-traditional,12/1/2017 0:00
spatie/icalendar-generator,12/1/2017 0:00
barisbora/laravel-query-builder,12/1/2017 0:00
ajdunn2/crawler,12/1/2017 0:00
DigitalCloud/laravel-rebound,12/1/2017 0:00
spatie/laravel-medialibrary-v6-to-v7-filesystem-upgrade,12/1/2017 0:00
spatie/laravel-development-dashboard,12/1/2017 0:00
spatie/dashboard.spatie.be-external-sensors,12/1/2017 0:00
DIGImend/digimend-kernel-drivers,2017-11-01 00:00:00
oas/spectre,2019-01-01 00:00:00
springtype-org/springtype,
sqall01/alertR,
sqall01/lightweight-push-pip,
sqall01/lightweight-push,
sqall01/alertR-Push-Android,
sqall01/alertR-Push-Server,
sqall01/chasr-android-logger,
sqall01/chasr-android-map,
sqall01/MMM-alertRsensors,
sqall01/banking_monitoring,
sqall01/MMM-alertRsensoralerts,
mymoomin/YNA-for-VSCode,2018-04-01 00:00:00
SRC-technology/SRC,
Games-and-Simulations/sc-docker,2018-03-01 00:00:00
stackblitz/core,2018-03-01 00:00:00
alajfit/vuex-apollo,
alajfit/vue-run,
hemerajs/hemera,
tylersloeper/Starreign-Indie-Game,
thomasthesecond/a11y-resources,
ScarletsFiction/SFMediaStream,
ScarletsFiction/LittleYoutube-PHP,
ScarletsFiction/Scarlets,
ScarletsFiction/SFIntercom,
ScarletsFiction/ScarletsFrame,
ScarletsFiction/Serberries,
ScarletsFiction/SFDatabase-js,
ScarletsFiction/SFDynamicHTML,
ScarletsFiction/ScarletsQuery,
ScarletsFiction/SFFileSystem,
memiah/ansible-role-centos-security-updates,
stevenschmatz/deep-rl-book,2017-10-01 00:00:00
AznStevy/Maybe-Useful-Cogs,2017-05-01 00:00:00
Stichoza/google-translate-php,
hgehlhausen/palladium-polished,2016-04-01 00:00:00
stormearthandlava/stormearthandlava.github.io,
StormFX/Masque,
StormFX/Masque_Apathy,
StormFX/Masque_Cirque,
StormFX/Masque_Caith,
mmcguill/Strongbox,2019-01-01 00:00:00
stuartcryan/advanced-google-maps-alfred-workflow,
studiostry/UE4MBLabCharacterStudy,
fblah/ShapeKeyTransferBlender,
fblah/AnimNode,
fblah/AnimNodeProject,
fblah/UE4-AI-Jumper,
Stvad/CrowdAnki,2019-03-01 00:00:00
jia1994/ai-,
pannal/Kitana,
SXRWahrheit/Denizen-Scripts,2018-05-01 00:00:00
SXRWahrheit/MythicMobs-Files,2018-05-01 00:00:00
SXRWahrheit/MagicSpells-Spells,2018-05-01 00:00:00
Fuyukai/OWAPI,2017-03-01 00:00:00
butlerallenj/osa,2017-03-01 00:00:00
snowball-dev-group/snowball-bot,2017-03-01 00:00:00
superblaubeere27/ClientBase,2019-02-01 00:00:00
sustained/the-pond-web,2018-03-01 00:00:00
svanimpe/swift-blog,
svanimpe/sss18-workshop,
svanimpe/icapps-tech-talk,
svrooij/sonos2mqtt,
svrooij/node-xiaomi2mqtt,
svrooij/ipcam2mqtt,
svrooij/evohome2mqtt,
swapagarwal/swag-for-dev,2018-08-01 00:00:00
swapagarwal/JARVIS-on-Messenger,2018-08-01 00:00:00
swapagarwal/awesome-eli5,2018-08-01 00:00:00
swapagarwal/mediumship,2018-08-01 00:00:00
swapagarwal/awesome-inspiration,2018-08-01 00:00:00
SWBFSpy/SWBFSpy,
devops-my/meetup,2018-09-01 00:00:00
jmiln/SWGoHBot,2018-02-01 00:00:00
Symbiotech-LLC/Canary,
Symbiotech-LLC/pyHash,
syntek-lang/syntek,
slicer69/sysvinit,2018-01-01 00:00:00
syuilo/misskey,4/1/2018 0:00
szekelydata/blog,2017-04-01 00:00:00
szekelydata/medveterkep,2017-04-01 00:00:00
t3easy/docker-surf,
TheMinds3t/tModloader,2017-06-01 00:00:00
tacacsgui/tacacsgui,2018-11-01 00:00:00
tacacsgui/tgui_install,2018-11-01 00:00:00
tacticalDevC/PanicTrigger,
ta1H3n/Namiko,2019-03-01 00:00:00
TamaatStudio/EverglowCardstomp,2016-08-01 00:00:00
vueComponent/ant-design-vue,
TangRufus/jwt-auth_zero,
magit/magit,2016-01-01 00:00:00
tasdikrahman/spaceShooter,
tasdikrahman/tnote,
tasdikrahman/plino,
tasdikrahman/pyCalc,
tasdikrahman/easyrbac,
tasdikrahman/ansible-bootstrap-server,
tasdikrahman/margo,
tasdikrahman/trumporate,
tasdikrahman/opencv3-ansible-vagrant-playbook,
tasdikrahman/RandomMACGen,
tasket/Qubes-vpn-support,
Ignitus/Ignitus-Client-Side-Development,
Ignitus/Ignitus-rest-api,
jacqueline-homan/Tracer,
BenTearzz/AdequateStudying,
Tebs-Lab/intro-to-deep-learning,2018-04-01 00:00:00
Tebs-Lab/intro-to-datastructures-algorithms,2018-04-01 00:00:00
TechnitiumSoftware/DnsServer,2019-03-01 00:00:00
TechnitiumSoftware/DNS-over-HTTPS,2019-03-01 00:00:00
TechnitiumSoftware/net.dnsclient,2019-03-01 00:00:00
techqueria/website,2018-10-01 00:00:00
CodyPellom/State-and-Props-Broken-Down-Practice,2019-01-01 00:00:00
techtacoriginal/offlinebay,
disks86/VK9,
teejee2008/timeshift,2017-10-01 00:00:00
teejee2008/battery-monitor,2017-10-01 00:00:00
tekmunkey/bashScriptBase,
tekmunkey/keyFu,
tekmunkey/mushCompiler,
tekmunkey/dotNetExtensions,
tekmunkey/ubuntuMUSH,
tekmunkey/pyMuClient,
teknotus/bitcorder,
tekulvw/Squid-Plugins,2016-07-01 00:00:00
tiaguinho/material-community-components,
tiaguinho/gosoap,
Temtaime/aesir,2017-07-01 00:00:00
tenka491/unit-xchange,
teocci/JSONViewer-for-Chrome,
teocci/YouTube-In-Background,
termix-io/zh,
termix-io/base,
vietnam-devs/coolstore-microservices,2019-02-01 00:00:00
pirate/ArchiveBox,2018-11-01 00:00:00
The-Evil-Pickle/Replay-the-Spire,
pixiesky/the-magento-2-lectures,
rajsahae/thecherno_opengl,2016-08-01 00:00:00
lauriharpf/thecocktaildb-downloader,2018-02-01 00:00:00
the-friendzone-app/client,
the-friendzone-app/server,
decentralisedkev/CryptoResources,
markadrake/web-ui-sequenced-content,
markadrake/web-ui-css-grids,
buckyroberts/React-Redux-Boilerplate,2016-01-01 00:00:00
buckyroberts/Spider,2016-01-01 00:00:00
buckyroberts/Ella,2016-01-01 00:00:00
buckyroberts/Vataxia,2016-01-01 00:00:00
buckyroberts/Vataxia-Frontend,2016-01-01 00:00:00
buckyroberts/React-Boilerplate,2016-01-01 00:00:00
buckyroberts/angular-2-template,2016-01-01 00:00:00
buckyroberts/JavaScript-Lessons,2016-01-01 00:00:00
buckyroberts/Falcon,2016-01-01 00:00:00
buckyroberts/React-Webpack,2016-01-01 00:00:00
buckyroberts/React-Router-Lessons,2016-01-01 00:00:00
buckyroberts/React-Stock-Analyzer,2016-01-01 00:00:00
CrissGarcia/AppPHP,
jshlw/Five-Nights-at-Freddy-s---The-Silver-Eyes,
svdo/CLJSReactNativeNavigation,
keithsharp/Metal-Tutorial,2015-09-01 00:00:00
thirtybees/thirtybees,2017-12-01 00:00:00
thlorenz/doctoc,1/1/2018 0:00
thlorenz/proxyquire,1/1/2018 0:00
thlorenz/v8-perf,1/1/2018 0:00
thlorenz/brace,1/1/2018 0:00
thlorenz/learnuv,1/1/2018 0:00
thlorenz/deoptigate,1/1/2018 0:00
thlorenz/exorcist,1/1/2018 0:00
thlorenz/replpad,1/1/2018 0:00
thlorenz/libuv-dox,1/1/2018 0:00
thlorenz/browserify-ftw,1/1/2018 0:00
thlorenz/cardinal,1/1/2018 0:00
thlorenz/convert-source-map,1/1/2018 0:00
thlorenz/redeyed,1/1/2018 0:00
thlorenz/peacock,1/1/2018 0:00
thlorenz/hhp,1/1/2018 0:00
thlorenz/async-await-box,1/1/2018 0:00
thlorenz/ispawn,1/1/2018 0:00
thlorenz/ntz,1/1/2018 0:00
nimit95/learnuv-solutions,1/1/2018 0:00
thlorenz/files-provider,1/1/2018 0:00
thomasbnt/Night_PiHole,2018-10-01 00:00:00
thomasbnt/Bord-Pi,2018-10-01 00:00:00
hugomodo/hugomodo-best-motherfucking-website,
hugomodo/hugomodo-shortcode-partials,
hugomodo/hugomodo-fusejs,
hugomodo/hugomodo,
hugomodo/hugomodo-docs,
hugomodo/hugomodo-cookie-consent,
hugomodo/hugomodo-picnic,
hugomodo/hugomodo-milligram,
hugomodo/hugomodo-image-processing,
thomdabeast/java-checkstyle-vscode,
ThorstenHans/ngx-electron,
ThorstenHans/electron-memento,
realthunder/FreeCAD_assembly3,
Cytoid/Cytoid,2018-01-01 00:00:00
timabell/ef-enum-to-lookup,
timetocode/nengi,
VBA-tools/vba-test,2018-08-01 00:00:00
VBA-tools/VBA-UTC,2018-08-01 00:00:00
Timofffee/GodotIRC,
timoschwarzer/gitlab-monitor,
GLAM-Workbench/ozglam-workbench,2017-10-01 00:00:00
GLAM-Workbench/digitalnz,2017-10-01 00:00:00
GLAM-Workbench/trove-newspaper-harvester,2017-10-01 00:00:00
GLAM-Workbench/trove-maps,2017-10-01 00:00:00
GLAM-Workbench/archway-harvesting,2017-10-01 00:00:00
GLAM-Workbench/te-papa-api,2017-10-01 00:00:00
GLAM-Workbench/trove-newspapers,2017-10-01 00:00:00
GLAM-Workbench/trove-books,2017-10-01 00:00:00
GLAM-Workbench/trove-lists,2017-10-01 00:00:00
GLAM-Workbench/trove-api-intro,2017-10-01 00:00:00
GLAM-Workbench/queensland-state-archives,2017-10-01 00:00:00
GLAM-Workbench/library-archives-canada,2017-10-01 00:00:00
GLAM-Workbench/trove-journals,2017-10-01 00:00:00
GLAM-Workbench/australian-commonwealth-hansard,2017-10-01 00:00:00
GLAM-Workbench/recordsearch,2017-10-01 00:00:00
lafiosca/fourheadlines,2018-03-01 00:00:00
gtk-themes/adapta-midnight,
tjhrulz/WebNowPlaying,
tjhrulz/GPMDP-Plugin,
tjhrulz/WebNowPlaying-BrowserExtension,
tjventurini/CrudImage,
Tk-Glitch/PKGBUILDS,2018-11-01 00:00:00
TNovalis/FiveM-ServerManager,
TobiahZ/DanceTogether,
toby3d/smashcast,2017-10-01 00:00:00
toby3d/va,2017-10-01 00:00:00
toby3d/diaspora,2017-10-01 00:00:00
rust-windowing/android-rs-glue,2017-06-01 00:00:00
Smoothieware/Smoothie-video-tutorials,2016-05-01 00:00:00
tonsky/persistent-sorted-set,2018-08-01 00:00:00
tonycpsu/streamglob,2019-03-01 00:00:00
Tonymac32/Board-Geometries,
TonyMaster21/BungeeMaster,
TorchAPI/Torch,2017-02-01 00:00:00
Torvast/T-CORE.FR_3D-Printing-Profiles,
Torvast/ARK-Server-Gnu-Linux,
toshi0383/Bitrise-iOS,
toshi0383/xcconfig-extractor,
mkbreuer/ToolPlus,
mkbreuer/TP-Courier,
trapexit/mergerfs,
trapexit/mergerfs-tools,
trapexit/scorch,
trapexit/bbf,
JayWaddy/JS-DOM,2019-03-01 00:00:00
tridactyl/tridactyl,
trietptm/trietptm.github.io,
supertriodo/Arena-Tracker,2018-01-01 00:00:00
tripl3dogdare/magicka,
simcolony/BecomeASorcerer__Traditional_THAI,2017-07-01 00:00:00
RobertWHurst/Tritium,
tryhtml/themes.tryhtml,
tryhtml/atom-syntax,
tryhtml/atom-ui,
tryhtml/vs-code,
tsoding/nothing,2018-12-01 00:00:00
tsoding/snitch,2018-12-01 00:00:00
tsoding/HyperNerd,2018-12-01 00:00:00
tsoding/multik,2018-12-01 00:00:00
tsoding/mazarusha,2018-12-01 00:00:00
tsoding/nnaskell,2018-12-01 00:00:00
tsoding/poutro,2018-12-01 00:00:00
Thizzer/jtouchbar,
xentriq/xentriq,
Thizzer/jtouchbar-swt,
Thizzer/jtouchbar-javafx,
tulvit/AllMyDrawings,
standard-release/app,
tunnckoCoreLabs/execa,
tunnckoCoreLabs/detect-next-version,
tunnckoCoreLabs/scripts,
tunnckoCoreLabs/charlike,
tunnckoCore/esmc,
tunnckoCoreLabs/new-release,
tunnckoCoreLabs/git-commits-since,
tunnckoCore/flow-reporter-codeframe,
olstenlarck/eslint-config-esmc,
tunnckoCoreLabs/recommended-bump,
olstenlarck/babel-preset-esmc,
standard-release/cli,
hperrin/tunnelgram,2019-01-01 00:00:00
intelligo-systems/intelligo,
intelligo-systems/memorize,
intelligo-systems/memorize-bot,
happypandax/happypandax,
happypandax/desktop,
twoBirds/twobirds-core,
typescene/typescene,
typicode/jsonplaceholder,5/1/2017 0:00
typicode/tlapse,5/1/2017 0:00
typicode/react-fake-props,5/1/2017 0:00
typicode/react-lodash,5/1/2017 0:00
typicode/please-upgrade-node,5/1/2017 0:00
typicode/pkg-ok,5/1/2017 0:00
typicode/pinst,5/1/2017 0:00
lskjs/ux,5/1/2017 0:00
vdorchan/pc-mock,5/1/2017 0:00
ingeniumdesign/indexed_search_autocomplete,
ingeniumdesign/auto_sync_files,
hirocueki/talks-with-polly,
vuejs/vuepress,2019-05-01 00:00:00
ultimape/magic-cubby,
underr-ua/ocmod3-option-equals-sign,
underr-ua/ocmod3-order-invoice-images,
underr-ua/ocmod3-nomail,
underr-ua/ocmod3-filter-by-category,
underr-ua/ocmod3-sort-by-newest,
undiagnosed/p2pdx,
UnexpectedMaker/ReflowMaster,2018-07-01 00:00:00
UnexpectedMaker/ESP32-WROOM32-Dev-Board,2018-07-01 00:00:00
UnexpectedMaker/Neo7Segment,2018-07-01 00:00:00
UnexpectedMaker/TinyDev,2018-07-01 00:00:00
UnexpectedMaker/LaserWifiClock,2018-07-01 00:00:00
UnexpectedMaker/HotWheels,2018-07-01 00:00:00
UnexpectedMaker/Segliment-Display-Example,2018-07-01 00:00:00
UnexpectedMaker/LaserXSegment,2018-07-01 00:00:00
UnexpectedMaker/Laser7Segment,2018-07-01 00:00:00
dynomite567/Uniqulem,
unix121/gmail-generator,
unix121/am-i-pwned,
unix121/polybar-animations,
unix121/sysinfo-minimal,
unix121/clueweb-url-export,
truecrimereview/truecrimepodcasts,
Identihub/Identihub,2016-10-01 00:00:00
NeverSinkDev/NeverSink-Filter,
XanderHorn/autoML,
natewatson999/node-virustotal,
kdbanman/reportify,
HedleyPty/UsandoRmd-Git,
quorum12/floridamen_v2,
quorum12/floridamen,
paulpach/ummorpg_mysql,
Map-A-Droid/MAD,
ZabojczyBuldog56/zabojczy-bot,
mmatyas/pegasus-frontend,
j3k0/cordova-plugin-purchase,2019-05-01 00:00:00
pixelwhipped/SuperGameSystemBasic,
darkalchemy/Pu-239,
darkalchemy/Pu-239-Installer,
nathanwoulfe/Plumber,
zakariaGatter/Gatter_Linux,
emanuelen5/Word-highlighter,
codesandbox/codesandbox-client,2019-02-01 00:00:00
ericmann/wp-session-manager,
50Death/Spider-Tools,
50Death/Spider-SlimAPP,
50Death/Security-Tools,
nimaid/LPHK,2018-12-01 00:00:00
OpenZWave/Zwave2Mqtt,
robertsLando/Mqtt2Mqtt,
petazeta/youronlineshop,
petazeta/dbmanager,
PhantomOwl404/Desktop-Awoo,
iohzrd/follow,
VBA-Libraries/common-utilities,
BigThonkers/LaTeX-Mitschriebe-Semester-4,
fernastereo/curaduria,
zz5840/pixijs-doc-chinese,2016-01-01 00:00:00
shahramkazi/ShahRep,
Just-Some-Bots/ModTools,
DaizNaew/discordJSBot,
os-js/os-js.org,
andersevenrud/osjs-debian,
os-js/osjs-wireless-tools-provider,
os-js/osjs-installers,
os-js/osjs-vnc-application,
os-js/osjs-freedesktop-sounds,
os-js/osjs-webodf-application,
os-js/OS.js-games,
os-js/osjs-example-provider,
os-js/osjs-epub-application,
os-js/builds.os-js.org,
os-js/osjs-example-vue-application,
os-js/manual.os-js.org,
os-js/osjs-ftp-adapter,
os-js/osjs-json-config-cli,
os-js/osjs-event-emitter,
os-js/osjs-gdrive-adapter,
os-js/osjs-proc-provider,
os-js/osjs-webdav-adapter,
os-js/osjs-writer-application,
os-js/osjs-example-react-application,
os-js/osjs-windows8-theme,
os-js/osjs-settings-application,
bvaughn/react-virtualized-select,
AlmuraDev/Swappa,
daveozoalor/framework7-Hackathon-Starter,
abdullaBest/COSMOS,
emacs-elsa/Elsa,
Fuco1/smartparens,
Fuco1/dired-hacks,
Fuco1/litable,
marcus-campos/Devyzi-Framework,
tjg1/nori,
WarriorUnit/Dimensional-Tales,
AeonGames/AeonEngine,
geekgirljoy/OCR_Neural_Network,
joequant/bitquant,2016-08-01 00:00:00
joequant/bitquant-local,2016-08-01 00:00:00
TylerGubala/blenderpy,
jasonknight/gobay,
jasonknight/woo2ebay,
Irrelon/ForerunnerDB,
irrelon/ForerunnerDB,
hackforthesea/resources,
ArtemGr/pg_async.rs,
ArtemGr/vtd_xml.rs,
PopGoesTheWza/swgoh-help-api,
DevOnTheRocks/StickyChunk,
AlexandreBonneau/devSnaps-back,
AlexandreBonneau/devSnaps,
nextcloud/passman-webextension,
thereactivestack-legacy/meteor-react-router-ssr,
copleykj/meteor-socialize-demo,
Meteor-Community-Packages/react-router-ssr,
copleykj/socialize-server-presence,
eezstreet/SWATEliteForce,
phreaknation/system.plugin,
phreaknation/phaserwebcomponents,
phreaknation/generator.sprite,
phreaknation/phreaknation.utilities,
phreaknation/plugin.localemanager,
phreaknation/generator.tilemap,
Impulse87/ATLAS-CustomItemStacks,2017-04-01 00:00:00
Impulse87/ATLAS-RawTravelDataCleaner,2017-04-01 00:00:00
gerfra/GuetzliBG,
be5invis/Iosevka,2017-04-01 00:00:00
mdeguzis/SteamOS-Tools,
haleyashleypraesent/ProjectPrionosuchus,
Syncleus/qoto,
kaniini/mastodon-hardened,
nem0/lent,
aalmiray/markdown-gradle-plugin,
jvm-graphics-labs/modern-jogl-examples,2017-12-01 00:00:00
streamaserver/streama,
funo-bot/Funo,
still-dreaming-1/PurposefulPhp,
amareharuno/KP-Android,
amareharuno/4k7s-POMS-KP,
fkavum/NetworkSolution,2017-11-01 00:00:00
fkavum/Kay-Net,2017-11-01 00:00:00
Mxrck/laravel-dboptions,
JonnyBoy2000/Kira-Public,
JonnyBoy2000/Kira-Example,
BenBrostoff/draftfast,
cdorst/Project.Index,
cdorst/App.Prototype,
tullamods/Combuctor,
bourgesl/marlin-renderer,2018-02-01 00:00:00
Tryllemann/ViksUI,2018-08-01 00:00:00
rhittm/rhittm,
JouzaLoL/express-json-validator-middleware,
valasek/timesheet,
nrgribeiro/react-redux-saga,
Vampyr7878/HelmHide,
Vampyr7878/JunkRemover,
Vampyr7878/TransmogOutfits,
Vampyr7878/ChooseMount,
Vampyr7878/CharacterFavoriteMounts,
Vampyr7878/StatPriority,
vanyasem/Unity8-Arch,2018-06-01 00:00:00
PapirusDevelopmentTeam/papirus-icon-theme,2018-03-01 00:00:00
vbilopav/vbjs,
vbilopav/vbjs-todo,
vdrhtc/InLaTeXbot,
VeeThree/Yuki,
TomGrobbe/vMenu,
danger/design,2015-08-01 00:00:00
gapadana/esx_supermarket,
VidYen/VidYen-Kremlin-Blocks,2019-01-01 00:00:00
VidYen/VYPS-Video-Poker,2019-01-01 00:00:00
viktorgino/headunit-desktop,
vinhnx/Ciapre-Xcode-theme,
vinhnx/iOS-Toolbox,
vinhnx/Ciapre.tmTheme,
gabrielavmattos/tech-books,2019-01-01 00:00:00
virtuallynaked/virtually-naked,2017-10-01 00:00:00
onyxframework/http,2018-09-01 00:00:00
onyxframework/sql,2018-09-01 00:00:00
onyxframework/onyx,2018-09-01 00:00:00
vladfaust/unity-wakatime,2018-09-01 00:00:00
vladfaust/migrate.cr,2018-09-01 00:00:00
vladfaust/http-multiserver.cr,2018-09-01 00:00:00
vladfaust/i18n.cr,2018-09-01 00:00:00
vladfaust/http-params-serializable,2018-09-01 00:00:00
vladfaust/tarantool.cr,2018-09-01 00:00:00
vladfaust/validations.cr,2018-09-01 00:00:00
vladfaust/callbacks.cr,2018-09-01 00:00:00
vladfaust/mini_redis,2018-09-01 00:00:00
onyxframework/eda,2018-09-01 00:00:00
vladfaust/cake-bake,2018-09-01 00:00:00
vladfaust/timer.cr,2018-09-01 00:00:00
vladfaust/time_format.cr,2018-09-01 00:00:00
framework7io/framework7,10/1/2016 0:00
nolimits4web/Framework7,10/1/2016 0:00
framework7io/framework7-vue,10/1/2016 0:00
nolimits4web/template7,10/1/2016 0:00
nolimits4web/Template7,10/1/2016 0:00
framework7io/framework7-icons,10/1/2016 0:00
nolimits4web/Framework7-Icons,10/1/2016 0:00
nolimits4web/dom7,10/1/2016 0:00
nolimits4web/Dom7,10/1/2016 0:00
nolimits4web/Framework7-Keypad,10/1/2016 0:00
framework7io/framework7-plugin-keypad,10/1/2016 0:00
framework7io/framework7-plugin-3d-panels,10/1/2016 0:00
framework7io/framework7-plugin-feeds,10/1/2016 0:00
framework7io/framework7-recipes,10/1/2016 0:00
nulllogic/aws-shopify-serverless-go-app,
voku/anti-xss,
voku/portable-utf8,
voku/Arrayy,
voku/HtmlMin,
voku/simple-cache,
voku/email-check,
voku/simple-active-record,
voku/HtmlFormValidator,
voldemortensen/auto-tab-close,2018-03-01 00:00:00
volundmush/mushcode,2017-11-01 00:00:00
volundmush/athanor,2017-11-01 00:00:00
vorburger/MariaDB4j,
Vouk/voukoder,2018-07-01 00:00:00
Reality-Virtually-Hackathon/Proxemix,2018-07-01 00:00:00
pierreee1/VSC_RL,
vuetifyjs/vuetify,10/1/2017 0:00
itemsets/vue2,2018-04-01 00:00:00
DextApp/dext,
vutran/dext,
vutran/omnibar,
vutran/vzl,
vutran/preact-codemod,
vutran/react-jsonschema,
vykhodsily/VS001,2017-01-01 00:00:00
vykhodsily/VS002,2017-01-01 00:00:00
vykhodsily/VSR003,2017-01-01 00:00:00
w3develops/w3develops,
ncorbuk/Python-Keylogger,
ncorbuk/Google-Chrome-Browser-Database-Hack,
ncorbuk/Python---Email-Bomber,
ncorbuk/SubZone,
ncorbuk/CSub-subdomain-scanner,
ncorbuk/Python-Tutorial---Locate-users-address-from-IP-Code-Walk-through-Hacking-Info-Sec-,
ncorbuk/Python-LRU-Cache,
ncorbuk/Python-Tutorial---Looking-Glass-v1.00-Create-a-SIMPLE-username-DOXer-Hacking-Info-Sec-,
ncorbuk/Python-Motion-Detection-system,
ncorbuk/Python-Tutorial---Rock-Paper-Scissors---Text-Based-Game--,
ncorbuk/Python-Tutorial-Zip-Cracker-Bruteforce-Hacking-Info-Sec,
ncorbuk/Python-tutorial---Selenium-setup---Code-Walk-through,
ncorbuk/Python-Tutorial---Dictionaries-Hash-Table-Hash-Map-Code-Walk-through-,
ncorbuk/Python-Simple-port-scanner-Tutorial-Code-Walk-through-,
Racker96/-Google-Chrome-Browser-Database-Hack,
MrLast98/WakeBlock,2018-12-01 00:00:00
War3Evo/War3Source-EVO,
Zenrac/watora-translations,2017-09-01 00:00:00
AniTrend/anitrend-app,2018-04-01 00:00:00
AniTrend/anitrend-v2,2018-04-01 00:00:00
wbotelhos/raty,
wbotelhos/rating,
wbotelhos/normalizy,
wbotelhos/complety,
wbotelhos/modaly,
wbotelhos/inplace,
wbotelhos/voting,
wbotelhos/chef-ruby,
wbotelhos/chef-rsyslog,
wbotelhos/flipy,
wbotelhos/chef-imagemagick,
wbotelhos/chef-unicorn,
WeakAuras/WeakAuras-Companion,2016-05-01 00:00:00
Webendorg/CloudUp,
fredsted/webhook.site,2018-05-01 00:00:00
Zemanzo/web-marbles,
wessberg/Polyfiller,
wessberg/polyfiller,
wessberg/rollup-plugin-ts,
wessberg/ts-evaluator,
wessberg/scroll-behavior-polyfill,
wessberg/color,
wessberg/cjs-to-esm-transformer,
wessberg/browserslist-generator,
fovea-org/fovea,
wessberg/DI,
wessberg/intl-list-format,
wessberg/intl-relative-time-format,
wessberg/connection-observer,
wessberg/pointer-events,
wessberg/marshaller,
wessberg/scaffold,
wessberg/stringutil,
wessberg/sass-extended-import-resolve,
wessberg/arrayutil,
wessberg/DI-compiler,
PassTheWessel/kirbe,
PassTheWessel/lumah,
PassTheWessel/nabbit,
olundin/surviving-it,2017-10-01 00:00:00
simcolony/WickedWhims_Traditional_THAI,2017-01-01 00:00:00
willbchang/donation,
OpenAPITools/openapi-generator,
AbdelfattahRadwan/Random-Weapon-Generator-For-Unity,
withfatpanda/bamboo,
withfatpanda/bugsnag-mini-php,
WithoutHaste/WithoutHaste.DataFiles,
WithoutHaste/EarlyDocs,
WithoutHaste/TamarinTaskManager,
WithoutHaste/AllProjects,
WithoutHaste/WithoutHaste.Drawing.Colors,
WithoutHaste/PerpetualPaint,
WithoutHaste/WithoutHaste.Drawing.Shapes,
WithoutHaste/WithoutHaste.Windows.GUI,
wiwasolvet/wiwasolvet,
bjdlbg/Qt-Group6ChatRoom,2017-09-01 00:00:00
woelper/smartplug,
jadonwolffs/jadonwolffs.github.io,
wordbots/wordbots-core,2017-04-01 00:00:00
wordbots/wordbots-parser,2017-04-01 00:00:00
PKISharp/win-acme,2019-01-01 00:00:00
wowstack/docker-classic-server,
wowstack/classic-server,
wowstack/php-dbc-parser,
wowstack/containers,
wpscanteam/wpscan,2018-07-01 00:00:00
Topener/titanium-modules,
Topener/authenticatedImageView,
writeas/Read.as,2019-02-01 00:00:00
wspr/unicode-math,
ErikBjare/KnowTree,2017-08-01 00:00:00
xAranaktu/FIFA-19---Career-Mode-Cheat-Table,2018-10-01 00:00:00
xAranaktu/FIFA-18---Career-Mode-Cheat-Table,2018-10-01 00:00:00
xCONFLiCTiONx/GHelper,
xCONFLiCTiONx/MenuTools,
xCONFLiCTiONx/Steam-Launcher,
xCONFLiCTiONx/ShadowEx,
xCONFLiCTiONx/TransLucency,
xCONFLiCTiONx/GClient,
xCONFLiCTiONx/StickyPad,
xCONFLiCTiONx/NightMode,
redsolution/xabber-android,2017-09-01 00:00:00
redsolution/xabber-web,2017-09-01 00:00:00
xahlee/xah-fly-keys,2017-07-01 00:00:00
pedohorse/educational-hips,2018-09-01 00:00:00
xenia-project/xenia,2018-04-01 00:00:00
IceTDrinker/xenia-canary,2018-04-01 00:00:00
xenko3d/xenko,2018-06-01 00:00:00
Beefr/xenko-wd,2018-06-01 00:00:00
LiteOnE/Steam-Scripts,
qusly/qusly,
Xonshiz/comic-dl,2017-10-01 00:00:00
Xonshiz/anime-dl,2017-10-01 00:00:00
Xonshiz/CoManga,2017-10-01 00:00:00
Xonshiz/SolidFiles-Downloader,2017-10-01 00:00:00
Xonshiz/ComicPub,2017-10-01 00:00:00
XorTroll/Goldleaf,
xrpinnovations/node-red-contrib-xrpl,
XuaTheGrate/Adventure,
jonas747/yagpdb-docs,2017-12-01 00:00:00
yairm210/UnCiv,
yajra/laravel-oci8,2016-10-01 00:00:00
yajra/laravel-datatables-buttons,2016-10-01 00:00:00
yajra/laravel-datatables-html,2016-10-01 00:00:00
yajra/laravel-datatables-fractal,2016-10-01 00:00:00
yajra/laravel-datatables-editor,2016-10-01 00:00:00
yajra/datatables,2016-10-01 00:00:00
yajra/laravel-disqus,2016-10-01 00:00:00
yajra/laravel-auditable,2016-10-01 00:00:00
yajra/laravel-address,2016-10-01 00:00:00
universal-word/universal-word,
yedhrab/IstanbulUniversity-CE,
yedhrab/YBilgiler,
melling/design_inspiration_2018,2017-12-01 00:00:00
Yilber/readme-boilerplate,
huyingjie/Checklist-Checklist,
huyingjie/Awesome-shiny-apps-for-statistics,
huyingjie/must-watch-must-watch,
huyingjie/awesome-lifehack-calculators,
huyingjie/gumroad-plan-calculator,
huyingjie/notebook,
huyingjie/algorithm,
huyingjie/theLocalWeather,
huyingjie/randomquotemachine,
huyingjie/projects-page,
huyingjie/tribute-zhugeliang,
joaopedrodcf/yokaidex,
yorikvanhavre/BIM_Workbench,2016-07-01 00:00:00
chulman444/my_clip_my_money,
snafuPop/yshtola,
yuhr/langue,
yuhr/langue.link,
yusufshakeel/dyIcons,
yusufshakeel/reactjs-project,
yusufshakeel/dyYouTubeLazyLoadJS,
Yuudaari/fabricate,
uta-org/jekyll-patreon,
uta-org/uzLib.Lite,
uta-org/jekyll-scheduler,
uta-org/GitUtils,
uta-org/artwork,
zacanger/styled-reset,
zacanger/profane-words,
zacanger/koa-modern-router,
zacanger/md2conf,
zacanger/path-normalize,
zacanger/fetchenv,
zacanger/is-program-installed,
zacanger/send-tweet,
zacanger/lnx,
zacanger/is-module-installed,
zacanger/sortpack,
zacanger/some.audio,
zacanger/cracklibjs,
zacanger/react-router-path-normalize,
zacanger/boring-cluster,
zacanger/get-open-pull-requests,
zacanger/angrplayr,
zapalm/prestashopSecurityVulnerabilityChecker,
zapalm/zivosite,
zapalm/blockcounterz,
zapalm/curlHelper,
zapalm/psdiag,
zapalm/requestProxy,
zapalm/fileUploadHelper,
zapalm/yobitApi,
ZeeCoder/container-query,
Zeks/flipper,2019-02-01 00:00:00
NecropolisModding/AbraxisToolset,
NecropolisModding/AbraxisToolsetInstaller,
zero1five/gate-watcher,
zerobias/effector,2019-01-01 00:00:00
zet23t/td2play,2017-11-01 00:00:00
ZeusAFK/webverify2,
Zeeex/XTR-Toolbox,
miaoqihu/hello-code,
zloirock/core-js,
julianrubisch/maxy-gen,2018-03-01 00:00:00
Hadrianxx/DFS-Analytics-Toolbox,
saleina/SaleinaCMS,
rubyreferences/rubyref,2018-12-01 00:00:00
rubyreferences/rubychanges,2018-12-01 00:00:00
zverok/my-ruby-contributions,2018-12-01 00:00:00
RyanBayne/TwitchPress,2017-04-01 00:00:00
RyanBayne/TwitchPress-DeepBot-Extension,2017-04-01 00:00:00
RyanBayne/TwitchPress-Streamtip-Extension,2017-04-01 00:00:00
RyanBayne/TwitchPress-Patreon-Extension,2017-04-01 00:00:00
RyanBayne/TwitchPress-Commands-Manager,2017-04-01 00:00:00
RyanBayne/TwitchPress-Xbox-API,2017-04-01 00:00:00
RyanBayne/TwitchPress-Steam-API,2017-04-01 00:00:00
RyanBayne/TwitchPress-Team-Extension,2017-04-01 00:00:00
RyanBayne/TwitchPress-PayPal-Extension,2017-04-01 00:00:00
RyanBayne/TwitchPress-YouTube-Extension,2017-04-01 00:00:00
RyanBayne/TwitchPress-Streamlabs-Extension,2017-04-01 00:00:00
RyanBayne/WordPress-Twitch-Bot,2017-04-01 00:00:00
RyanBayne/TwitchPress-Login-Extension,2017-04-01 00:00:00
RyanBayne/TwitchPress-Moderator-Tools,2017-04-01 00:00:00
RyanBayne/TwitchPress-Ultimate-Member-Extension,2017-04-01 00:00:00
RyanBayne/TwitchPress-for-BuddyPress,2017-04-01 00:00:00
RyanBayne/TwitchPress-Reddit-API,2017-04-01 00:00:00
RyanBayne/TwitchPress-Discord-Extension,2017-04-01 00:00:00
RyanBayne/TwitchPress-Embed-Everything,2017-04-01 00:00:00
protolabs/libcarbon,
KonradIT/CamControl,
AbtzLabs/vue-start-kit,
andersevenrud/osjs-ldap-auth,
jDevxyz/boilerplate-webserver,
JarbasAl/station-fall-game-skill,
lee-yunseok/Lee-Yunseok.github.io,
fruithost/Panel,
macmade/XEOS-boot,
teejee2008/polo,
teejee2008/aptik,
teejee2008/selene,
teejee2008/groot,
teejee2008/aptik-legacy,
teejee2008/aptik-gtk,
Fae/fae,
divyanshujain12/sqlite-nativescript,2/1/2018 0:00
abozanona/nativescript-zxing,2/1/2018 0:00
KronicDeth/intellij-elixir,
bkimminich/juice-shop,
wzhaomail/testjupyter,2017-05-01 00:00:00
DongCai008/redux-form,7/1/2016 0:00
reddec/monexec,
seraphinush-gaming/fps-utils-lite,
StormFX/Masque_Entropy,
YunoGasaiBot/selfbot,2019-05-01 00:00:00
caronc/pynzbget,
smile-xhm/autoNumeric_reimbs,
aceraven777/laracasts-learn-vue2,2018-07-01 00:00:00
svrooij/smartmeter2mqtt,
doowb/ansi-colors,
chillerlan/php-oauth,
chillerlan/php-oauth-patreon,
Favna/Dexa,2019-05-01 00:00:00
braytonstafford/google-assistant-relay,
pollyzoid/Bagnon_Garbage,
aboodman/dot-donate,
bevry-archive/goopen,
60devs/awesome-crowdfunding-services,
Franklonchas/OMDb-WebServiceFilms,2019-03-01 00:00:00
goxr3plus/JavaFX-Chromium-Browser-Basic-Tutorial,
pichillilorenzo/JavaScriptEnhancements,
pichillilorenzo/flutter_inappbrowser,
ReckTy/Steam-Quick-Switch,
alexeiaccio/foliobot,
agoldcheidt/Universal-Image-Generator-for-Berryboot,
CasjaysDev/rpm-devel,
CasjaysDev/bash-podcast-downloader,
eamodio/vscode-gitlens,
czproject/git-php,
czproject/phpdepend,
czproject/phpcli,
inteve/simple-image-storage,
czproject/pdf-rotate,
czproject/configuration,
czproject/sql-generator,
czproject/sql-schema,
czproject/csv-iterator,
czproject/runner,
czproject/plsgenerator,
czproject/dependency-php,
czproject/arrays,
czproject/events,
czproject/assert,
czproject/logger,
webgen-org/webgen,
kkthnx-wow/KkthnxUI,2017-02-01 00:00:00
Toxblh/MTMR,
cohradoesr/noob,2018-03-01 00:00:00
i-w-e-e-d/pihole,2018-05-01 00:00:00
Vue-cd/vue,3/1/2016 0:00
rocksolid-china/vuetify,10/1/2017 0:00
Miloudi-Imad/moyen,
casbin/casbin,
FriendsOfFlarum/byobu,
DevOpsTerminal/frontend,1/1/2017 0:00
dimitri-a/fieldarray_sample,7/1/2016 0:00
dimitri-a/redux-form-dispatch-error,7/1/2016 0:00
xiehuiyue/hass,
LibbyJax/dsUltra,2019-02-01 00:00:00
awesome-emacs/cider,2017-12-01 00:00:00
nopphasinara/sweet-alerts,
